country,date,Official exchange rate
Africa Eastern and Southern,2023,
Africa Eastern and Southern,2022,
Africa Eastern and Southern,2021,
Africa Eastern and Southern,2020,
Africa Eastern and Southern,2019,
Africa Eastern and Southern,2018,
Africa Eastern and Southern,2017,
Africa Eastern and Southern,2016,
Africa Eastern and Southern,2015,
Africa Eastern and Southern,2014,
Africa Eastern and Southern,2013,
Africa Eastern and Southern,2012,
Africa Eastern and Southern,2011,
Africa Eastern and Southern,2010,
Africa Eastern and Southern,2009,
Africa Eastern and Southern,2008,
Africa Eastern and Southern,2007,
Africa Eastern and Southern,2006,
Africa Eastern and Southern,2005,
Africa Eastern and Southern,2004,
Africa Eastern and Southern,2003,
Africa Eastern and Southern,2002,
Africa Eastern and Southern,2001,
Africa Eastern and Southern,2000,
Africa Eastern and Southern,1999,
Africa Eastern and Southern,1998,
Africa Eastern and Southern,1997,
Africa Eastern and Southern,1996,
Africa Eastern and Southern,1995,
Africa Eastern and Southern,1994,
Africa Eastern and Southern,1993,
Africa Eastern and Southern,1992,
Africa Eastern and Southern,1991,
Africa Eastern and Southern,1990,
Africa Eastern and Southern,1989,
Africa Eastern and Southern,1988,
Africa Eastern and Southern,1987,
Africa Eastern and Southern,1986,
Africa Eastern and Southern,1985,
Africa Eastern and Southern,1984,
Africa Eastern and Southern,1983,
Africa Eastern and Southern,1982,
Africa Eastern and Southern,1981,
Africa Eastern and Southern,1980,
Africa Eastern and Southern,1979,
Africa Eastern and Southern,1978,
Africa Eastern and Southern,1977,
Africa Eastern and Southern,1976,
Africa Eastern and Southern,1975,
Africa Eastern and Southern,1974,
Africa Eastern and Southern,1973,
Africa Eastern and Southern,1972,
Africa Eastern and Southern,1971,
Africa Eastern and Southern,1970,
Africa Eastern and Southern,1969,
Africa Eastern and Southern,1968,
Africa Eastern and Southern,1967,
Africa Eastern and Southern,1966,
Africa Eastern and Southern,1965,
Africa Eastern and Southern,1964,
Africa Eastern and Southern,1963,
Africa Eastern and Southern,1962,
Africa Eastern and Southern,1961,
Africa Eastern and Southern,1960,
Africa Western and Central,2023,
Africa Western and Central,2022,
Africa Western and Central,2021,
Africa Western and Central,2020,
Africa Western and Central,2019,
Africa Western and Central,2018,
Africa Western and Central,2017,
Africa Western and Central,2016,
Africa Western and Central,2015,
Africa Western and Central,2014,
Africa Western and Central,2013,
Africa Western and Central,2012,
Africa Western and Central,2011,
Africa Western and Central,2010,
Africa Western and Central,2009,
Africa Western and Central,2008,
Africa Western and Central,2007,
Africa Western and Central,2006,
Africa Western and Central,2005,
Africa Western and Central,2004,
Africa Western and Central,2003,
Africa Western and Central,2002,
Africa Western and Central,2001,
Africa Western and Central,2000,
Africa Western and Central,1999,
Africa Western and Central,1998,
Africa Western and Central,1997,
Africa Western and Central,1996,
Africa Western and Central,1995,
Africa Western and Central,1994,
Africa Western and Central,1993,
Africa Western and Central,1992,
Africa Western and Central,1991,
Africa Western and Central,1990,
Africa Western and Central,1989,
Africa Western and Central,1988,
Africa Western and Central,1987,
Africa Western and Central,1986,
Africa Western and Central,1985,
Africa Western and Central,1984,
Africa Western and Central,1983,
Africa Western and Central,1982,
Africa Western and Central,1981,
Africa Western and Central,1980,
Africa Western and Central,1979,
Africa Western and Central,1978,
Africa Western and Central,1977,
Africa Western and Central,1976,
Africa Western and Central,1975,
Africa Western and Central,1974,
Africa Western and Central,1973,
Africa Western and Central,1972,
Africa Western and Central,1971,
Africa Western and Central,1970,
Africa Western and Central,1969,
Africa Western and Central,1968,
Africa Western and Central,1967,
Africa Western and Central,1966,
Africa Western and Central,1965,
Africa Western and Central,1964,
Africa Western and Central,1963,
Africa Western and Central,1962,
Africa Western and Central,1961,
Africa Western and Central,1960,
Arab World,2023,
Arab World,2022,
Arab World,2021,
Arab World,2020,
Arab World,2019,
Arab World,2018,
Arab World,2017,
Arab World,2016,
Arab World,2015,
Arab World,2014,
Arab World,2013,
Arab World,2012,
Arab World,2011,
Arab World,2010,
Arab World,2009,
Arab World,2008,
Arab World,2007,
Arab World,2006,
Arab World,2005,
Arab World,2004,
Arab World,2003,
Arab World,2002,
Arab World,2001,
Arab World,2000,
Arab World,1999,
Arab World,1998,
Arab World,1997,
Arab World,1996,
Arab World,1995,
Arab World,1994,
Arab World,1993,
Arab World,1992,
Arab World,1991,
Arab World,1990,
Arab World,1989,
Arab World,1988,
Arab World,1987,
Arab World,1986,
Arab World,1985,
Arab World,1984,
Arab World,1983,
Arab World,1982,
Arab World,1981,
Arab World,1980,
Arab World,1979,
Arab World,1978,
Arab World,1977,
Arab World,1976,
Arab World,1975,
Arab World,1974,
Arab World,1973,
Arab World,1972,
Arab World,1971,
Arab World,1970,
Arab World,1969,
Arab World,1968,
Arab World,1967,
Arab World,1966,
Arab World,1965,
Arab World,1964,
Arab World,1963,
Arab World,1962,
Arab World,1961,
Arab World,1960,
Caribbean small states,2023,
Caribbean small states,2022,
Caribbean small states,2021,
Caribbean small states,2020,
Caribbean small states,2019,
Caribbean small states,2018,
Caribbean small states,2017,
Caribbean small states,2016,
Caribbean small states,2015,
Caribbean small states,2014,
Caribbean small states,2013,
Caribbean small states,2012,
Caribbean small states,2011,
Caribbean small states,2010,
Caribbean small states,2009,
Caribbean small states,2008,
Caribbean small states,2007,
Caribbean small states,2006,
Caribbean small states,2005,
Caribbean small states,2004,
Caribbean small states,2003,
Caribbean small states,2002,
Caribbean small states,2001,
Caribbean small states,2000,
Caribbean small states,1999,
Caribbean small states,1998,
Caribbean small states,1997,
Caribbean small states,1996,
Caribbean small states,1995,
Caribbean small states,1994,
Caribbean small states,1993,
Caribbean small states,1992,
Caribbean small states,1991,
Caribbean small states,1990,
Caribbean small states,1989,
Caribbean small states,1988,
Caribbean small states,1987,
Caribbean small states,1986,
Caribbean small states,1985,
Caribbean small states,1984,
Caribbean small states,1983,
Caribbean small states,1982,
Caribbean small states,1981,
Caribbean small states,1980,
Caribbean small states,1979,
Caribbean small states,1978,
Caribbean small states,1977,
Caribbean small states,1976,
Caribbean small states,1975,
Caribbean small states,1974,
Caribbean small states,1973,
Caribbean small states,1972,
Caribbean small states,1971,
Caribbean small states,1970,
Caribbean small states,1969,
Caribbean small states,1968,
Caribbean small states,1967,
Caribbean small states,1966,
Caribbean small states,1965,
Caribbean small states,1964,
Caribbean small states,1963,
Caribbean small states,1962,
Caribbean small states,1961,
Caribbean small states,1960,
Central Europe and the Baltics,2023,
Central Europe and the Baltics,2022,
Central Europe and the Baltics,2021,
Central Europe and the Baltics,2020,
Central Europe and the Baltics,2019,
Central Europe and the Baltics,2018,
Central Europe and the Baltics,2017,
Central Europe and the Baltics,2016,
Central Europe and the Baltics,2015,
Central Europe and the Baltics,2014,
Central Europe and the Baltics,2013,
Central Europe and the Baltics,2012,
Central Europe and the Baltics,2011,
Central Europe and the Baltics,2010,
Central Europe and the Baltics,2009,
Central Europe and the Baltics,2008,
Central Europe and the Baltics,2007,
Central Europe and the Baltics,2006,
Central Europe and the Baltics,2005,
Central Europe and the Baltics,2004,
Central Europe and the Baltics,2003,
Central Europe and the Baltics,2002,
Central Europe and the Baltics,2001,
Central Europe and the Baltics,2000,
Central Europe and the Baltics,1999,
Central Europe and the Baltics,1998,
Central Europe and the Baltics,1997,
Central Europe and the Baltics,1996,
Central Europe and the Baltics,1995,
Central Europe and the Baltics,1994,
Central Europe and the Baltics,1993,
Central Europe and the Baltics,1992,
Central Europe and the Baltics,1991,
Central Europe and the Baltics,1990,
Central Europe and the Baltics,1989,
Central Europe and the Baltics,1988,
Central Europe and the Baltics,1987,
Central Europe and the Baltics,1986,
Central Europe and the Baltics,1985,
Central Europe and the Baltics,1984,
Central Europe and the Baltics,1983,
Central Europe and the Baltics,1982,
Central Europe and the Baltics,1981,
Central Europe and the Baltics,1980,
Central Europe and the Baltics,1979,
Central Europe and the Baltics,1978,
Central Europe and the Baltics,1977,
Central Europe and the Baltics,1976,
Central Europe and the Baltics,1975,
Central Europe and the Baltics,1974,
Central Europe and the Baltics,1973,
Central Europe and the Baltics,1972,
Central Europe and the Baltics,1971,
Central Europe and the Baltics,1970,
Central Europe and the Baltics,1969,
Central Europe and the Baltics,1968,
Central Europe and the Baltics,1967,
Central Europe and the Baltics,1966,
Central Europe and the Baltics,1965,
Central Europe and the Baltics,1964,
Central Europe and the Baltics,1963,
Central Europe and the Baltics,1962,
Central Europe and the Baltics,1961,
Central Europe and the Baltics,1960,
Early-demographic dividend,2023,
Early-demographic dividend,2022,
Early-demographic dividend,2021,
Early-demographic dividend,2020,
Early-demographic dividend,2019,
Early-demographic dividend,2018,
Early-demographic dividend,2017,
Early-demographic dividend,2016,
Early-demographic dividend,2015,
Early-demographic dividend,2014,
Early-demographic dividend,2013,
Early-demographic dividend,2012,
Early-demographic dividend,2011,
Early-demographic dividend,2010,
Early-demographic dividend,2009,
Early-demographic dividend,2008,
Early-demographic dividend,2007,
Early-demographic dividend,2006,
Early-demographic dividend,2005,
Early-demographic dividend,2004,
Early-demographic dividend,2003,
Early-demographic dividend,2002,
Early-demographic dividend,2001,
Early-demographic dividend,2000,
Early-demographic dividend,1999,
Early-demographic dividend,1998,
Early-demographic dividend,1997,
Early-demographic dividend,1996,
Early-demographic dividend,1995,
Early-demographic dividend,1994,
Early-demographic dividend,1993,
Early-demographic dividend,1992,
Early-demographic dividend,1991,
Early-demographic dividend,1990,
Early-demographic dividend,1989,
Early-demographic dividend,1988,
Early-demographic dividend,1987,
Early-demographic dividend,1986,
Early-demographic dividend,1985,
Early-demographic dividend,1984,
Early-demographic dividend,1983,
Early-demographic dividend,1982,
Early-demographic dividend,1981,
Early-demographic dividend,1980,
Early-demographic dividend,1979,
Early-demographic dividend,1978,
Early-demographic dividend,1977,
Early-demographic dividend,1976,
Early-demographic dividend,1975,
Early-demographic dividend,1974,
Early-demographic dividend,1973,
Early-demographic dividend,1972,
Early-demographic dividend,1971,
Early-demographic dividend,1970,
Early-demographic dividend,1969,
Early-demographic dividend,1968,
Early-demographic dividend,1967,
Early-demographic dividend,1966,
Early-demographic dividend,1965,
Early-demographic dividend,1964,
Early-demographic dividend,1963,
Early-demographic dividend,1962,
Early-demographic dividend,1961,
Early-demographic dividend,1960,
East Asia & Pacific,2023,
East Asia & Pacific,2022,
East Asia & Pacific,2021,
East Asia & Pacific,2020,
East Asia & Pacific,2019,
East Asia & Pacific,2018,
East Asia & Pacific,2017,
East Asia & Pacific,2016,
East Asia & Pacific,2015,
East Asia & Pacific,2014,
East Asia & Pacific,2013,
East Asia & Pacific,2012,
East Asia & Pacific,2011,
East Asia & Pacific,2010,
East Asia & Pacific,2009,
East Asia & Pacific,2008,
East Asia & Pacific,2007,
East Asia & Pacific,2006,
East Asia & Pacific,2005,
East Asia & Pacific,2004,
East Asia & Pacific,2003,
East Asia & Pacific,2002,
East Asia & Pacific,2001,
East Asia & Pacific,2000,
East Asia & Pacific,1999,
East Asia & Pacific,1998,
East Asia & Pacific,1997,
East Asia & Pacific,1996,
East Asia & Pacific,1995,
East Asia & Pacific,1994,
East Asia & Pacific,1993,
East Asia & Pacific,1992,
East Asia & Pacific,1991,
East Asia & Pacific,1990,
East Asia & Pacific,1989,
East Asia & Pacific,1988,
East Asia & Pacific,1987,
East Asia & Pacific,1986,
East Asia & Pacific,1985,
East Asia & Pacific,1984,
East Asia & Pacific,1983,
East Asia & Pacific,1982,
East Asia & Pacific,1981,
East Asia & Pacific,1980,
East Asia & Pacific,1979,
East Asia & Pacific,1978,
East Asia & Pacific,1977,
East Asia & Pacific,1976,
East Asia & Pacific,1975,
East Asia & Pacific,1974,
East Asia & Pacific,1973,
East Asia & Pacific,1972,
East Asia & Pacific,1971,
East Asia & Pacific,1970,
East Asia & Pacific,1969,
East Asia & Pacific,1968,
East Asia & Pacific,1967,
East Asia & Pacific,1966,
East Asia & Pacific,1965,
East Asia & Pacific,1964,
East Asia & Pacific,1963,
East Asia & Pacific,1962,
East Asia & Pacific,1961,
East Asia & Pacific,1960,
East Asia & Pacific (excluding high income),2023,
East Asia & Pacific (excluding high income),2022,
East Asia & Pacific (excluding high income),2021,
East Asia & Pacific (excluding high income),2020,
East Asia & Pacific (excluding high income),2019,
East Asia & Pacific (excluding high income),2018,
East Asia & Pacific (excluding high income),2017,
East Asia & Pacific (excluding high income),2016,
East Asia & Pacific (excluding high income),2015,
East Asia & Pacific (excluding high income),2014,
East Asia & Pacific (excluding high income),2013,
East Asia & Pacific (excluding high income),2012,
East Asia & Pacific (excluding high income),2011,
East Asia & Pacific (excluding high income),2010,
East Asia & Pacific (excluding high income),2009,
East Asia & Pacific (excluding high income),2008,
East Asia & Pacific (excluding high income),2007,
East Asia & Pacific (excluding high income),2006,
East Asia & Pacific (excluding high income),2005,
East Asia & Pacific (excluding high income),2004,
East Asia & Pacific (excluding high income),2003,
East Asia & Pacific (excluding high income),2002,
East Asia & Pacific (excluding high income),2001,
East Asia & Pacific (excluding high income),2000,
East Asia & Pacific (excluding high income),1999,
East Asia & Pacific (excluding high income),1998,
East Asia & Pacific (excluding high income),1997,
East Asia & Pacific (excluding high income),1996,
East Asia & Pacific (excluding high income),1995,
East Asia & Pacific (excluding high income),1994,
East Asia & Pacific (excluding high income),1993,
East Asia & Pacific (excluding high income),1992,
East Asia & Pacific (excluding high income),1991,
East Asia & Pacific (excluding high income),1990,
East Asia & Pacific (excluding high income),1989,
East Asia & Pacific (excluding high income),1988,
East Asia & Pacific (excluding high income),1987,
East Asia & Pacific (excluding high income),1986,
East Asia & Pacific (excluding high income),1985,
East Asia & Pacific (excluding high income),1984,
East Asia & Pacific (excluding high income),1983,
East Asia & Pacific (excluding high income),1982,
East Asia & Pacific (excluding high income),1981,
East Asia & Pacific (excluding high income),1980,
East Asia & Pacific (excluding high income),1979,
East Asia & Pacific (excluding high income),1978,
East Asia & Pacific (excluding high income),1977,
East Asia & Pacific (excluding high income),1976,
East Asia & Pacific (excluding high income),1975,
East Asia & Pacific (excluding high income),1974,
East Asia & Pacific (excluding high income),1973,
East Asia & Pacific (excluding high income),1972,
East Asia & Pacific (excluding high income),1971,
East Asia & Pacific (excluding high income),1970,
East Asia & Pacific (excluding high income),1969,
East Asia & Pacific (excluding high income),1968,
East Asia & Pacific (excluding high income),1967,
East Asia & Pacific (excluding high income),1966,
East Asia & Pacific (excluding high income),1965,
East Asia & Pacific (excluding high income),1964,
East Asia & Pacific (excluding high income),1963,
East Asia & Pacific (excluding high income),1962,
East Asia & Pacific (excluding high income),1961,
East Asia & Pacific (excluding high income),1960,
East Asia & Pacific (IDA & IBRD countries),2023,
East Asia & Pacific (IDA & IBRD countries),2022,
East Asia & Pacific (IDA & IBRD countries),2021,
East Asia & Pacific (IDA & IBRD countries),2020,
East Asia & Pacific (IDA & IBRD countries),2019,
East Asia & Pacific (IDA & IBRD countries),2018,
East Asia & Pacific (IDA & IBRD countries),2017,
East Asia & Pacific (IDA & IBRD countries),2016,
East Asia & Pacific (IDA & IBRD countries),2015,
East Asia & Pacific (IDA & IBRD countries),2014,
East Asia & Pacific (IDA & IBRD countries),2013,
East Asia & Pacific (IDA & IBRD countries),2012,
East Asia & Pacific (IDA & IBRD countries),2011,
East Asia & Pacific (IDA & IBRD countries),2010,
East Asia & Pacific (IDA & IBRD countries),2009,
East Asia & Pacific (IDA & IBRD countries),2008,
East Asia & Pacific (IDA & IBRD countries),2007,
East Asia & Pacific (IDA & IBRD countries),2006,
East Asia & Pacific (IDA & IBRD countries),2005,
East Asia & Pacific (IDA & IBRD countries),2004,
East Asia & Pacific (IDA & IBRD countries),2003,
East Asia & Pacific (IDA & IBRD countries),2002,
East Asia & Pacific (IDA & IBRD countries),2001,
East Asia & Pacific (IDA & IBRD countries),2000,
East Asia & Pacific (IDA & IBRD countries),1999,
East Asia & Pacific (IDA & IBRD countries),1998,
East Asia & Pacific (IDA & IBRD countries),1997,
East Asia & Pacific (IDA & IBRD countries),1996,
East Asia & Pacific (IDA & IBRD countries),1995,
East Asia & Pacific (IDA & IBRD countries),1994,
East Asia & Pacific (IDA & IBRD countries),1993,
East Asia & Pacific (IDA & IBRD countries),1992,
East Asia & Pacific (IDA & IBRD countries),1991,
East Asia & Pacific (IDA & IBRD countries),1990,
East Asia & Pacific (IDA & IBRD countries),1989,
East Asia & Pacific (IDA & IBRD countries),1988,
East Asia & Pacific (IDA & IBRD countries),1987,
East Asia & Pacific (IDA & IBRD countries),1986,
East Asia & Pacific (IDA & IBRD countries),1985,
East Asia & Pacific (IDA & IBRD countries),1984,
East Asia & Pacific (IDA & IBRD countries),1983,
East Asia & Pacific (IDA & IBRD countries),1982,
East Asia & Pacific (IDA & IBRD countries),1981,
East Asia & Pacific (IDA & IBRD countries),1980,
East Asia & Pacific (IDA & IBRD countries),1979,
East Asia & Pacific (IDA & IBRD countries),1978,
East Asia & Pacific (IDA & IBRD countries),1977,
East Asia & Pacific (IDA & IBRD countries),1976,
East Asia & Pacific (IDA & IBRD countries),1975,
East Asia & Pacific (IDA & IBRD countries),1974,
East Asia & Pacific (IDA & IBRD countries),1973,
East Asia & Pacific (IDA & IBRD countries),1972,
East Asia & Pacific (IDA & IBRD countries),1971,
East Asia & Pacific (IDA & IBRD countries),1970,
East Asia & Pacific (IDA & IBRD countries),1969,
East Asia & Pacific (IDA & IBRD countries),1968,
East Asia & Pacific (IDA & IBRD countries),1967,
East Asia & Pacific (IDA & IBRD countries),1966,
East Asia & Pacific (IDA & IBRD countries),1965,
East Asia & Pacific (IDA & IBRD countries),1964,
East Asia & Pacific (IDA & IBRD countries),1963,
East Asia & Pacific (IDA & IBRD countries),1962,
East Asia & Pacific (IDA & IBRD countries),1961,
East Asia & Pacific (IDA & IBRD countries),1960,
Euro area,2023,0.924839558470698
Euro area,2022,0.949623753156941
Euro area,2021,0.84549413889045
Euro area,2020,0.875506396987998
Euro area,2019,0.893276257067409
Euro area,2018,0.846772667108111
Euro area,2017,0.885205508269372
Euro area,2016,0.903421436257263
Euro area,2015,0.901296423367096
Euro area,2014,0.752728196932603
Euro area,2013,0.752945122701996
Euro area,2012,0.778338120416812
Euro area,2011,0.718413898653317
Euro area,2010,0.754308990105961
Euro area,2009,0.716957702016136
Euro area,2008,0.679922680042729
Euro area,2007,0.729672399984083
Euro area,2006,0.796432730949102
Euro area,2005,0.803800192161442
Euro area,2004,0.803921647747618
Euro area,2003,0.88404792718493
Euro area,2002,1.05755899623965
Euro area,2001,1.11653308564462
Euro area,2000,1.08270508132602
Euro area,1999,0.938283072395283
Euro area,1998,
Euro area,1997,
Euro area,1996,
Euro area,1995,
Euro area,1994,
Euro area,1993,
Euro area,1992,
Euro area,1991,
Euro area,1990,
Euro area,1989,
Euro area,1988,
Euro area,1987,
Euro area,1986,
Euro area,1985,
Euro area,1984,
Euro area,1983,
Euro area,1982,
Euro area,1981,
Euro area,1980,
Euro area,1979,
Euro area,1978,
Euro area,1977,
Euro area,1976,
Euro area,1975,
Euro area,1974,
Euro area,1973,
Euro area,1972,
Euro area,1971,
Euro area,1970,
Euro area,1969,
Euro area,1968,
Euro area,1967,
Euro area,1966,
Euro area,1965,
Euro area,1964,
Euro area,1963,
Euro area,1962,
Euro area,1961,
Euro area,1960,
Europe & Central Asia,2023,
Europe & Central Asia,2022,
Europe & Central Asia,2021,
Europe & Central Asia,2020,
Europe & Central Asia,2019,
Europe & Central Asia,2018,
Europe & Central Asia,2017,
Europe & Central Asia,2016,
Europe & Central Asia,2015,
Europe & Central Asia,2014,
Europe & Central Asia,2013,
Europe & Central Asia,2012,
Europe & Central Asia,2011,
Europe & Central Asia,2010,
Europe & Central Asia,2009,
Europe & Central Asia,2008,
Europe & Central Asia,2007,
Europe & Central Asia,2006,
Europe & Central Asia,2005,
Europe & Central Asia,2004,
Europe & Central Asia,2003,
Europe & Central Asia,2002,
Europe & Central Asia,2001,
Europe & Central Asia,2000,
Europe & Central Asia,1999,
Europe & Central Asia,1998,
Europe & Central Asia,1997,
Europe & Central Asia,1996,
Europe & Central Asia,1995,
Europe & Central Asia,1994,
Europe & Central Asia,1993,
Europe & Central Asia,1992,
Europe & Central Asia,1991,
Europe & Central Asia,1990,
Europe & Central Asia,1989,
Europe & Central Asia,1988,
Europe & Central Asia,1987,
Europe & Central Asia,1986,
Europe & Central Asia,1985,
Europe & Central Asia,1984,
Europe & Central Asia,1983,
Europe & Central Asia,1982,
Europe & Central Asia,1981,
Europe & Central Asia,1980,
Europe & Central Asia,1979,
Europe & Central Asia,1978,
Europe & Central Asia,1977,
Europe & Central Asia,1976,
Europe & Central Asia,1975,
Europe & Central Asia,1974,
Europe & Central Asia,1973,
Europe & Central Asia,1972,
Europe & Central Asia,1971,
Europe & Central Asia,1970,
Europe & Central Asia,1969,
Europe & Central Asia,1968,
Europe & Central Asia,1967,
Europe & Central Asia,1966,
Europe & Central Asia,1965,
Europe & Central Asia,1964,
Europe & Central Asia,1963,
Europe & Central Asia,1962,
Europe & Central Asia,1961,
Europe & Central Asia,1960,
Europe & Central Asia (excluding high income),2023,
Europe & Central Asia (excluding high income),2022,
Europe & Central Asia (excluding high income),2021,
Europe & Central Asia (excluding high income),2020,
Europe & Central Asia (excluding high income),2019,
Europe & Central Asia (excluding high income),2018,
Europe & Central Asia (excluding high income),2017,
Europe & Central Asia (excluding high income),2016,
Europe & Central Asia (excluding high income),2015,
Europe & Central Asia (excluding high income),2014,
Europe & Central Asia (excluding high income),2013,
Europe & Central Asia (excluding high income),2012,
Europe & Central Asia (excluding high income),2011,
Europe & Central Asia (excluding high income),2010,
Europe & Central Asia (excluding high income),2009,
Europe & Central Asia (excluding high income),2008,
Europe & Central Asia (excluding high income),2007,
Europe & Central Asia (excluding high income),2006,
Europe & Central Asia (excluding high income),2005,
Europe & Central Asia (excluding high income),2004,
Europe & Central Asia (excluding high income),2003,
Europe & Central Asia (excluding high income),2002,
Europe & Central Asia (excluding high income),2001,
Europe & Central Asia (excluding high income),2000,
Europe & Central Asia (excluding high income),1999,
Europe & Central Asia (excluding high income),1998,
Europe & Central Asia (excluding high income),1997,
Europe & Central Asia (excluding high income),1996,
Europe & Central Asia (excluding high income),1995,
Europe & Central Asia (excluding high income),1994,
Europe & Central Asia (excluding high income),1993,
Europe & Central Asia (excluding high income),1992,
Europe & Central Asia (excluding high income),1991,
Europe & Central Asia (excluding high income),1990,
Europe & Central Asia (excluding high income),1989,
Europe & Central Asia (excluding high income),1988,
Europe & Central Asia (excluding high income),1987,
Europe & Central Asia (excluding high income),1986,
Europe & Central Asia (excluding high income),1985,
Europe & Central Asia (excluding high income),1984,
Europe & Central Asia (excluding high income),1983,
Europe & Central Asia (excluding high income),1982,
Europe & Central Asia (excluding high income),1981,
Europe & Central Asia (excluding high income),1980,
Europe & Central Asia (excluding high income),1979,
Europe & Central Asia (excluding high income),1978,
Europe & Central Asia (excluding high income),1977,
Europe & Central Asia (excluding high income),1976,
Europe & Central Asia (excluding high income),1975,
Europe & Central Asia (excluding high income),1974,
Europe & Central Asia (excluding high income),1973,
Europe & Central Asia (excluding high income),1972,
Europe & Central Asia (excluding high income),1971,
Europe & Central Asia (excluding high income),1970,
Europe & Central Asia (excluding high income),1969,
Europe & Central Asia (excluding high income),1968,
Europe & Central Asia (excluding high income),1967,
Europe & Central Asia (excluding high income),1966,
Europe & Central Asia (excluding high income),1965,
Europe & Central Asia (excluding high income),1964,
Europe & Central Asia (excluding high income),1963,
Europe & Central Asia (excluding high income),1962,
Europe & Central Asia (excluding high income),1961,
Europe & Central Asia (excluding high income),1960,
Europe & Central Asia (IDA & IBRD countries),2023,
Europe & Central Asia (IDA & IBRD countries),2022,
Europe & Central Asia (IDA & IBRD countries),2021,
Europe & Central Asia (IDA & IBRD countries),2020,
Europe & Central Asia (IDA & IBRD countries),2019,
Europe & Central Asia (IDA & IBRD countries),2018,
Europe & Central Asia (IDA & IBRD countries),2017,
Europe & Central Asia (IDA & IBRD countries),2016,
Europe & Central Asia (IDA & IBRD countries),2015,
Europe & Central Asia (IDA & IBRD countries),2014,
Europe & Central Asia (IDA & IBRD countries),2013,
Europe & Central Asia (IDA & IBRD countries),2012,
Europe & Central Asia (IDA & IBRD countries),2011,
Europe & Central Asia (IDA & IBRD countries),2010,
Europe & Central Asia (IDA & IBRD countries),2009,
Europe & Central Asia (IDA & IBRD countries),2008,
Europe & Central Asia (IDA & IBRD countries),2007,
Europe & Central Asia (IDA & IBRD countries),2006,
Europe & Central Asia (IDA & IBRD countries),2005,
Europe & Central Asia (IDA & IBRD countries),2004,
Europe & Central Asia (IDA & IBRD countries),2003,
Europe & Central Asia (IDA & IBRD countries),2002,
Europe & Central Asia (IDA & IBRD countries),2001,
Europe & Central Asia (IDA & IBRD countries),2000,
Europe & Central Asia (IDA & IBRD countries),1999,
Europe & Central Asia (IDA & IBRD countries),1998,
Europe & Central Asia (IDA & IBRD countries),1997,
Europe & Central Asia (IDA & IBRD countries),1996,
Europe & Central Asia (IDA & IBRD countries),1995,
Europe & Central Asia (IDA & IBRD countries),1994,
Europe & Central Asia (IDA & IBRD countries),1993,
Europe & Central Asia (IDA & IBRD countries),1992,
Europe & Central Asia (IDA & IBRD countries),1991,
Europe & Central Asia (IDA & IBRD countries),1990,
Europe & Central Asia (IDA & IBRD countries),1989,
Europe & Central Asia (IDA & IBRD countries),1988,
Europe & Central Asia (IDA & IBRD countries),1987,
Europe & Central Asia (IDA & IBRD countries),1986,
Europe & Central Asia (IDA & IBRD countries),1985,
Europe & Central Asia (IDA & IBRD countries),1984,
Europe & Central Asia (IDA & IBRD countries),1983,
Europe & Central Asia (IDA & IBRD countries),1982,
Europe & Central Asia (IDA & IBRD countries),1981,
Europe & Central Asia (IDA & IBRD countries),1980,
Europe & Central Asia (IDA & IBRD countries),1979,
Europe & Central Asia (IDA & IBRD countries),1978,
Europe & Central Asia (IDA & IBRD countries),1977,
Europe & Central Asia (IDA & IBRD countries),1976,
Europe & Central Asia (IDA & IBRD countries),1975,
Europe & Central Asia (IDA & IBRD countries),1974,
Europe & Central Asia (IDA & IBRD countries),1973,
Europe & Central Asia (IDA & IBRD countries),1972,
Europe & Central Asia (IDA & IBRD countries),1971,
Europe & Central Asia (IDA & IBRD countries),1970,
Europe & Central Asia (IDA & IBRD countries),1969,
Europe & Central Asia (IDA & IBRD countries),1968,
Europe & Central Asia (IDA & IBRD countries),1967,
Europe & Central Asia (IDA & IBRD countries),1966,
Europe & Central Asia (IDA & IBRD countries),1965,
Europe & Central Asia (IDA & IBRD countries),1964,
Europe & Central Asia (IDA & IBRD countries),1963,
Europe & Central Asia (IDA & IBRD countries),1962,
Europe & Central Asia (IDA & IBRD countries),1961,
Europe & Central Asia (IDA & IBRD countries),1960,
European Union,2023,
European Union,2022,
European Union,2021,
European Union,2020,
European Union,2019,
European Union,2018,
European Union,2017,
European Union,2016,
European Union,2015,
European Union,2014,
European Union,2013,
European Union,2012,
European Union,2011,
European Union,2010,
European Union,2009,
European Union,2008,
European Union,2007,
European Union,2006,
European Union,2005,
European Union,2004,
European Union,2003,
European Union,2002,
European Union,2001,
European Union,2000,
European Union,1999,
European Union,1998,
European Union,1997,
European Union,1996,
European Union,1995,
European Union,1994,
European Union,1993,
European Union,1992,
European Union,1991,
European Union,1990,
European Union,1989,
European Union,1988,
European Union,1987,
European Union,1986,
European Union,1985,
European Union,1984,
European Union,1983,
European Union,1982,
European Union,1981,
European Union,1980,
European Union,1979,
European Union,1978,
European Union,1977,
European Union,1976,
European Union,1975,
European Union,1974,
European Union,1973,
European Union,1972,
European Union,1971,
European Union,1970,
European Union,1969,
European Union,1968,
European Union,1967,
European Union,1966,
European Union,1965,
European Union,1964,
European Union,1963,
European Union,1962,
European Union,1961,
European Union,1960,
Fragile and conflict affected situations,2023,
Fragile and conflict affected situations,2022,
Fragile and conflict affected situations,2021,
Fragile and conflict affected situations,2020,
Fragile and conflict affected situations,2019,
Fragile and conflict affected situations,2018,
Fragile and conflict affected situations,2017,
Fragile and conflict affected situations,2016,
Fragile and conflict affected situations,2015,
Fragile and conflict affected situations,2014,
Fragile and conflict affected situations,2013,
Fragile and conflict affected situations,2012,
Fragile and conflict affected situations,2011,
Fragile and conflict affected situations,2010,
Fragile and conflict affected situations,2009,
Fragile and conflict affected situations,2008,
Fragile and conflict affected situations,2007,
Fragile and conflict affected situations,2006,
Fragile and conflict affected situations,2005,
Fragile and conflict affected situations,2004,
Fragile and conflict affected situations,2003,
Fragile and conflict affected situations,2002,
Fragile and conflict affected situations,2001,
Fragile and conflict affected situations,2000,
Fragile and conflict affected situations,1999,
Fragile and conflict affected situations,1998,
Fragile and conflict affected situations,1997,
Fragile and conflict affected situations,1996,
Fragile and conflict affected situations,1995,
Fragile and conflict affected situations,1994,
Fragile and conflict affected situations,1993,
Fragile and conflict affected situations,1992,
Fragile and conflict affected situations,1991,
Fragile and conflict affected situations,1990,
Fragile and conflict affected situations,1989,
Fragile and conflict affected situations,1988,
Fragile and conflict affected situations,1987,
Fragile and conflict affected situations,1986,
Fragile and conflict affected situations,1985,
Fragile and conflict affected situations,1984,
Fragile and conflict affected situations,1983,
Fragile and conflict affected situations,1982,
Fragile and conflict affected situations,1981,
Fragile and conflict affected situations,1980,
Fragile and conflict affected situations,1979,
Fragile and conflict affected situations,1978,
Fragile and conflict affected situations,1977,
Fragile and conflict affected situations,1976,
Fragile and conflict affected situations,1975,
Fragile and conflict affected situations,1974,
Fragile and conflict affected situations,1973,
Fragile and conflict affected situations,1972,
Fragile and conflict affected situations,1971,
Fragile and conflict affected situations,1970,
Fragile and conflict affected situations,1969,
Fragile and conflict affected situations,1968,
Fragile and conflict affected situations,1967,
Fragile and conflict affected situations,1966,
Fragile and conflict affected situations,1965,
Fragile and conflict affected situations,1964,
Fragile and conflict affected situations,1963,
Fragile and conflict affected situations,1962,
Fragile and conflict affected situations,1961,
Fragile and conflict affected situations,1960,
Heavily indebted poor countries (HIPC),2023,
Heavily indebted poor countries (HIPC),2022,
Heavily indebted poor countries (HIPC),2021,
Heavily indebted poor countries (HIPC),2020,
Heavily indebted poor countries (HIPC),2019,
Heavily indebted poor countries (HIPC),2018,
Heavily indebted poor countries (HIPC),2017,
Heavily indebted poor countries (HIPC),2016,
Heavily indebted poor countries (HIPC),2015,
Heavily indebted poor countries (HIPC),2014,
Heavily indebted poor countries (HIPC),2013,
Heavily indebted poor countries (HIPC),2012,
Heavily indebted poor countries (HIPC),2011,
Heavily indebted poor countries (HIPC),2010,
Heavily indebted poor countries (HIPC),2009,
Heavily indebted poor countries (HIPC),2008,
Heavily indebted poor countries (HIPC),2007,
Heavily indebted poor countries (HIPC),2006,
Heavily indebted poor countries (HIPC),2005,
Heavily indebted poor countries (HIPC),2004,
Heavily indebted poor countries (HIPC),2003,
Heavily indebted poor countries (HIPC),2002,
Heavily indebted poor countries (HIPC),2001,
Heavily indebted poor countries (HIPC),2000,
Heavily indebted poor countries (HIPC),1999,
Heavily indebted poor countries (HIPC),1998,
Heavily indebted poor countries (HIPC),1997,
Heavily indebted poor countries (HIPC),1996,
Heavily indebted poor countries (HIPC),1995,
Heavily indebted poor countries (HIPC),1994,
Heavily indebted poor countries (HIPC),1993,
Heavily indebted poor countries (HIPC),1992,
Heavily indebted poor countries (HIPC),1991,
Heavily indebted poor countries (HIPC),1990,
Heavily indebted poor countries (HIPC),1989,
Heavily indebted poor countries (HIPC),1988,
Heavily indebted poor countries (HIPC),1987,
Heavily indebted poor countries (HIPC),1986,
Heavily indebted poor countries (HIPC),1985,
Heavily indebted poor countries (HIPC),1984,
Heavily indebted poor countries (HIPC),1983,
Heavily indebted poor countries (HIPC),1982,
Heavily indebted poor countries (HIPC),1981,
Heavily indebted poor countries (HIPC),1980,
Heavily indebted poor countries (HIPC),1979,
Heavily indebted poor countries (HIPC),1978,
Heavily indebted poor countries (HIPC),1977,
Heavily indebted poor countries (HIPC),1976,
Heavily indebted poor countries (HIPC),1975,
Heavily indebted poor countries (HIPC),1974,
Heavily indebted poor countries (HIPC),1973,
Heavily indebted poor countries (HIPC),1972,
Heavily indebted poor countries (HIPC),1971,
Heavily indebted poor countries (HIPC),1970,
Heavily indebted poor countries (HIPC),1969,
Heavily indebted poor countries (HIPC),1968,
Heavily indebted poor countries (HIPC),1967,
Heavily indebted poor countries (HIPC),1966,
Heavily indebted poor countries (HIPC),1965,
Heavily indebted poor countries (HIPC),1964,
Heavily indebted poor countries (HIPC),1963,
Heavily indebted poor countries (HIPC),1962,
Heavily indebted poor countries (HIPC),1961,
Heavily indebted poor countries (HIPC),1960,
High income,2023,
High income,2022,
High income,2021,
High income,2020,
High income,2019,
High income,2018,
High income,2017,
High income,2016,
High income,2015,
High income,2014,
High income,2013,
High income,2012,
High income,2011,
High income,2010,
High income,2009,
High income,2008,
High income,2007,
High income,2006,
High income,2005,
High income,2004,
High income,2003,
High income,2002,
High income,2001,
High income,2000,
High income,1999,
High income,1998,
High income,1997,
High income,1996,
High income,1995,
High income,1994,
High income,1993,
High income,1992,
High income,1991,
High income,1990,
High income,1989,
High income,1988,
High income,1987,
High income,1986,
High income,1985,
High income,1984,
High income,1983,
High income,1982,
High income,1981,
High income,1980,
High income,1979,
High income,1978,
High income,1977,
High income,1976,
High income,1975,
High income,1974,
High income,1973,
High income,1972,
High income,1971,
High income,1970,
High income,1969,
High income,1968,
High income,1967,
High income,1966,
High income,1965,
High income,1964,
High income,1963,
High income,1962,
High income,1961,
High income,1960,
IBRD only,2023,
IBRD only,2022,
IBRD only,2021,
IBRD only,2020,
IBRD only,2019,
IBRD only,2018,
IBRD only,2017,
IBRD only,2016,
IBRD only,2015,
IBRD only,2014,
IBRD only,2013,
IBRD only,2012,
IBRD only,2011,
IBRD only,2010,
IBRD only,2009,
IBRD only,2008,
IBRD only,2007,
IBRD only,2006,
IBRD only,2005,
IBRD only,2004,
IBRD only,2003,
IBRD only,2002,
IBRD only,2001,
IBRD only,2000,
IBRD only,1999,
IBRD only,1998,
IBRD only,1997,
IBRD only,1996,
IBRD only,1995,
IBRD only,1994,
IBRD only,1993,
IBRD only,1992,
IBRD only,1991,
IBRD only,1990,
IBRD only,1989,
IBRD only,1988,
IBRD only,1987,
IBRD only,1986,
IBRD only,1985,
IBRD only,1984,
IBRD only,1983,
IBRD only,1982,
IBRD only,1981,
IBRD only,1980,
IBRD only,1979,
IBRD only,1978,
IBRD only,1977,
IBRD only,1976,
IBRD only,1975,
IBRD only,1974,
IBRD only,1973,
IBRD only,1972,
IBRD only,1971,
IBRD only,1970,
IBRD only,1969,
IBRD only,1968,
IBRD only,1967,
IBRD only,1966,
IBRD only,1965,
IBRD only,1964,
IBRD only,1963,
IBRD only,1962,
IBRD only,1961,
IBRD only,1960,
IDA & IBRD total,2023,
IDA & IBRD total,2022,
IDA & IBRD total,2021,
IDA & IBRD total,2020,
IDA & IBRD total,2019,
IDA & IBRD total,2018,
IDA & IBRD total,2017,
IDA & IBRD total,2016,
IDA & IBRD total,2015,
IDA & IBRD total,2014,
IDA & IBRD total,2013,
IDA & IBRD total,2012,
IDA & IBRD total,2011,
IDA & IBRD total,2010,
IDA & IBRD total,2009,
IDA & IBRD total,2008,
IDA & IBRD total,2007,
IDA & IBRD total,2006,
IDA & IBRD total,2005,
IDA & IBRD total,2004,
IDA & IBRD total,2003,
IDA & IBRD total,2002,
IDA & IBRD total,2001,
IDA & IBRD total,2000,
IDA & IBRD total,1999,
IDA & IBRD total,1998,
IDA & IBRD total,1997,
IDA & IBRD total,1996,
IDA & IBRD total,1995,
IDA & IBRD total,1994,
IDA & IBRD total,1993,
IDA & IBRD total,1992,
IDA & IBRD total,1991,
IDA & IBRD total,1990,
IDA & IBRD total,1989,
IDA & IBRD total,1988,
IDA & IBRD total,1987,
IDA & IBRD total,1986,
IDA & IBRD total,1985,
IDA & IBRD total,1984,
IDA & IBRD total,1983,
IDA & IBRD total,1982,
IDA & IBRD total,1981,
IDA & IBRD total,1980,
IDA & IBRD total,1979,
IDA & IBRD total,1978,
IDA & IBRD total,1977,
IDA & IBRD total,1976,
IDA & IBRD total,1975,
IDA & IBRD total,1974,
IDA & IBRD total,1973,
IDA & IBRD total,1972,
IDA & IBRD total,1971,
IDA & IBRD total,1970,
IDA & IBRD total,1969,
IDA & IBRD total,1968,
IDA & IBRD total,1967,
IDA & IBRD total,1966,
IDA & IBRD total,1965,
IDA & IBRD total,1964,
IDA & IBRD total,1963,
IDA & IBRD total,1962,
IDA & IBRD total,1961,
IDA & IBRD total,1960,
IDA blend,2023,
IDA blend,2022,
IDA blend,2021,
IDA blend,2020,
IDA blend,2019,
IDA blend,2018,
IDA blend,2017,
IDA blend,2016,
IDA blend,2015,
IDA blend,2014,
IDA blend,2013,
IDA blend,2012,
IDA blend,2011,
IDA blend,2010,
IDA blend,2009,
IDA blend,2008,
IDA blend,2007,
IDA blend,2006,
IDA blend,2005,
IDA blend,2004,
IDA blend,2003,
IDA blend,2002,
IDA blend,2001,
IDA blend,2000,
IDA blend,1999,
IDA blend,1998,
IDA blend,1997,
IDA blend,1996,
IDA blend,1995,
IDA blend,1994,
IDA blend,1993,
IDA blend,1992,
IDA blend,1991,
IDA blend,1990,
IDA blend,1989,
IDA blend,1988,
IDA blend,1987,
IDA blend,1986,
IDA blend,1985,
IDA blend,1984,
IDA blend,1983,
IDA blend,1982,
IDA blend,1981,
IDA blend,1980,
IDA blend,1979,
IDA blend,1978,
IDA blend,1977,
IDA blend,1976,
IDA blend,1975,
IDA blend,1974,
IDA blend,1973,
IDA blend,1972,
IDA blend,1971,
IDA blend,1970,
IDA blend,1969,
IDA blend,1968,
IDA blend,1967,
IDA blend,1966,
IDA blend,1965,
IDA blend,1964,
IDA blend,1963,
IDA blend,1962,
IDA blend,1961,
IDA blend,1960,
IDA only,2023,
IDA only,2022,
IDA only,2021,
IDA only,2020,
IDA only,2019,
IDA only,2018,
IDA only,2017,
IDA only,2016,
IDA only,2015,
IDA only,2014,
IDA only,2013,
IDA only,2012,
IDA only,2011,
IDA only,2010,
IDA only,2009,
IDA only,2008,
IDA only,2007,
IDA only,2006,
IDA only,2005,
IDA only,2004,
IDA only,2003,
IDA only,2002,
IDA only,2001,
IDA only,2000,
IDA only,1999,
IDA only,1998,
IDA only,1997,
IDA only,1996,
IDA only,1995,
IDA only,1994,
IDA only,1993,
IDA only,1992,
IDA only,1991,
IDA only,1990,
IDA only,1989,
IDA only,1988,
IDA only,1987,
IDA only,1986,
IDA only,1985,
IDA only,1984,
IDA only,1983,
IDA only,1982,
IDA only,1981,
IDA only,1980,
IDA only,1979,
IDA only,1978,
IDA only,1977,
IDA only,1976,
IDA only,1975,
IDA only,1974,
IDA only,1973,
IDA only,1972,
IDA only,1971,
IDA only,1970,
IDA only,1969,
IDA only,1968,
IDA only,1967,
IDA only,1966,
IDA only,1965,
IDA only,1964,
IDA only,1963,
IDA only,1962,
IDA only,1961,
IDA only,1960,
IDA total,2023,
IDA total,2022,
IDA total,2021,
IDA total,2020,
IDA total,2019,
IDA total,2018,
IDA total,2017,
IDA total,2016,
IDA total,2015,
IDA total,2014,
IDA total,2013,
IDA total,2012,
IDA total,2011,
IDA total,2010,
IDA total,2009,
IDA total,2008,
IDA total,2007,
IDA total,2006,
IDA total,2005,
IDA total,2004,
IDA total,2003,
IDA total,2002,
IDA total,2001,
IDA total,2000,
IDA total,1999,
IDA total,1998,
IDA total,1997,
IDA total,1996,
IDA total,1995,
IDA total,1994,
IDA total,1993,
IDA total,1992,
IDA total,1991,
IDA total,1990,
IDA total,1989,
IDA total,1988,
IDA total,1987,
IDA total,1986,
IDA total,1985,
IDA total,1984,
IDA total,1983,
IDA total,1982,
IDA total,1981,
IDA total,1980,
IDA total,1979,
IDA total,1978,
IDA total,1977,
IDA total,1976,
IDA total,1975,
IDA total,1974,
IDA total,1973,
IDA total,1972,
IDA total,1971,
IDA total,1970,
IDA total,1969,
IDA total,1968,
IDA total,1967,
IDA total,1966,
IDA total,1965,
IDA total,1964,
IDA total,1963,
IDA total,1962,
IDA total,1961,
IDA total,1960,
Late-demographic dividend,2023,
Late-demographic dividend,2022,
Late-demographic dividend,2021,
Late-demographic dividend,2020,
Late-demographic dividend,2019,
Late-demographic dividend,2018,
Late-demographic dividend,2017,
Late-demographic dividend,2016,
Late-demographic dividend,2015,
Late-demographic dividend,2014,
Late-demographic dividend,2013,
Late-demographic dividend,2012,
Late-demographic dividend,2011,
Late-demographic dividend,2010,
Late-demographic dividend,2009,
Late-demographic dividend,2008,
Late-demographic dividend,2007,
Late-demographic dividend,2006,
Late-demographic dividend,2005,
Late-demographic dividend,2004,
Late-demographic dividend,2003,
Late-demographic dividend,2002,
Late-demographic dividend,2001,
Late-demographic dividend,2000,
Late-demographic dividend,1999,
Late-demographic dividend,1998,
Late-demographic dividend,1997,
Late-demographic dividend,1996,
Late-demographic dividend,1995,
Late-demographic dividend,1994,
Late-demographic dividend,1993,
Late-demographic dividend,1992,
Late-demographic dividend,1991,
Late-demographic dividend,1990,
Late-demographic dividend,1989,
Late-demographic dividend,1988,
Late-demographic dividend,1987,
Late-demographic dividend,1986,
Late-demographic dividend,1985,
Late-demographic dividend,1984,
Late-demographic dividend,1983,
Late-demographic dividend,1982,
Late-demographic dividend,1981,
Late-demographic dividend,1980,
Late-demographic dividend,1979,
Late-demographic dividend,1978,
Late-demographic dividend,1977,
Late-demographic dividend,1976,
Late-demographic dividend,1975,
Late-demographic dividend,1974,
Late-demographic dividend,1973,
Late-demographic dividend,1972,
Late-demographic dividend,1971,
Late-demographic dividend,1970,
Late-demographic dividend,1969,
Late-demographic dividend,1968,
Late-demographic dividend,1967,
Late-demographic dividend,1966,
Late-demographic dividend,1965,
Late-demographic dividend,1964,
Late-demographic dividend,1963,
Late-demographic dividend,1962,
Late-demographic dividend,1961,
Late-demographic dividend,1960,
Latin America & Caribbean,2023,
Latin America & Caribbean,2022,
Latin America & Caribbean,2021,
Latin America & Caribbean,2020,
Latin America & Caribbean,2019,
Latin America & Caribbean,2018,
Latin America & Caribbean,2017,
Latin America & Caribbean,2016,
Latin America & Caribbean,2015,
Latin America & Caribbean,2014,
Latin America & Caribbean,2013,
Latin America & Caribbean,2012,
Latin America & Caribbean,2011,
Latin America & Caribbean,2010,
Latin America & Caribbean,2009,
Latin America & Caribbean,2008,
Latin America & Caribbean,2007,
Latin America & Caribbean,2006,
Latin America & Caribbean,2005,
Latin America & Caribbean,2004,
Latin America & Caribbean,2003,
Latin America & Caribbean,2002,
Latin America & Caribbean,2001,
Latin America & Caribbean,2000,
Latin America & Caribbean,1999,
Latin America & Caribbean,1998,
Latin America & Caribbean,1997,
Latin America & Caribbean,1996,
Latin America & Caribbean,1995,
Latin America & Caribbean,1994,
Latin America & Caribbean,1993,
Latin America & Caribbean,1992,
Latin America & Caribbean,1991,
Latin America & Caribbean,1990,
Latin America & Caribbean,1989,
Latin America & Caribbean,1988,
Latin America & Caribbean,1987,
Latin America & Caribbean,1986,
Latin America & Caribbean,1985,
Latin America & Caribbean,1984,
Latin America & Caribbean,1983,
Latin America & Caribbean,1982,
Latin America & Caribbean,1981,
Latin America & Caribbean,1980,
Latin America & Caribbean,1979,
Latin America & Caribbean,1978,
Latin America & Caribbean,1977,
Latin America & Caribbean,1976,
Latin America & Caribbean,1975,
Latin America & Caribbean,1974,
Latin America & Caribbean,1973,
Latin America & Caribbean,1972,
Latin America & Caribbean,1971,
Latin America & Caribbean,1970,
Latin America & Caribbean,1969,
Latin America & Caribbean,1968,
Latin America & Caribbean,1967,
Latin America & Caribbean,1966,
Latin America & Caribbean,1965,
Latin America & Caribbean,1964,
Latin America & Caribbean,1963,
Latin America & Caribbean,1962,
Latin America & Caribbean,1961,
Latin America & Caribbean,1960,
Latin America & Caribbean (excluding high income),2023,
Latin America & Caribbean (excluding high income),2022,
Latin America & Caribbean (excluding high income),2021,
Latin America & Caribbean (excluding high income),2020,
Latin America & Caribbean (excluding high income),2019,
Latin America & Caribbean (excluding high income),2018,
Latin America & Caribbean (excluding high income),2017,
Latin America & Caribbean (excluding high income),2016,
Latin America & Caribbean (excluding high income),2015,
Latin America & Caribbean (excluding high income),2014,
Latin America & Caribbean (excluding high income),2013,
Latin America & Caribbean (excluding high income),2012,
Latin America & Caribbean (excluding high income),2011,
Latin America & Caribbean (excluding high income),2010,
Latin America & Caribbean (excluding high income),2009,
Latin America & Caribbean (excluding high income),2008,
Latin America & Caribbean (excluding high income),2007,
Latin America & Caribbean (excluding high income),2006,
Latin America & Caribbean (excluding high income),2005,
Latin America & Caribbean (excluding high income),2004,
Latin America & Caribbean (excluding high income),2003,
Latin America & Caribbean (excluding high income),2002,
Latin America & Caribbean (excluding high income),2001,
Latin America & Caribbean (excluding high income),2000,
Latin America & Caribbean (excluding high income),1999,
Latin America & Caribbean (excluding high income),1998,
Latin America & Caribbean (excluding high income),1997,
Latin America & Caribbean (excluding high income),1996,
Latin America & Caribbean (excluding high income),1995,
Latin America & Caribbean (excluding high income),1994,
Latin America & Caribbean (excluding high income),1993,
Latin America & Caribbean (excluding high income),1992,
Latin America & Caribbean (excluding high income),1991,
Latin America & Caribbean (excluding high income),1990,
Latin America & Caribbean (excluding high income),1989,
Latin America & Caribbean (excluding high income),1988,
Latin America & Caribbean (excluding high income),1987,
Latin America & Caribbean (excluding high income),1986,
Latin America & Caribbean (excluding high income),1985,
Latin America & Caribbean (excluding high income),1984,
Latin America & Caribbean (excluding high income),1983,
Latin America & Caribbean (excluding high income),1982,
Latin America & Caribbean (excluding high income),1981,
Latin America & Caribbean (excluding high income),1980,
Latin America & Caribbean (excluding high income),1979,
Latin America & Caribbean (excluding high income),1978,
Latin America & Caribbean (excluding high income),1977,
Latin America & Caribbean (excluding high income),1976,
Latin America & Caribbean (excluding high income),1975,
Latin America & Caribbean (excluding high income),1974,
Latin America & Caribbean (excluding high income),1973,
Latin America & Caribbean (excluding high income),1972,
Latin America & Caribbean (excluding high income),1971,
Latin America & Caribbean (excluding high income),1970,
Latin America & Caribbean (excluding high income),1969,
Latin America & Caribbean (excluding high income),1968,
Latin America & Caribbean (excluding high income),1967,
Latin America & Caribbean (excluding high income),1966,
Latin America & Caribbean (excluding high income),1965,
Latin America & Caribbean (excluding high income),1964,
Latin America & Caribbean (excluding high income),1963,
Latin America & Caribbean (excluding high income),1962,
Latin America & Caribbean (excluding high income),1961,
Latin America & Caribbean (excluding high income),1960,
Latin America & the Caribbean (IDA & IBRD countries),2023,
Latin America & the Caribbean (IDA & IBRD countries),2022,
Latin America & the Caribbean (IDA & IBRD countries),2021,
Latin America & the Caribbean (IDA & IBRD countries),2020,
Latin America & the Caribbean (IDA & IBRD countries),2019,
Latin America & the Caribbean (IDA & IBRD countries),2018,
Latin America & the Caribbean (IDA & IBRD countries),2017,
Latin America & the Caribbean (IDA & IBRD countries),2016,
Latin America & the Caribbean (IDA & IBRD countries),2015,
Latin America & the Caribbean (IDA & IBRD countries),2014,
Latin America & the Caribbean (IDA & IBRD countries),2013,
Latin America & the Caribbean (IDA & IBRD countries),2012,
Latin America & the Caribbean (IDA & IBRD countries),2011,
Latin America & the Caribbean (IDA & IBRD countries),2010,
Latin America & the Caribbean (IDA & IBRD countries),2009,
Latin America & the Caribbean (IDA & IBRD countries),2008,
Latin America & the Caribbean (IDA & IBRD countries),2007,
Latin America & the Caribbean (IDA & IBRD countries),2006,
Latin America & the Caribbean (IDA & IBRD countries),2005,
Latin America & the Caribbean (IDA & IBRD countries),2004,
Latin America & the Caribbean (IDA & IBRD countries),2003,
Latin America & the Caribbean (IDA & IBRD countries),2002,
Latin America & the Caribbean (IDA & IBRD countries),2001,
Latin America & the Caribbean (IDA & IBRD countries),2000,
Latin America & the Caribbean (IDA & IBRD countries),1999,
Latin America & the Caribbean (IDA & IBRD countries),1998,
Latin America & the Caribbean (IDA & IBRD countries),1997,
Latin America & the Caribbean (IDA & IBRD countries),1996,
Latin America & the Caribbean (IDA & IBRD countries),1995,
Latin America & the Caribbean (IDA & IBRD countries),1994,
Latin America & the Caribbean (IDA & IBRD countries),1993,
Latin America & the Caribbean (IDA & IBRD countries),1992,
Latin America & the Caribbean (IDA & IBRD countries),1991,
Latin America & the Caribbean (IDA & IBRD countries),1990,
Latin America & the Caribbean (IDA & IBRD countries),1989,
Latin America & the Caribbean (IDA & IBRD countries),1988,
Latin America & the Caribbean (IDA & IBRD countries),1987,
Latin America & the Caribbean (IDA & IBRD countries),1986,
Latin America & the Caribbean (IDA & IBRD countries),1985,
Latin America & the Caribbean (IDA & IBRD countries),1984,
Latin America & the Caribbean (IDA & IBRD countries),1983,
Latin America & the Caribbean (IDA & IBRD countries),1982,
Latin America & the Caribbean (IDA & IBRD countries),1981,
Latin America & the Caribbean (IDA & IBRD countries),1980,
Latin America & the Caribbean (IDA & IBRD countries),1979,
Latin America & the Caribbean (IDA & IBRD countries),1978,
Latin America & the Caribbean (IDA & IBRD countries),1977,
Latin America & the Caribbean (IDA & IBRD countries),1976,
Latin America & the Caribbean (IDA & IBRD countries),1975,
Latin America & the Caribbean (IDA & IBRD countries),1974,
Latin America & the Caribbean (IDA & IBRD countries),1973,
Latin America & the Caribbean (IDA & IBRD countries),1972,
Latin America & the Caribbean (IDA & IBRD countries),1971,
Latin America & the Caribbean (IDA & IBRD countries),1970,
Latin America & the Caribbean (IDA & IBRD countries),1969,
Latin America & the Caribbean (IDA & IBRD countries),1968,
Latin America & the Caribbean (IDA & IBRD countries),1967,
Latin America & the Caribbean (IDA & IBRD countries),1966,
Latin America & the Caribbean (IDA & IBRD countries),1965,
Latin America & the Caribbean (IDA & IBRD countries),1964,
Latin America & the Caribbean (IDA & IBRD countries),1963,
Latin America & the Caribbean (IDA & IBRD countries),1962,
Latin America & the Caribbean (IDA & IBRD countries),1961,
Latin America & the Caribbean (IDA & IBRD countries),1960,
Least developed countries: UN classification,2023,
Least developed countries: UN classification,2022,
Least developed countries: UN classification,2021,
Least developed countries: UN classification,2020,
Least developed countries: UN classification,2019,
Least developed countries: UN classification,2018,
Least developed countries: UN classification,2017,
Least developed countries: UN classification,2016,
Least developed countries: UN classification,2015,
Least developed countries: UN classification,2014,
Least developed countries: UN classification,2013,
Least developed countries: UN classification,2012,
Least developed countries: UN classification,2011,
Least developed countries: UN classification,2010,
Least developed countries: UN classification,2009,
Least developed countries: UN classification,2008,
Least developed countries: UN classification,2007,
Least developed countries: UN classification,2006,
Least developed countries: UN classification,2005,
Least developed countries: UN classification,2004,
Least developed countries: UN classification,2003,
Least developed countries: UN classification,2002,
Least developed countries: UN classification,2001,
Least developed countries: UN classification,2000,
Least developed countries: UN classification,1999,
Least developed countries: UN classification,1998,
Least developed countries: UN classification,1997,
Least developed countries: UN classification,1996,
Least developed countries: UN classification,1995,
Least developed countries: UN classification,1994,
Least developed countries: UN classification,1993,
Least developed countries: UN classification,1992,
Least developed countries: UN classification,1991,
Least developed countries: UN classification,1990,
Least developed countries: UN classification,1989,
Least developed countries: UN classification,1988,
Least developed countries: UN classification,1987,
Least developed countries: UN classification,1986,
Least developed countries: UN classification,1985,
Least developed countries: UN classification,1984,
Least developed countries: UN classification,1983,
Least developed countries: UN classification,1982,
Least developed countries: UN classification,1981,
Least developed countries: UN classification,1980,
Least developed countries: UN classification,1979,
Least developed countries: UN classification,1978,
Least developed countries: UN classification,1977,
Least developed countries: UN classification,1976,
Least developed countries: UN classification,1975,
Least developed countries: UN classification,1974,
Least developed countries: UN classification,1973,
Least developed countries: UN classification,1972,
Least developed countries: UN classification,1971,
Least developed countries: UN classification,1970,
Least developed countries: UN classification,1969,
Least developed countries: UN classification,1968,
Least developed countries: UN classification,1967,
Least developed countries: UN classification,1966,
Least developed countries: UN classification,1965,
Least developed countries: UN classification,1964,
Least developed countries: UN classification,1963,
Least developed countries: UN classification,1962,
Least developed countries: UN classification,1961,
Least developed countries: UN classification,1960,
Low & middle income,2023,
Low & middle income,2022,
Low & middle income,2021,
Low & middle income,2020,
Low & middle income,2019,
Low & middle income,2018,
Low & middle income,2017,
Low & middle income,2016,
Low & middle income,2015,
Low & middle income,2014,
Low & middle income,2013,
Low & middle income,2012,
Low & middle income,2011,
Low & middle income,2010,
Low & middle income,2009,
Low & middle income,2008,
Low & middle income,2007,
Low & middle income,2006,
Low & middle income,2005,
Low & middle income,2004,
Low & middle income,2003,
Low & middle income,2002,
Low & middle income,2001,
Low & middle income,2000,
Low & middle income,1999,
Low & middle income,1998,
Low & middle income,1997,
Low & middle income,1996,
Low & middle income,1995,
Low & middle income,1994,
Low & middle income,1993,
Low & middle income,1992,
Low & middle income,1991,
Low & middle income,1990,
Low & middle income,1989,
Low & middle income,1988,
Low & middle income,1987,
Low & middle income,1986,
Low & middle income,1985,
Low & middle income,1984,
Low & middle income,1983,
Low & middle income,1982,
Low & middle income,1981,
Low & middle income,1980,
Low & middle income,1979,
Low & middle income,1978,
Low & middle income,1977,
Low & middle income,1976,
Low & middle income,1975,
Low & middle income,1974,
Low & middle income,1973,
Low & middle income,1972,
Low & middle income,1971,
Low & middle income,1970,
Low & middle income,1969,
Low & middle income,1968,
Low & middle income,1967,
Low & middle income,1966,
Low & middle income,1965,
Low & middle income,1964,
Low & middle income,1963,
Low & middle income,1962,
Low & middle income,1961,
Low & middle income,1960,
Low income,2023,
Low income,2022,
Low income,2021,
Low income,2020,
Low income,2019,
Low income,2018,
Low income,2017,
Low income,2016,
Low income,2015,
Low income,2014,
Low income,2013,
Low income,2012,
Low income,2011,
Low income,2010,
Low income,2009,
Low income,2008,
Low income,2007,
Low income,2006,
Low income,2005,
Low income,2004,
Low income,2003,
Low income,2002,
Low income,2001,
Low income,2000,
Low income,1999,
Low income,1998,
Low income,1997,
Low income,1996,
Low income,1995,
Low income,1994,
Low income,1993,
Low income,1992,
Low income,1991,
Low income,1990,
Low income,1989,
Low income,1988,
Low income,1987,
Low income,1986,
Low income,1985,
Low income,1984,
Low income,1983,
Low income,1982,
Low income,1981,
Low income,1980,
Low income,1979,
Low income,1978,
Low income,1977,
Low income,1976,
Low income,1975,
Low income,1974,
Low income,1973,
Low income,1972,
Low income,1971,
Low income,1970,
Low income,1969,
Low income,1968,
Low income,1967,
Low income,1966,
Low income,1965,
Low income,1964,
Low income,1963,
Low income,1962,
Low income,1961,
Low income,1960,
Lower middle income,2023,
Lower middle income,2022,
Lower middle income,2021,
Lower middle income,2020,
Lower middle income,2019,
Lower middle income,2018,
Lower middle income,2017,
Lower middle income,2016,
Lower middle income,2015,
Lower middle income,2014,
Lower middle income,2013,
Lower middle income,2012,
Lower middle income,2011,
Lower middle income,2010,
Lower middle income,2009,
Lower middle income,2008,
Lower middle income,2007,
Lower middle income,2006,
Lower middle income,2005,
Lower middle income,2004,
Lower middle income,2003,
Lower middle income,2002,
Lower middle income,2001,
Lower middle income,2000,
Lower middle income,1999,
Lower middle income,1998,
Lower middle income,1997,
Lower middle income,1996,
Lower middle income,1995,
Lower middle income,1994,
Lower middle income,1993,
Lower middle income,1992,
Lower middle income,1991,
Lower middle income,1990,
Lower middle income,1989,
Lower middle income,1988,
Lower middle income,1987,
Lower middle income,1986,
Lower middle income,1985,
Lower middle income,1984,
Lower middle income,1983,
Lower middle income,1982,
Lower middle income,1981,
Lower middle income,1980,
Lower middle income,1979,
Lower middle income,1978,
Lower middle income,1977,
Lower middle income,1976,
Lower middle income,1975,
Lower middle income,1974,
Lower middle income,1973,
Lower middle income,1972,
Lower middle income,1971,
Lower middle income,1970,
Lower middle income,1969,
Lower middle income,1968,
Lower middle income,1967,
Lower middle income,1966,
Lower middle income,1965,
Lower middle income,1964,
Lower middle income,1963,
Lower middle income,1962,
Lower middle income,1961,
Lower middle income,1960,
Middle East & North Africa,2023,
Middle East & North Africa,2022,
Middle East & North Africa,2021,
Middle East & North Africa,2020,
Middle East & North Africa,2019,
Middle East & North Africa,2018,
Middle East & North Africa,2017,
Middle East & North Africa,2016,
Middle East & North Africa,2015,
Middle East & North Africa,2014,
Middle East & North Africa,2013,
Middle East & North Africa,2012,
Middle East & North Africa,2011,
Middle East & North Africa,2010,
Middle East & North Africa,2009,
Middle East & North Africa,2008,
Middle East & North Africa,2007,
Middle East & North Africa,2006,
Middle East & North Africa,2005,
Middle East & North Africa,2004,
Middle East & North Africa,2003,
Middle East & North Africa,2002,
Middle East & North Africa,2001,
Middle East & North Africa,2000,
Middle East & North Africa,1999,
Middle East & North Africa,1998,
Middle East & North Africa,1997,
Middle East & North Africa,1996,
Middle East & North Africa,1995,
Middle East & North Africa,1994,
Middle East & North Africa,1993,
Middle East & North Africa,1992,
Middle East & North Africa,1991,
Middle East & North Africa,1990,
Middle East & North Africa,1989,
Middle East & North Africa,1988,
Middle East & North Africa,1987,
Middle East & North Africa,1986,
Middle East & North Africa,1985,
Middle East & North Africa,1984,
Middle East & North Africa,1983,
Middle East & North Africa,1982,
Middle East & North Africa,1981,
Middle East & North Africa,1980,
Middle East & North Africa,1979,
Middle East & North Africa,1978,
Middle East & North Africa,1977,
Middle East & North Africa,1976,
Middle East & North Africa,1975,
Middle East & North Africa,1974,
Middle East & North Africa,1973,
Middle East & North Africa,1972,
Middle East & North Africa,1971,
Middle East & North Africa,1970,
Middle East & North Africa,1969,
Middle East & North Africa,1968,
Middle East & North Africa,1967,
Middle East & North Africa,1966,
Middle East & North Africa,1965,
Middle East & North Africa,1964,
Middle East & North Africa,1963,
Middle East & North Africa,1962,
Middle East & North Africa,1961,
Middle East & North Africa,1960,
Middle East & North Africa (excluding high income),2023,
Middle East & North Africa (excluding high income),2022,
Middle East & North Africa (excluding high income),2021,
Middle East & North Africa (excluding high income),2020,
Middle East & North Africa (excluding high income),2019,
Middle East & North Africa (excluding high income),2018,
Middle East & North Africa (excluding high income),2017,
Middle East & North Africa (excluding high income),2016,
Middle East & North Africa (excluding high income),2015,
Middle East & North Africa (excluding high income),2014,
Middle East & North Africa (excluding high income),2013,
Middle East & North Africa (excluding high income),2012,
Middle East & North Africa (excluding high income),2011,
Middle East & North Africa (excluding high income),2010,
Middle East & North Africa (excluding high income),2009,
Middle East & North Africa (excluding high income),2008,
Middle East & North Africa (excluding high income),2007,
Middle East & North Africa (excluding high income),2006,
Middle East & North Africa (excluding high income),2005,
Middle East & North Africa (excluding high income),2004,
Middle East & North Africa (excluding high income),2003,
Middle East & North Africa (excluding high income),2002,
Middle East & North Africa (excluding high income),2001,
Middle East & North Africa (excluding high income),2000,
Middle East & North Africa (excluding high income),1999,
Middle East & North Africa (excluding high income),1998,
Middle East & North Africa (excluding high income),1997,
Middle East & North Africa (excluding high income),1996,
Middle East & North Africa (excluding high income),1995,
Middle East & North Africa (excluding high income),1994,
Middle East & North Africa (excluding high income),1993,
Middle East & North Africa (excluding high income),1992,
Middle East & North Africa (excluding high income),1991,
Middle East & North Africa (excluding high income),1990,
Middle East & North Africa (excluding high income),1989,
Middle East & North Africa (excluding high income),1988,
Middle East & North Africa (excluding high income),1987,
Middle East & North Africa (excluding high income),1986,
Middle East & North Africa (excluding high income),1985,
Middle East & North Africa (excluding high income),1984,
Middle East & North Africa (excluding high income),1983,
Middle East & North Africa (excluding high income),1982,
Middle East & North Africa (excluding high income),1981,
Middle East & North Africa (excluding high income),1980,
Middle East & North Africa (excluding high income),1979,
Middle East & North Africa (excluding high income),1978,
Middle East & North Africa (excluding high income),1977,
Middle East & North Africa (excluding high income),1976,
Middle East & North Africa (excluding high income),1975,
Middle East & North Africa (excluding high income),1974,
Middle East & North Africa (excluding high income),1973,
Middle East & North Africa (excluding high income),1972,
Middle East & North Africa (excluding high income),1971,
Middle East & North Africa (excluding high income),1970,
Middle East & North Africa (excluding high income),1969,
Middle East & North Africa (excluding high income),1968,
Middle East & North Africa (excluding high income),1967,
Middle East & North Africa (excluding high income),1966,
Middle East & North Africa (excluding high income),1965,
Middle East & North Africa (excluding high income),1964,
Middle East & North Africa (excluding high income),1963,
Middle East & North Africa (excluding high income),1962,
Middle East & North Africa (excluding high income),1961,
Middle East & North Africa (excluding high income),1960,
Middle East & North Africa (IDA & IBRD countries),2023,
Middle East & North Africa (IDA & IBRD countries),2022,
Middle East & North Africa (IDA & IBRD countries),2021,
Middle East & North Africa (IDA & IBRD countries),2020,
Middle East & North Africa (IDA & IBRD countries),2019,
Middle East & North Africa (IDA & IBRD countries),2018,
Middle East & North Africa (IDA & IBRD countries),2017,
Middle East & North Africa (IDA & IBRD countries),2016,
Middle East & North Africa (IDA & IBRD countries),2015,
Middle East & North Africa (IDA & IBRD countries),2014,
Middle East & North Africa (IDA & IBRD countries),2013,
Middle East & North Africa (IDA & IBRD countries),2012,
Middle East & North Africa (IDA & IBRD countries),2011,
Middle East & North Africa (IDA & IBRD countries),2010,
Middle East & North Africa (IDA & IBRD countries),2009,
Middle East & North Africa (IDA & IBRD countries),2008,
Middle East & North Africa (IDA & IBRD countries),2007,
Middle East & North Africa (IDA & IBRD countries),2006,
Middle East & North Africa (IDA & IBRD countries),2005,
Middle East & North Africa (IDA & IBRD countries),2004,
Middle East & North Africa (IDA & IBRD countries),2003,
Middle East & North Africa (IDA & IBRD countries),2002,
Middle East & North Africa (IDA & IBRD countries),2001,
Middle East & North Africa (IDA & IBRD countries),2000,
Middle East & North Africa (IDA & IBRD countries),1999,
Middle East & North Africa (IDA & IBRD countries),1998,
Middle East & North Africa (IDA & IBRD countries),1997,
Middle East & North Africa (IDA & IBRD countries),1996,
Middle East & North Africa (IDA & IBRD countries),1995,
Middle East & North Africa (IDA & IBRD countries),1994,
Middle East & North Africa (IDA & IBRD countries),1993,
Middle East & North Africa (IDA & IBRD countries),1992,
Middle East & North Africa (IDA & IBRD countries),1991,
Middle East & North Africa (IDA & IBRD countries),1990,
Middle East & North Africa (IDA & IBRD countries),1989,
Middle East & North Africa (IDA & IBRD countries),1988,
Middle East & North Africa (IDA & IBRD countries),1987,
Middle East & North Africa (IDA & IBRD countries),1986,
Middle East & North Africa (IDA & IBRD countries),1985,
Middle East & North Africa (IDA & IBRD countries),1984,
Middle East & North Africa (IDA & IBRD countries),1983,
Middle East & North Africa (IDA & IBRD countries),1982,
Middle East & North Africa (IDA & IBRD countries),1981,
Middle East & North Africa (IDA & IBRD countries),1980,
Middle East & North Africa (IDA & IBRD countries),1979,
Middle East & North Africa (IDA & IBRD countries),1978,
Middle East & North Africa (IDA & IBRD countries),1977,
Middle East & North Africa (IDA & IBRD countries),1976,
Middle East & North Africa (IDA & IBRD countries),1975,
Middle East & North Africa (IDA & IBRD countries),1974,
Middle East & North Africa (IDA & IBRD countries),1973,
Middle East & North Africa (IDA & IBRD countries),1972,
Middle East & North Africa (IDA & IBRD countries),1971,
Middle East & North Africa (IDA & IBRD countries),1970,
Middle East & North Africa (IDA & IBRD countries),1969,
Middle East & North Africa (IDA & IBRD countries),1968,
Middle East & North Africa (IDA & IBRD countries),1967,
Middle East & North Africa (IDA & IBRD countries),1966,
Middle East & North Africa (IDA & IBRD countries),1965,
Middle East & North Africa (IDA & IBRD countries),1964,
Middle East & North Africa (IDA & IBRD countries),1963,
Middle East & North Africa (IDA & IBRD countries),1962,
Middle East & North Africa (IDA & IBRD countries),1961,
Middle East & North Africa (IDA & IBRD countries),1960,
Middle income,2023,
Middle income,2022,
Middle income,2021,
Middle income,2020,
Middle income,2019,
Middle income,2018,
Middle income,2017,
Middle income,2016,
Middle income,2015,
Middle income,2014,
Middle income,2013,
Middle income,2012,
Middle income,2011,
Middle income,2010,
Middle income,2009,
Middle income,2008,
Middle income,2007,
Middle income,2006,
Middle income,2005,
Middle income,2004,
Middle income,2003,
Middle income,2002,
Middle income,2001,
Middle income,2000,
Middle income,1999,
Middle income,1998,
Middle income,1997,
Middle income,1996,
Middle income,1995,
Middle income,1994,
Middle income,1993,
Middle income,1992,
Middle income,1991,
Middle income,1990,
Middle income,1989,
Middle income,1988,
Middle income,1987,
Middle income,1986,
Middle income,1985,
Middle income,1984,
Middle income,1983,
Middle income,1982,
Middle income,1981,
Middle income,1980,
Middle income,1979,
Middle income,1978,
Middle income,1977,
Middle income,1976,
Middle income,1975,
Middle income,1974,
Middle income,1973,
Middle income,1972,
Middle income,1971,
Middle income,1970,
Middle income,1969,
Middle income,1968,
Middle income,1967,
Middle income,1966,
Middle income,1965,
Middle income,1964,
Middle income,1963,
Middle income,1962,
Middle income,1961,
Middle income,1960,
North America,2023,
North America,2022,
North America,2021,
North America,2020,
North America,2019,
North America,2018,
North America,2017,
North America,2016,
North America,2015,
North America,2014,
North America,2013,
North America,2012,
North America,2011,
North America,2010,
North America,2009,
North America,2008,
North America,2007,
North America,2006,
North America,2005,
North America,2004,
North America,2003,
North America,2002,
North America,2001,
North America,2000,
North America,1999,
North America,1998,
North America,1997,
North America,1996,
North America,1995,
North America,1994,
North America,1993,
North America,1992,
North America,1991,
North America,1990,
North America,1989,
North America,1988,
North America,1987,
North America,1986,
North America,1985,
North America,1984,
North America,1983,
North America,1982,
North America,1981,
North America,1980,
North America,1979,
North America,1978,
North America,1977,
North America,1976,
North America,1975,
North America,1974,
North America,1973,
North America,1972,
North America,1971,
North America,1970,
North America,1969,
North America,1968,
North America,1967,
North America,1966,
North America,1965,
North America,1964,
North America,1963,
North America,1962,
North America,1961,
North America,1960,
Not classified,2023,
Not classified,2022,
Not classified,2021,
Not classified,2020,
Not classified,2019,
Not classified,2018,
Not classified,2017,
Not classified,2016,
Not classified,2015,
Not classified,2014,
Not classified,2013,
Not classified,2012,
Not classified,2011,
Not classified,2010,
Not classified,2009,
Not classified,2008,
Not classified,2007,
Not classified,2006,
Not classified,2005,
Not classified,2004,
Not classified,2003,
Not classified,2002,
Not classified,2001,
Not classified,2000,
Not classified,1999,
Not classified,1998,
Not classified,1997,
Not classified,1996,
Not classified,1995,
Not classified,1994,
Not classified,1993,
Not classified,1992,
Not classified,1991,
Not classified,1990,
Not classified,1989,
Not classified,1988,
Not classified,1987,
Not classified,1986,
Not classified,1985,
Not classified,1984,
Not classified,1983,
Not classified,1982,
Not classified,1981,
Not classified,1980,
Not classified,1979,
Not classified,1978,
Not classified,1977,
Not classified,1976,
Not classified,1975,
Not classified,1974,
Not classified,1973,
Not classified,1972,
Not classified,1971,
Not classified,1970,
Not classified,1969,
Not classified,1968,
Not classified,1967,
Not classified,1966,
Not classified,1965,
Not classified,1964,
Not classified,1963,
Not classified,1962,
Not classified,1961,
Not classified,1960,
OECD members,2023,
OECD members,2022,
OECD members,2021,
OECD members,2020,
OECD members,2019,
OECD members,2018,
OECD members,2017,
OECD members,2016,
OECD members,2015,
OECD members,2014,
OECD members,2013,
OECD members,2012,
OECD members,2011,
OECD members,2010,
OECD members,2009,
OECD members,2008,
OECD members,2007,
OECD members,2006,
OECD members,2005,
OECD members,2004,
OECD members,2003,
OECD members,2002,
OECD members,2001,
OECD members,2000,
OECD members,1999,
OECD members,1998,
OECD members,1997,
OECD members,1996,
OECD members,1995,
OECD members,1994,
OECD members,1993,
OECD members,1992,
OECD members,1991,
OECD members,1990,
OECD members,1989,
OECD members,1988,
OECD members,1987,
OECD members,1986,
OECD members,1985,
OECD members,1984,
OECD members,1983,
OECD members,1982,
OECD members,1981,
OECD members,1980,
OECD members,1979,
OECD members,1978,
OECD members,1977,
OECD members,1976,
OECD members,1975,
OECD members,1974,
OECD members,1973,
OECD members,1972,
OECD members,1971,
OECD members,1970,
OECD members,1969,
OECD members,1968,
OECD members,1967,
OECD members,1966,
OECD members,1965,
OECD members,1964,
OECD members,1963,
OECD members,1962,
OECD members,1961,
OECD members,1960,
Other small states,2023,
Other small states,2022,
Other small states,2021,
Other small states,2020,
Other small states,2019,
Other small states,2018,
Other small states,2017,
Other small states,2016,
Other small states,2015,
Other small states,2014,
Other small states,2013,
Other small states,2012,
Other small states,2011,
Other small states,2010,
Other small states,2009,
Other small states,2008,
Other small states,2007,
Other small states,2006,
Other small states,2005,
Other small states,2004,
Other small states,2003,
Other small states,2002,
Other small states,2001,
Other small states,2000,
Other small states,1999,
Other small states,1998,
Other small states,1997,
Other small states,1996,
Other small states,1995,
Other small states,1994,
Other small states,1993,
Other small states,1992,
Other small states,1991,
Other small states,1990,
Other small states,1989,
Other small states,1988,
Other small states,1987,
Other small states,1986,
Other small states,1985,
Other small states,1984,
Other small states,1983,
Other small states,1982,
Other small states,1981,
Other small states,1980,
Other small states,1979,
Other small states,1978,
Other small states,1977,
Other small states,1976,
Other small states,1975,
Other small states,1974,
Other small states,1973,
Other small states,1972,
Other small states,1971,
Other small states,1970,
Other small states,1969,
Other small states,1968,
Other small states,1967,
Other small states,1966,
Other small states,1965,
Other small states,1964,
Other small states,1963,
Other small states,1962,
Other small states,1961,
Other small states,1960,
Pacific island small states,2023,
Pacific island small states,2022,
Pacific island small states,2021,
Pacific island small states,2020,
Pacific island small states,2019,
Pacific island small states,2018,
Pacific island small states,2017,
Pacific island small states,2016,
Pacific island small states,2015,
Pacific island small states,2014,
Pacific island small states,2013,
Pacific island small states,2012,
Pacific island small states,2011,
Pacific island small states,2010,
Pacific island small states,2009,
Pacific island small states,2008,
Pacific island small states,2007,
Pacific island small states,2006,
Pacific island small states,2005,
Pacific island small states,2004,
Pacific island small states,2003,
Pacific island small states,2002,
Pacific island small states,2001,
Pacific island small states,2000,
Pacific island small states,1999,
Pacific island small states,1998,
Pacific island small states,1997,
Pacific island small states,1996,
Pacific island small states,1995,
Pacific island small states,1994,
Pacific island small states,1993,
Pacific island small states,1992,
Pacific island small states,1991,
Pacific island small states,1990,
Pacific island small states,1989,
Pacific island small states,1988,
Pacific island small states,1987,
Pacific island small states,1986,
Pacific island small states,1985,
Pacific island small states,1984,
Pacific island small states,1983,
Pacific island small states,1982,
Pacific island small states,1981,
Pacific island small states,1980,
Pacific island small states,1979,
Pacific island small states,1978,
Pacific island small states,1977,
Pacific island small states,1976,
Pacific island small states,1975,
Pacific island small states,1974,
Pacific island small states,1973,
Pacific island small states,1972,
Pacific island small states,1971,
Pacific island small states,1970,
Pacific island small states,1969,
Pacific island small states,1968,
Pacific island small states,1967,
Pacific island small states,1966,
Pacific island small states,1965,
Pacific island small states,1964,
Pacific island small states,1963,
Pacific island small states,1962,
Pacific island small states,1961,
Pacific island small states,1960,
Post-demographic dividend,2023,
Post-demographic dividend,2022,
Post-demographic dividend,2021,
Post-demographic dividend,2020,
Post-demographic dividend,2019,
Post-demographic dividend,2018,
Post-demographic dividend,2017,
Post-demographic dividend,2016,
Post-demographic dividend,2015,
Post-demographic dividend,2014,
Post-demographic dividend,2013,
Post-demographic dividend,2012,
Post-demographic dividend,2011,
Post-demographic dividend,2010,
Post-demographic dividend,2009,
Post-demographic dividend,2008,
Post-demographic dividend,2007,
Post-demographic dividend,2006,
Post-demographic dividend,2005,
Post-demographic dividend,2004,
Post-demographic dividend,2003,
Post-demographic dividend,2002,
Post-demographic dividend,2001,
Post-demographic dividend,2000,
Post-demographic dividend,1999,
Post-demographic dividend,1998,
Post-demographic dividend,1997,
Post-demographic dividend,1996,
Post-demographic dividend,1995,
Post-demographic dividend,1994,
Post-demographic dividend,1993,
Post-demographic dividend,1992,
Post-demographic dividend,1991,
Post-demographic dividend,1990,
Post-demographic dividend,1989,
Post-demographic dividend,1988,
Post-demographic dividend,1987,
Post-demographic dividend,1986,
Post-demographic dividend,1985,
Post-demographic dividend,1984,
Post-demographic dividend,1983,
Post-demographic dividend,1982,
Post-demographic dividend,1981,
Post-demographic dividend,1980,
Post-demographic dividend,1979,
Post-demographic dividend,1978,
Post-demographic dividend,1977,
Post-demographic dividend,1976,
Post-demographic dividend,1975,
Post-demographic dividend,1974,
Post-demographic dividend,1973,
Post-demographic dividend,1972,
Post-demographic dividend,1971,
Post-demographic dividend,1970,
Post-demographic dividend,1969,
Post-demographic dividend,1968,
Post-demographic dividend,1967,
Post-demographic dividend,1966,
Post-demographic dividend,1965,
Post-demographic dividend,1964,
Post-demographic dividend,1963,
Post-demographic dividend,1962,
Post-demographic dividend,1961,
Post-demographic dividend,1960,
Pre-demographic dividend,2023,
Pre-demographic dividend,2022,
Pre-demographic dividend,2021,
Pre-demographic dividend,2020,
Pre-demographic dividend,2019,
Pre-demographic dividend,2018,
Pre-demographic dividend,2017,
Pre-demographic dividend,2016,
Pre-demographic dividend,2015,
Pre-demographic dividend,2014,
Pre-demographic dividend,2013,
Pre-demographic dividend,2012,
Pre-demographic dividend,2011,
Pre-demographic dividend,2010,
Pre-demographic dividend,2009,
Pre-demographic dividend,2008,
Pre-demographic dividend,2007,
Pre-demographic dividend,2006,
Pre-demographic dividend,2005,
Pre-demographic dividend,2004,
Pre-demographic dividend,2003,
Pre-demographic dividend,2002,
Pre-demographic dividend,2001,
Pre-demographic dividend,2000,
Pre-demographic dividend,1999,
Pre-demographic dividend,1998,
Pre-demographic dividend,1997,
Pre-demographic dividend,1996,
Pre-demographic dividend,1995,
Pre-demographic dividend,1994,
Pre-demographic dividend,1993,
Pre-demographic dividend,1992,
Pre-demographic dividend,1991,
Pre-demographic dividend,1990,
Pre-demographic dividend,1989,
Pre-demographic dividend,1988,
Pre-demographic dividend,1987,
Pre-demographic dividend,1986,
Pre-demographic dividend,1985,
Pre-demographic dividend,1984,
Pre-demographic dividend,1983,
Pre-demographic dividend,1982,
Pre-demographic dividend,1981,
Pre-demographic dividend,1980,
Pre-demographic dividend,1979,
Pre-demographic dividend,1978,
Pre-demographic dividend,1977,
Pre-demographic dividend,1976,
Pre-demographic dividend,1975,
Pre-demographic dividend,1974,
Pre-demographic dividend,1973,
Pre-demographic dividend,1972,
Pre-demographic dividend,1971,
Pre-demographic dividend,1970,
Pre-demographic dividend,1969,
Pre-demographic dividend,1968,
Pre-demographic dividend,1967,
Pre-demographic dividend,1966,
Pre-demographic dividend,1965,
Pre-demographic dividend,1964,
Pre-demographic dividend,1963,
Pre-demographic dividend,1962,
Pre-demographic dividend,1961,
Pre-demographic dividend,1960,
Small states,2023,
Small states,2022,
Small states,2021,
Small states,2020,
Small states,2019,
Small states,2018,
Small states,2017,
Small states,2016,
Small states,2015,
Small states,2014,
Small states,2013,
Small states,2012,
Small states,2011,
Small states,2010,
Small states,2009,
Small states,2008,
Small states,2007,
Small states,2006,
Small states,2005,
Small states,2004,
Small states,2003,
Small states,2002,
Small states,2001,
Small states,2000,
Small states,1999,
Small states,1998,
Small states,1997,
Small states,1996,
Small states,1995,
Small states,1994,
Small states,1993,
Small states,1992,
Small states,1991,
Small states,1990,
Small states,1989,
Small states,1988,
Small states,1987,
Small states,1986,
Small states,1985,
Small states,1984,
Small states,1983,
Small states,1982,
Small states,1981,
Small states,1980,
Small states,1979,
Small states,1978,
Small states,1977,
Small states,1976,
Small states,1975,
Small states,1974,
Small states,1973,
Small states,1972,
Small states,1971,
Small states,1970,
Small states,1969,
Small states,1968,
Small states,1967,
Small states,1966,
Small states,1965,
Small states,1964,
Small states,1963,
Small states,1962,
Small states,1961,
Small states,1960,
South Asia,2023,
South Asia,2022,
South Asia,2021,
South Asia,2020,
South Asia,2019,
South Asia,2018,
South Asia,2017,
South Asia,2016,
South Asia,2015,
South Asia,2014,
South Asia,2013,
South Asia,2012,
South Asia,2011,
South Asia,2010,
South Asia,2009,
South Asia,2008,
South Asia,2007,
South Asia,2006,
South Asia,2005,
South Asia,2004,
South Asia,2003,
South Asia,2002,
South Asia,2001,
South Asia,2000,
South Asia,1999,
South Asia,1998,
South Asia,1997,
South Asia,1996,
South Asia,1995,
South Asia,1994,
South Asia,1993,
South Asia,1992,
South Asia,1991,
South Asia,1990,
South Asia,1989,
South Asia,1988,
South Asia,1987,
South Asia,1986,
South Asia,1985,
South Asia,1984,
South Asia,1983,
South Asia,1982,
South Asia,1981,
South Asia,1980,
South Asia,1979,
South Asia,1978,
South Asia,1977,
South Asia,1976,
South Asia,1975,
South Asia,1974,
South Asia,1973,
South Asia,1972,
South Asia,1971,
South Asia,1970,
South Asia,1969,
South Asia,1968,
South Asia,1967,
South Asia,1966,
South Asia,1965,
South Asia,1964,
South Asia,1963,
South Asia,1962,
South Asia,1961,
South Asia,1960,
South Asia (IDA & IBRD),2023,
South Asia (IDA & IBRD),2022,
South Asia (IDA & IBRD),2021,
South Asia (IDA & IBRD),2020,
South Asia (IDA & IBRD),2019,
South Asia (IDA & IBRD),2018,
South Asia (IDA & IBRD),2017,
South Asia (IDA & IBRD),2016,
South Asia (IDA & IBRD),2015,
South Asia (IDA & IBRD),2014,
South Asia (IDA & IBRD),2013,
South Asia (IDA & IBRD),2012,
South Asia (IDA & IBRD),2011,
South Asia (IDA & IBRD),2010,
South Asia (IDA & IBRD),2009,
South Asia (IDA & IBRD),2008,
South Asia (IDA & IBRD),2007,
South Asia (IDA & IBRD),2006,
South Asia (IDA & IBRD),2005,
South Asia (IDA & IBRD),2004,
South Asia (IDA & IBRD),2003,
South Asia (IDA & IBRD),2002,
South Asia (IDA & IBRD),2001,
South Asia (IDA & IBRD),2000,
South Asia (IDA & IBRD),1999,
South Asia (IDA & IBRD),1998,
South Asia (IDA & IBRD),1997,
South Asia (IDA & IBRD),1996,
South Asia (IDA & IBRD),1995,
South Asia (IDA & IBRD),1994,
South Asia (IDA & IBRD),1993,
South Asia (IDA & IBRD),1992,
South Asia (IDA & IBRD),1991,
South Asia (IDA & IBRD),1990,
South Asia (IDA & IBRD),1989,
South Asia (IDA & IBRD),1988,
South Asia (IDA & IBRD),1987,
South Asia (IDA & IBRD),1986,
South Asia (IDA & IBRD),1985,
South Asia (IDA & IBRD),1984,
South Asia (IDA & IBRD),1983,
South Asia (IDA & IBRD),1982,
South Asia (IDA & IBRD),1981,
South Asia (IDA & IBRD),1980,
South Asia (IDA & IBRD),1979,
South Asia (IDA & IBRD),1978,
South Asia (IDA & IBRD),1977,
South Asia (IDA & IBRD),1976,
South Asia (IDA & IBRD),1975,
South Asia (IDA & IBRD),1974,
South Asia (IDA & IBRD),1973,
South Asia (IDA & IBRD),1972,
South Asia (IDA & IBRD),1971,
South Asia (IDA & IBRD),1970,
South Asia (IDA & IBRD),1969,
South Asia (IDA & IBRD),1968,
South Asia (IDA & IBRD),1967,
South Asia (IDA & IBRD),1966,
South Asia (IDA & IBRD),1965,
South Asia (IDA & IBRD),1964,
South Asia (IDA & IBRD),1963,
South Asia (IDA & IBRD),1962,
South Asia (IDA & IBRD),1961,
South Asia (IDA & IBRD),1960,
Sub-Saharan Africa,2023,
Sub-Saharan Africa,2022,
Sub-Saharan Africa,2021,
Sub-Saharan Africa,2020,
Sub-Saharan Africa,2019,
Sub-Saharan Africa,2018,
Sub-Saharan Africa,2017,
Sub-Saharan Africa,2016,
Sub-Saharan Africa,2015,
Sub-Saharan Africa,2014,
Sub-Saharan Africa,2013,
Sub-Saharan Africa,2012,
Sub-Saharan Africa,2011,
Sub-Saharan Africa,2010,
Sub-Saharan Africa,2009,
Sub-Saharan Africa,2008,
Sub-Saharan Africa,2007,
Sub-Saharan Africa,2006,
Sub-Saharan Africa,2005,
Sub-Saharan Africa,2004,
Sub-Saharan Africa,2003,
Sub-Saharan Africa,2002,
Sub-Saharan Africa,2001,
Sub-Saharan Africa,2000,
Sub-Saharan Africa,1999,
Sub-Saharan Africa,1998,
Sub-Saharan Africa,1997,
Sub-Saharan Africa,1996,
Sub-Saharan Africa,1995,
Sub-Saharan Africa,1994,
Sub-Saharan Africa,1993,
Sub-Saharan Africa,1992,
Sub-Saharan Africa,1991,
Sub-Saharan Africa,1990,
Sub-Saharan Africa,1989,
Sub-Saharan Africa,1988,
Sub-Saharan Africa,1987,
Sub-Saharan Africa,1986,
Sub-Saharan Africa,1985,
Sub-Saharan Africa,1984,
Sub-Saharan Africa,1983,
Sub-Saharan Africa,1982,
Sub-Saharan Africa,1981,
Sub-Saharan Africa,1980,
Sub-Saharan Africa,1979,
Sub-Saharan Africa,1978,
Sub-Saharan Africa,1977,
Sub-Saharan Africa,1976,
Sub-Saharan Africa,1975,
Sub-Saharan Africa,1974,
Sub-Saharan Africa,1973,
Sub-Saharan Africa,1972,
Sub-Saharan Africa,1971,
Sub-Saharan Africa,1970,
Sub-Saharan Africa,1969,
Sub-Saharan Africa,1968,
Sub-Saharan Africa,1967,
Sub-Saharan Africa,1966,
Sub-Saharan Africa,1965,
Sub-Saharan Africa,1964,
Sub-Saharan Africa,1963,
Sub-Saharan Africa,1962,
Sub-Saharan Africa,1961,
Sub-Saharan Africa,1960,
Sub-Saharan Africa (excluding high income),2023,
Sub-Saharan Africa (excluding high income),2022,
Sub-Saharan Africa (excluding high income),2021,
Sub-Saharan Africa (excluding high income),2020,
Sub-Saharan Africa (excluding high income),2019,
Sub-Saharan Africa (excluding high income),2018,
Sub-Saharan Africa (excluding high income),2017,
Sub-Saharan Africa (excluding high income),2016,
Sub-Saharan Africa (excluding high income),2015,
Sub-Saharan Africa (excluding high income),2014,
Sub-Saharan Africa (excluding high income),2013,
Sub-Saharan Africa (excluding high income),2012,
Sub-Saharan Africa (excluding high income),2011,
Sub-Saharan Africa (excluding high income),2010,
Sub-Saharan Africa (excluding high income),2009,
Sub-Saharan Africa (excluding high income),2008,
Sub-Saharan Africa (excluding high income),2007,
Sub-Saharan Africa (excluding high income),2006,
Sub-Saharan Africa (excluding high income),2005,
Sub-Saharan Africa (excluding high income),2004,
Sub-Saharan Africa (excluding high income),2003,
Sub-Saharan Africa (excluding high income),2002,
Sub-Saharan Africa (excluding high income),2001,
Sub-Saharan Africa (excluding high income),2000,
Sub-Saharan Africa (excluding high income),1999,
Sub-Saharan Africa (excluding high income),1998,
Sub-Saharan Africa (excluding high income),1997,
Sub-Saharan Africa (excluding high income),1996,
Sub-Saharan Africa (excluding high income),1995,
Sub-Saharan Africa (excluding high income),1994,
Sub-Saharan Africa (excluding high income),1993,
Sub-Saharan Africa (excluding high income),1992,
Sub-Saharan Africa (excluding high income),1991,
Sub-Saharan Africa (excluding high income),1990,
Sub-Saharan Africa (excluding high income),1989,
Sub-Saharan Africa (excluding high income),1988,
Sub-Saharan Africa (excluding high income),1987,
Sub-Saharan Africa (excluding high income),1986,
Sub-Saharan Africa (excluding high income),1985,
Sub-Saharan Africa (excluding high income),1984,
Sub-Saharan Africa (excluding high income),1983,
Sub-Saharan Africa (excluding high income),1982,
Sub-Saharan Africa (excluding high income),1981,
Sub-Saharan Africa (excluding high income),1980,
Sub-Saharan Africa (excluding high income),1979,
Sub-Saharan Africa (excluding high income),1978,
Sub-Saharan Africa (excluding high income),1977,
Sub-Saharan Africa (excluding high income),1976,
Sub-Saharan Africa (excluding high income),1975,
Sub-Saharan Africa (excluding high income),1974,
Sub-Saharan Africa (excluding high income),1973,
Sub-Saharan Africa (excluding high income),1972,
Sub-Saharan Africa (excluding high income),1971,
Sub-Saharan Africa (excluding high income),1970,
Sub-Saharan Africa (excluding high income),1969,
Sub-Saharan Africa (excluding high income),1968,
Sub-Saharan Africa (excluding high income),1967,
Sub-Saharan Africa (excluding high income),1966,
Sub-Saharan Africa (excluding high income),1965,
Sub-Saharan Africa (excluding high income),1964,
Sub-Saharan Africa (excluding high income),1963,
Sub-Saharan Africa (excluding high income),1962,
Sub-Saharan Africa (excluding high income),1961,
Sub-Saharan Africa (excluding high income),1960,
Sub-Saharan Africa (IDA & IBRD countries),2023,
Sub-Saharan Africa (IDA & IBRD countries),2022,
Sub-Saharan Africa (IDA & IBRD countries),2021,
Sub-Saharan Africa (IDA & IBRD countries),2020,
Sub-Saharan Africa (IDA & IBRD countries),2019,
Sub-Saharan Africa (IDA & IBRD countries),2018,
Sub-Saharan Africa (IDA & IBRD countries),2017,
Sub-Saharan Africa (IDA & IBRD countries),2016,
Sub-Saharan Africa (IDA & IBRD countries),2015,
Sub-Saharan Africa (IDA & IBRD countries),2014,
Sub-Saharan Africa (IDA & IBRD countries),2013,
Sub-Saharan Africa (IDA & IBRD countries),2012,
Sub-Saharan Africa (IDA & IBRD countries),2011,
Sub-Saharan Africa (IDA & IBRD countries),2010,
Sub-Saharan Africa (IDA & IBRD countries),2009,
Sub-Saharan Africa (IDA & IBRD countries),2008,
Sub-Saharan Africa (IDA & IBRD countries),2007,
Sub-Saharan Africa (IDA & IBRD countries),2006,
Sub-Saharan Africa (IDA & IBRD countries),2005,
Sub-Saharan Africa (IDA & IBRD countries),2004,
Sub-Saharan Africa (IDA & IBRD countries),2003,
Sub-Saharan Africa (IDA & IBRD countries),2002,
Sub-Saharan Africa (IDA & IBRD countries),2001,
Sub-Saharan Africa (IDA & IBRD countries),2000,
Sub-Saharan Africa (IDA & IBRD countries),1999,
Sub-Saharan Africa (IDA & IBRD countries),1998,
Sub-Saharan Africa (IDA & IBRD countries),1997,
Sub-Saharan Africa (IDA & IBRD countries),1996,
Sub-Saharan Africa (IDA & IBRD countries),1995,
Sub-Saharan Africa (IDA & IBRD countries),1994,
Sub-Saharan Africa (IDA & IBRD countries),1993,
Sub-Saharan Africa (IDA & IBRD countries),1992,
Sub-Saharan Africa (IDA & IBRD countries),1991,
Sub-Saharan Africa (IDA & IBRD countries),1990,
Sub-Saharan Africa (IDA & IBRD countries),1989,
Sub-Saharan Africa (IDA & IBRD countries),1988,
Sub-Saharan Africa (IDA & IBRD countries),1987,
Sub-Saharan Africa (IDA & IBRD countries),1986,
Sub-Saharan Africa (IDA & IBRD countries),1985,
Sub-Saharan Africa (IDA & IBRD countries),1984,
Sub-Saharan Africa (IDA & IBRD countries),1983,
Sub-Saharan Africa (IDA & IBRD countries),1982,
Sub-Saharan Africa (IDA & IBRD countries),1981,
Sub-Saharan Africa (IDA & IBRD countries),1980,
Sub-Saharan Africa (IDA & IBRD countries),1979,
Sub-Saharan Africa (IDA & IBRD countries),1978,
Sub-Saharan Africa (IDA & IBRD countries),1977,
Sub-Saharan Africa (IDA & IBRD countries),1976,
Sub-Saharan Africa (IDA & IBRD countries),1975,
Sub-Saharan Africa (IDA & IBRD countries),1974,
Sub-Saharan Africa (IDA & IBRD countries),1973,
Sub-Saharan Africa (IDA & IBRD countries),1972,
Sub-Saharan Africa (IDA & IBRD countries),1971,
Sub-Saharan Africa (IDA & IBRD countries),1970,
Sub-Saharan Africa (IDA & IBRD countries),1969,
Sub-Saharan Africa (IDA & IBRD countries),1968,
Sub-Saharan Africa (IDA & IBRD countries),1967,
Sub-Saharan Africa (IDA & IBRD countries),1966,
Sub-Saharan Africa (IDA & IBRD countries),1965,
Sub-Saharan Africa (IDA & IBRD countries),1964,
Sub-Saharan Africa (IDA & IBRD countries),1963,
Sub-Saharan Africa (IDA & IBRD countries),1962,
Sub-Saharan Africa (IDA & IBRD countries),1961,
Sub-Saharan Africa (IDA & IBRD countries),1960,
Upper middle income,2023,
Upper middle income,2022,
Upper middle income,2021,
Upper middle income,2020,
Upper middle income,2019,
Upper middle income,2018,
Upper middle income,2017,
Upper middle income,2016,
Upper middle income,2015,
Upper middle income,2014,
Upper middle income,2013,
Upper middle income,2012,
Upper middle income,2011,
Upper middle income,2010,
Upper middle income,2009,
Upper middle income,2008,
Upper middle income,2007,
Upper middle income,2006,
Upper middle income,2005,
Upper middle income,2004,
Upper middle income,2003,
Upper middle income,2002,
Upper middle income,2001,
Upper middle income,2000,
Upper middle income,1999,
Upper middle income,1998,
Upper middle income,1997,
Upper middle income,1996,
Upper middle income,1995,
Upper middle income,1994,
Upper middle income,1993,
Upper middle income,1992,
Upper middle income,1991,
Upper middle income,1990,
Upper middle income,1989,
Upper middle income,1988,
Upper middle income,1987,
Upper middle income,1986,
Upper middle income,1985,
Upper middle income,1984,
Upper middle income,1983,
Upper middle income,1982,
Upper middle income,1981,
Upper middle income,1980,
Upper middle income,1979,
Upper middle income,1978,
Upper middle income,1977,
Upper middle income,1976,
Upper middle income,1975,
Upper middle income,1974,
Upper middle income,1973,
Upper middle income,1972,
Upper middle income,1971,
Upper middle income,1970,
Upper middle income,1969,
Upper middle income,1968,
Upper middle income,1967,
Upper middle income,1966,
Upper middle income,1965,
Upper middle income,1964,
Upper middle income,1963,
Upper middle income,1962,
Upper middle income,1961,
Upper middle income,1960,
World,2023,
World,2022,
World,2021,
World,2020,
World,2019,
World,2018,
World,2017,
World,2016,
World,2015,
World,2014,
World,2013,
World,2012,
World,2011,
World,2010,
World,2009,
World,2008,
World,2007,
World,2006,
World,2005,
World,2004,
World,2003,
World,2002,
World,2001,
World,2000,
World,1999,
World,1998,
World,1997,
World,1996,
World,1995,
World,1994,
World,1993,
World,1992,
World,1991,
World,1990,
World,1989,
World,1988,
World,1987,
World,1986,
World,1985,
World,1984,
World,1983,
World,1982,
World,1981,
World,1980,
World,1979,
World,1978,
World,1977,
World,1976,
World,1975,
World,1974,
World,1973,
World,1972,
World,1971,
World,1970,
World,1969,
World,1968,
World,1967,
World,1966,
World,1965,
World,1964,
World,1963,
World,1962,
World,1961,
World,1960,
Afghanistan,2023,
Afghanistan,2022,
Afghanistan,2021,
Afghanistan,2020,76.8135364354897
Afghanistan,2019,77.7379491783367
Afghanistan,2018,72.083247177304
Afghanistan,2017,68.0269040822312
Afghanistan,2016,67.8660857692308
Afghanistan,2015,61.1434615416667
Afghanistan,2014,57.2475
Afghanistan,2013,55.3775
Afghanistan,2012,50.9214
Afghanistan,2011,46.747007738581
Afghanistan,2010,46.4524610013175
Afghanistan,2009,50.325
Afghanistan,2008,50.2496147435897
Afghanistan,2007,49.9620177703972
Afghanistan,2006,49.9253308333333
Afghanistan,2005,49.4945975
Afghanistan,2004,47.8453125
Afghanistan,2003,48.7627535833333
Afghanistan,2002,47.263
Afghanistan,2001,47.500014516129
Afghanistan,2000,47.3575747311828
Afghanistan,1999,46.6195310771889
Afghanistan,1998,47.5
Afghanistan,1997,47.5
Afghanistan,1996,47.5
Afghanistan,1995,36.5671446236559
Afghanistan,1994,38.818463
Afghanistan,1993,39.276429270146
Afghanistan,1992,39.276429270146
Afghanistan,1991,39.276429270146
Afghanistan,1990,39.276429270146
Afghanistan,1989,39.276429270146
Afghanistan,1988,39.276429270146
Afghanistan,1987,39.276429270146
Afghanistan,1986,39.276429270146
Afghanistan,1985,39.276429270146
Afghanistan,1984,39.276429270146
Afghanistan,1983,39.276429270146
Afghanistan,1982,39.276429270146
Afghanistan,1981,38.5616585156635
Afghanistan,1980,34.3694584015197
Afghanistan,1979,33.8461643196361
Afghanistan,1978,34.9296307738452
Afghanistan,1977,34.9296307738452
Afghanistan,1976,34.9296307738452
Afghanistan,1975,34.9296307738452
Afghanistan,1974,38.3787089832034
Afghanistan,1973,38.6922615476905
Afghanistan,1972,38.6922615476905
Afghanistan,1971,38.6922615476905
Afghanistan,1970,38.6922615476905
Afghanistan,1969,38.6922615476905
Afghanistan,1968,38.6922615476905
Afghanistan,1967,38.6922615476905
Afghanistan,1966,38.6922615476905
Afghanistan,1965,38.6922615476905
Afghanistan,1964,38.6922615476905
Afghanistan,1963,35.1096447377192
Afghanistan,1962,17.1965606878624
Afghanistan,1961,17.1965606878624
Afghanistan,1960,17.1965606878624
Albania,2023,100.645
Albania,2022,113.041666666667
Albania,2021,103.52
Albania,2020,108.65
Albania,2019,109.850833333333
Albania,2018,107.989166666667
Albania,2017,119.1
Albania,2016,124.1425
Albania,2015,125.961666666667
Albania,2014,105.48
Albania,2013,105.669166666667
Albania,2012,108.184166666667
Albania,2011,100.895833333333
Albania,2010,103.936666666667
Albania,2009,94.9781198203843
Albania,2008,83.8946041005291
Albania,2007,90.4278938310708
Albania,2006,98.1033770912698
Albania,2005,99.8702544808992
Albania,2004,102.780051196172
Albania,2003,121.86325
Albania,2002,140.154515875
Albania,2001,143.484833333333
Albania,2000,143.709416666667
Albania,1999,137.690583333333
Albania,1998,150.633333333333
Albania,1997,148.932916666667
Albania,1996,104.498916666667
Albania,1995,92.6975
Albania,1994,94.6233333333333
Albania,1993,102.0625
Albania,1992,75.0325
Albania,1991,
Albania,1990,
Albania,1989,
Albania,1988,
Albania,1987,
Albania,1986,
Albania,1985,
Albania,1984,
Albania,1983,
Albania,1982,
Albania,1981,
Albania,1980,
Albania,1979,
Albania,1978,
Albania,1977,
Albania,1976,
Albania,1975,
Albania,1974,
Albania,1973,
Albania,1972,
Albania,1971,
Albania,1970,
Albania,1969,
Albania,1968,
Albania,1967,
Albania,1966,
Albania,1965,
Albania,1964,
Albania,1963,
Albania,1962,
Albania,1961,
Albania,1960,
Algeria,2023,135.842933333333
Algeria,2022,141.994975
Algeria,2021,135.064058333333
Algeria,2020,126.7768
Algeria,2019,119.353558333333
Algeria,2018,116.593791666667
Algeria,2017,110.973016666667
Algeria,2016,109.443066666667
Algeria,2015,100.691433333333
Algeria,2014,80.5790166666667
Algeria,2013,79.3684
Algeria,2012,77.5359666666667
Algeria,2011,72.9378833333333
Algeria,2010,74.3859833333333
Algeria,2009,72.6474166666667
Algeria,2008,64.5828
Algeria,2007,69.2924
Algeria,2006,72.6466166666667
Algeria,2005,73.2763083333333
Algeria,2004,72.06065
Algeria,2003,77.394975
Algeria,2002,79.6819
Algeria,2001,77.2150208333334
Algeria,2000,75.2597916666666
Algeria,1999,66.573875
Algeria,1998,58.7389583333333
Algeria,1997,57.70735
Algeria,1996,54.7489333333333
Algeria,1995,47.6627266666667
Algeria,1994,35.0585008333333
Algeria,1993,23.3454066666667
Algeria,1992,21.836075
Algeria,1991,18.472875
Algeria,1990,8.95750833333333
Algeria,1989,7.60855833333333
Algeria,1988,5.91476666666667
Algeria,1987,4.84974166666666
Algeria,1986,4.70231666666666
Algeria,1985,5.0278
Algeria,1984,4.98337499958333
Algeria,1983,4.788799999
Algeria,1982,4.59219166566667
Algeria,1981,4.31580833233333
Algeria,1980,3.837449999
Algeria,1979,3.85326666566667
Algeria,1978,3.965899999
Algeria,1977,4.14675833233333
Algeria,1976,4.163824999
Algeria,1975,3.94940833233333
Algeria,1974,4.180749999
Algeria,1973,3.96249541224223
Algeria,1972,4.48051495321131
Algeria,1971,4.91263833685897
Algeria,1970,4.93706000393706
Algeria,1969,4.93706000393706
Algeria,1968,4.93706000393706
Algeria,1967,4.93706000393706
Algeria,1966,4.93706000393706
Algeria,1965,4.93706000393706
Algeria,1964,4.93706000393706
Algeria,1963,4.93706000393706
Algeria,1962,4.93706000393706
Algeria,1961,4.93706000393706
Algeria,1960,4.93706000393706
American Samoa,2023,1.0
American Samoa,2022,1.0
American Samoa,2021,1.0
American Samoa,2020,1.0
American Samoa,2019,1.0
American Samoa,2018,1.0
American Samoa,2017,1.0
American Samoa,2016,1.0
American Samoa,2015,1.0
American Samoa,2014,1.0
American Samoa,2013,1.0
American Samoa,2012,1.0
American Samoa,2011,1.0
American Samoa,2010,1.0
American Samoa,2009,1.0
American Samoa,2008,1.0
American Samoa,2007,1.0
American Samoa,2006,1.0
American Samoa,2005,1.0
American Samoa,2004,1.0
American Samoa,2003,1.0
American Samoa,2002,1.0
American Samoa,2001,1.0
American Samoa,2000,1.0
American Samoa,1999,1.0
American Samoa,1998,1.0
American Samoa,1997,1.0
American Samoa,1996,1.0
American Samoa,1995,1.0
American Samoa,1994,1.0
American Samoa,1993,1.0
American Samoa,1992,1.0
American Samoa,1991,1.0
American Samoa,1990,1.0
American Samoa,1989,1.0
American Samoa,1988,1.0
American Samoa,1987,1.0
American Samoa,1986,1.0
American Samoa,1985,1.0
American Samoa,1984,1.0
American Samoa,1983,1.0
American Samoa,1982,1.0
American Samoa,1981,1.0
American Samoa,1980,1.0
American Samoa,1979,1.0
American Samoa,1978,1.0
American Samoa,1977,1.0
American Samoa,1976,1.0
American Samoa,1975,1.0
American Samoa,1974,1.0
American Samoa,1973,1.0
American Samoa,1972,1.0
American Samoa,1971,1.0
American Samoa,1970,1.0
American Samoa,1969,1.0
American Samoa,1968,1.0
American Samoa,1967,1.0
American Samoa,1966,1.0
American Samoa,1965,1.0
American Samoa,1964,1.0
American Samoa,1963,1.0
American Samoa,1962,1.0
American Samoa,1961,1.0
American Samoa,1960,1.0
Andorra,2023,0.924709622987356
Andorra,2022,0.950915533962108
Andorra,2021,0.845376564367945
Andorra,2020,
Andorra,2019,
Andorra,2018,
Andorra,2017,
Andorra,2016,
Andorra,2015,
Andorra,2014,
Andorra,2013,
Andorra,2012,
Andorra,2011,
Andorra,2010,
Andorra,2009,
Andorra,2008,
Andorra,2007,
Andorra,2006,
Andorra,2005,
Andorra,2004,
Andorra,2003,
Andorra,2002,
Andorra,2001,
Andorra,2000,
Andorra,1999,
Andorra,1998,
Andorra,1997,
Andorra,1996,
Andorra,1995,
Andorra,1994,
Andorra,1993,
Andorra,1992,
Andorra,1991,
Andorra,1990,
Andorra,1989,
Andorra,1988,
Andorra,1987,
Andorra,1986,
Andorra,1985,
Andorra,1984,
Andorra,1983,
Andorra,1982,
Andorra,1981,
Andorra,1980,
Andorra,1979,
Andorra,1978,
Andorra,1977,
Andorra,1976,
Andorra,1975,
Andorra,1974,
Andorra,1973,
Andorra,1972,
Andorra,1971,
Andorra,1970,
Andorra,1969,
Andorra,1968,
Andorra,1967,
Andorra,1966,
Andorra,1965,
Andorra,1964,
Andorra,1963,
Andorra,1962,
Andorra,1961,
Andorra,1960,
Angola,2023,685.020237761449
Angola,2022,460.567511631462
Angola,2021,631.441955506727
Angola,2020,578.25878028011
Angola,2019,364.825804980887
Angola,2018,252.855747731297
Angola,2017,165.915950691498
Angola,2016,163.656434116579
Angola,2015,120.060701665019
Angola,2014,98.3024168556335
Angola,2013,96.5182794791526
Angola,2012,95.467955421311
Angola,2011,93.93475
Angola,2010,91.9057203405018
Angola,2009,79.3281666666667
Angola,2008,75.0333541666667
Angola,2007,76.70614275
Angola,2006,80.3680720555555
Angola,2005,87.1591416666667
Angola,2004,83.5413625
Angola,2003,74.6063008333333
Angola,2002,43.5302066666667
Angola,2001,22.0578616666667
Angola,2000,10.0405441666667
Angola,1999,2.79070616666667
Angola,1998,0.3928235175
Angola,1997,0.229040083333333
Angola,1996,0.128029166666667
Angola,1995,0.00275022958333333
Angola,1994,5.9515e-05
Angola,1993,2.66016666666667e-06
Angola,1992,2.51416666666667e-07
Angola,1991,5.50983333333334e-08
Angola,1990,2.9918e-08
Angola,1989,2.9918e-08
Angola,1988,2.9918e-08
Angola,1987,2.9918e-08
Angola,1986,2.9918e-08
Angola,1985,2.9918e-08
Angola,1984,2.9918e-08
Angola,1983,2.9918e-08
Angola,1982,2.9918e-08
Angola,1981,2.9918e-08
Angola,1980,2.9918e-08
Angola,1979,2.9918e-08
Angola,1978,2.9918e-08
Angola,1977,2.9918e-08
Angola,1976,2.93836233333333e-08
Angola,1975,2.55521808333333e-08
Angola,1974,2.54076008333333e-08
Angola,1973,2.451462e-08
Angola,1972,2.7052815e-08
Angola,1971,2.819112e-08
Angola,1970,2.862511e-08
Angola,1969,2.85611933333333e-08
Angola,1968,2.872761e-08
Angola,1967,2.884161e-08
Angola,1966,2.882386e-08
Angola,1965,2.87785266666667e-08
Angola,1964,2.88197766666667e-08
Angola,1963,2.87520266666667e-08
Angola,1962,2.86784433333333e-08
Angola,1961,2.873486e-08
Angola,1960,2.86684433333333e-08
Antigua and Barbuda,2023,2.7
Antigua and Barbuda,2022,2.7
Antigua and Barbuda,2021,2.7
Antigua and Barbuda,2020,2.7
Antigua and Barbuda,2019,2.7
Antigua and Barbuda,2018,2.7
Antigua and Barbuda,2017,2.7
Antigua and Barbuda,2016,2.7
Antigua and Barbuda,2015,2.7
Antigua and Barbuda,2014,2.7
Antigua and Barbuda,2013,2.7
Antigua and Barbuda,2012,2.7
Antigua and Barbuda,2011,2.7
Antigua and Barbuda,2010,2.7
Antigua and Barbuda,2009,2.7
Antigua and Barbuda,2008,2.7
Antigua and Barbuda,2007,2.7
Antigua and Barbuda,2006,2.7
Antigua and Barbuda,2005,2.7
Antigua and Barbuda,2004,2.7
Antigua and Barbuda,2003,2.7
Antigua and Barbuda,2002,2.7
Antigua and Barbuda,2001,2.7
Antigua and Barbuda,2000,2.7
Antigua and Barbuda,1999,2.7
Antigua and Barbuda,1998,2.7
Antigua and Barbuda,1997,2.7
Antigua and Barbuda,1996,2.7
Antigua and Barbuda,1995,2.7
Antigua and Barbuda,1994,2.7
Antigua and Barbuda,1993,2.7
Antigua and Barbuda,1992,2.7
Antigua and Barbuda,1991,2.7
Antigua and Barbuda,1990,2.7
Antigua and Barbuda,1989,2.7
Antigua and Barbuda,1988,2.7
Antigua and Barbuda,1987,2.7
Antigua and Barbuda,1986,2.7
Antigua and Barbuda,1985,2.7
Antigua and Barbuda,1984,2.7
Antigua and Barbuda,1983,2.7
Antigua and Barbuda,1982,2.7
Antigua and Barbuda,1981,2.7
Antigua and Barbuda,1980,2.7
Antigua and Barbuda,1979,2.7
Antigua and Barbuda,1978,2.7
Antigua and Barbuda,1977,2.7
Antigua and Barbuda,1976,2.61467083283333
Antigua and Barbuda,1975,2.16979583233333
Antigua and Barbuda,1974,2.05323240851763
Antigua and Barbuda,1973,1.95921923598161
Antigua and Barbuda,1972,1.92127814947601
Antigua and Barbuda,1971,1.97487273321145
Antigua and Barbuda,1970,2.000000001
Antigua and Barbuda,1969,2.000000001
Antigua and Barbuda,1968,2.000000001
Antigua and Barbuda,1967,1.76190833409524
Antigua and Barbuda,1966,1.71429000071429
Antigua and Barbuda,1965,1.71429000071429
Antigua and Barbuda,1964,1.71429000071429
Antigua and Barbuda,1963,1.71429000071429
Antigua and Barbuda,1962,1.71429000071429
Antigua and Barbuda,1961,1.71429000071429
Antigua and Barbuda,1960,1.71429000071429
Argentina,2023,296.258041666667
Argentina,2022,130.61655
Argentina,2021,94.9907416666667
Argentina,2020,70.5391666666667
Argentina,2019,48.1478916666667
Argentina,2018,28.0949916666667
Argentina,2017,16.5627069251411
Argentina,2016,14.7581750873396
Argentina,2015,9.23318552472429
Argentina,2014,8.07527599281334
Argentina,2013,5.45935266465704
Argentina,2012,4.53693436018746
Argentina,2011,4.11013957621326
Argentina,2010,3.8962951544705
Argentina,2009,3.71010683052328
Argentina,2008,3.14416455988456
Argentina,2007,3.09564884920635
Argentina,2006,3.05431333333333
Argentina,2005,2.9036575
Argentina,2004,2.92330081890332
Argentina,2003,2.90062916666667
Argentina,2002,3.06325666666667
Argentina,2001,0.9995
Argentina,2000,0.9995
Argentina,1999,0.9995
Argentina,1998,0.9995
Argentina,1997,0.9995
Argentina,1996,0.9996625
Argentina,1995,0.99975
Argentina,1994,0.999008333333333
Argentina,1993,0.998945833333333
Argentina,1992,0.990641666666667
Argentina,1991,0.953554416666667
Argentina,1990,0.487589083333333
Argentina,1989,0.0423339608333333
Argentina,1988,0.000875260416666667
Argentina,1987,0.000214429833333333
Argentina,1986,9.43031666666667e-05
Argentina,1985,6.01809e-05
Argentina,1984,6.7649116666e-06
Argentina,1983,1.05299574995841e-06
Argentina,1982,2.59225333333263e-07
Argentina,1981,4.40269166666725e-08
Argentina,1980,1.83715833333225e-08
Argentina,1979,1.31696666666408e-08
Argentina,1978,7.95749999999583e-09
Argentina,1977,4.07633333332834e-09
Argentina,1976,1.39983333333167e-09
Argentina,1975,3.65749999995e-10
Argentina,1974,4.999999999e-11
Argentina,1973,4.999999999e-11
Argentina,1972,4.999999999e-11
Argentina,1971,4.52166666566667e-11
Argentina,1970,3.79166666566667e-11
Argentina,1969,3.5e-11
Argentina,1968,3.5e-11
Argentina,1967,3.33424999999917e-11
Argentina,1966,2.09149999999667e-11
Argentina,1965,1.69566666666417e-11
Argentina,1964,1.40391666666167e-11
Argentina,1963,1.3871666666625e-11
Argentina,1962,
Argentina,1961,
Argentina,1960,
Armenia,2023,392.476302158971
Armenia,2022,435.6661796523
Armenia,2021,503.769674961652
Armenia,2020,489.008858590915
Armenia,2019,480.44512876712
Armenia,2018,482.987946590235
Armenia,2017,482.716393849129
Armenia,2016,480.488150777966
Armenia,2015,477.918306576099
Armenia,2014,415.919789204938
Armenia,2013,409.625749270293
Armenia,2012,401.763975626916
Armenia,2011,372.500882448711
Armenia,2010,373.660466738817
Armenia,2009,363.283285606061
Armenia,2008,305.969400261936
Armenia,2007,342.079116208671
Armenia,2006,416.040369724542
Armenia,2005,457.686940629159
Armenia,2004,533.450833333334
Armenia,2003,578.762954545454
Armenia,2002,573.353333333333
Armenia,2001,555.078258333333
Armenia,2000,539.525833333333
Armenia,1999,535.061833333334
Armenia,1998,504.915
Armenia,1997,490.84678575
Armenia,1996,414.0415
Armenia,1995,405.908333333333
Armenia,1994,288.650833333333
Armenia,1993,9.105
Armenia,1992,
Armenia,1991,
Armenia,1990,
Armenia,1989,
Armenia,1988,
Armenia,1987,
Armenia,1986,
Armenia,1985,
Armenia,1984,
Armenia,1983,
Armenia,1982,
Armenia,1981,
Armenia,1980,
Armenia,1979,
Armenia,1978,
Armenia,1977,
Armenia,1976,
Armenia,1975,
Armenia,1974,
Armenia,1973,
Armenia,1972,
Armenia,1971,
Armenia,1970,
Armenia,1969,
Armenia,1968,
Armenia,1967,
Armenia,1966,
Armenia,1965,
Armenia,1964,
Armenia,1963,
Armenia,1962,
Armenia,1961,
Armenia,1960,
Aruba,2023,1.79
Aruba,2022,1.79
Aruba,2021,1.79
Aruba,2020,1.79
Aruba,2019,1.79
Aruba,2018,1.79
Aruba,2017,1.79
Aruba,2016,1.79
Aruba,2015,1.79
Aruba,2014,1.79
Aruba,2013,1.79
Aruba,2012,1.79
Aruba,2011,1.79
Aruba,2010,1.79
Aruba,2009,1.79
Aruba,2008,1.79
Aruba,2007,1.79
Aruba,2006,1.79
Aruba,2005,1.79
Aruba,2004,1.79
Aruba,2003,1.79
Aruba,2002,1.79
Aruba,2001,1.79
Aruba,2000,1.79
Aruba,1999,1.79
Aruba,1998,1.79
Aruba,1997,1.79
Aruba,1996,1.79
Aruba,1995,1.79
Aruba,1994,1.79
Aruba,1993,1.79
Aruba,1992,1.79
Aruba,1991,1.79
Aruba,1990,1.79
Aruba,1989,1.79
Aruba,1988,1.79
Aruba,1987,1.79
Aruba,1986,1.79
Aruba,1985,
Aruba,1984,
Aruba,1983,
Aruba,1982,
Aruba,1981,
Aruba,1980,
Aruba,1979,
Aruba,1978,
Aruba,1977,
Aruba,1976,
Aruba,1975,
Aruba,1974,
Aruba,1973,
Aruba,1972,
Aruba,1971,
Aruba,1970,
Aruba,1969,
Aruba,1968,
Aruba,1967,
Aruba,1966,
Aruba,1965,
Aruba,1964,
Aruba,1963,
Aruba,1962,
Aruba,1961,
Aruba,1960,
Australia,2023,1.50519106560509
Australia,2022,1.44166445896522
Australia,2021,1.33122425957081
Australia,2020,1.45308511847016
Australia,2019,1.43850654421382
Australia,2018,1.33841214646451
Australia,2017,1.30475807671592
Australia,2016,1.34521397601947
Australia,2015,1.33109026245502
Australia,2014,1.10936329281692
Australia,2013,1.03584309652054
Australia,2012,0.965801030658708
Australia,2011,0.969463201496735
Australia,2010,1.09015948638677
Australia,2009,1.28218881008452
Australia,2008,1.19217833333333
Australia,2007,1.1950725
Australia,2006,1.3279734405
Australia,2005,1.30947333333333
Australia,2004,1.3597525
Australia,2003,1.54191416666667
Australia,2002,1.8405625
Australia,2001,1.9334425
Australia,2000,1.72482666666667
Australia,1999,1.54995
Australia,1998,1.59182833333333
Australia,1997,1.34738
Australia,1996,1.27786333333333
Australia,1995,1.3490325
Australia,1994,1.36775083333333
Australia,1993,1.47056
Australia,1992,1.36164833333333
Australia,1991,1.28375583333333
Australia,1990,1.28105666666667
Australia,1989,1.26459666666667
Australia,1988,1.27990833333333
Australia,1987,1.42818
Australia,1986,1.49597416641667
Australia,1985,1.4318949995
Australia,1984,1.13951916591667
Australia,1983,1.11001499916667
Australia,1982,0.985862832333333
Australia,1981,0.870214582333333
Australia,1980,0.878244332333333
Australia,1979,0.894640915666666
Australia,1978,0.873659249
Australia,1977,0.901824999
Australia,1976,0.818284082333333
Australia,1975,0.763871249
Australia,1974,0.696665868638096
Australia,1973,0.704113907966658
Australia,1972,0.838697807262207
Australia,1971,0.882670259295548
Australia,1970,0.892856999892857
Australia,1969,0.892856999892857
Australia,1968,0.892856999892857
Australia,1967,0.892856999892857
Australia,1966,0.892856999892857
Australia,1965,0.892856999892857
Australia,1964,0.892856999892857
Australia,1963,0.892856999892857
Australia,1962,0.892856999892857
Australia,1961,0.892856999892857
Australia,1960,0.892856999892857
Austria,2023,0.924839558470698
Austria,2022,0.949623753156941
Austria,2021,0.84549413889045
Austria,2020,0.875506396987998
Austria,2019,0.893276257067409
Austria,2018,0.846772667108111
Austria,2017,0.885205508269372
Austria,2016,0.903421436257263
Austria,2015,0.901296423367096
Austria,2014,0.752728196932603
Austria,2013,0.752945122701996
Austria,2012,0.778338120416812
Austria,2011,0.718413898653317
Austria,2010,0.754308990105961
Austria,2009,0.716957702016136
Austria,2008,0.679922680042729
Austria,2007,0.729672399984083
Austria,2006,0.796432730949102
Austria,2005,0.803800192161442
Austria,2004,0.803921647747618
Austria,2003,0.88404792718493
Austria,2002,1.05755899623965
Austria,2001,1.11653308564462
Austria,2000,1.08270508132602
Austria,1999,0.938283072395283
Austria,1998,12.379065
Austria,1997,12.2042441666667
Austria,1996,10.5865575
Austria,1995,10.0814958333333
Austria,1994,11.4218249166667
Austria,1993,11.6321825
Austria,1992,10.9893333333333
Austria,1991,11.6759166666667
Austria,1990,11.3698333333333
Austria,1989,13.2306666666667
Austria,1988,12.3476666666667
Austria,1987,12.6425
Austria,1986,15.2671333333333
Austria,1985,20.6894999998333
Austria,1984,20.0090833326667
Austria,1983,17.9633333325
Austria,1982,17.0592499991667
Austria,1981,15.9268333323333
Austria,1980,12.9379999990833
Austria,1979,13.3674999994167
Austria,1978,14.52166666575
Austria,1977,16.526916666
Austria,1976,17.9396666658333
Austria,1975,17.4167499991667
Austria,1974,18.692499999
Austria,1973,19.5799999990833
Austria,1972,23.1153333323333
Austria,1971,24.9855838961397
Austria,1970,26.000000025
Austria,1969,26.000000025
Austria,1968,26.000000025
Austria,1967,26.000000025
Austria,1966,26.000000025
Austria,1965,26.000000025
Austria,1964,26.000000025
Austria,1963,26.000000025
Austria,1962,26.000000025
Austria,1961,26.000000025
Austria,1960,26.000000025
Azerbaijan,2023,1.7
Azerbaijan,2022,1.7
Azerbaijan,2021,1.7
Azerbaijan,2020,1.7
Azerbaijan,2019,1.7
Azerbaijan,2018,1.70001666666667
Azerbaijan,2017,1.72115480222734
Azerbaijan,2016,1.59572157270424
Azerbaijan,2015,1.02456381855059
Azerbaijan,2014,0.7843475
Azerbaijan,2013,0.784541075268817
Azerbaijan,2012,0.785645349462366
Azerbaijan,2011,0.789686388888889
Azerbaijan,2010,0.80265
Azerbaijan,2009,0.803783333333333
Azerbaijan,2008,0.821619578853047
Azerbaijan,2007,0.858123808243727
Azerbaijan,2006,0.893445
Azerbaijan,2005,0.945421
Azerbaijan,2004,0.9826955
Azerbaijan,2003,0.982146
Azerbaijan,2002,0.972164166666666
Azerbaijan,2001,0.931316666666667
Azerbaijan,2000,0.89483075
Azerbaijan,1999,0.824033333333333
Azerbaijan,1998,0.773799686666667
Azerbaijan,1997,0.797075
Azerbaijan,1996,0.860252833333333
Azerbaijan,1995,0.8827085
Azerbaijan,1994,0.314045
Azerbaijan,1993,0.019995
Azerbaijan,1992,0.01084
Azerbaijan,1991,
Azerbaijan,1990,
Azerbaijan,1989,
Azerbaijan,1988,
Azerbaijan,1987,
Azerbaijan,1986,
Azerbaijan,1985,
Azerbaijan,1984,
Azerbaijan,1983,
Azerbaijan,1982,
Azerbaijan,1981,
Azerbaijan,1980,
Azerbaijan,1979,
Azerbaijan,1978,
Azerbaijan,1977,
Azerbaijan,1976,
Azerbaijan,1975,
Azerbaijan,1974,
Azerbaijan,1973,
Azerbaijan,1972,
Azerbaijan,1971,
Azerbaijan,1970,
Azerbaijan,1969,
Azerbaijan,1968,
Azerbaijan,1967,
Azerbaijan,1966,
Azerbaijan,1965,
Azerbaijan,1964,
Azerbaijan,1963,
Azerbaijan,1962,
Azerbaijan,1961,
Azerbaijan,1960,
"Bahamas, The",2023,1.0
"Bahamas, The",2022,1.0
"Bahamas, The",2021,1.0
"Bahamas, The",2020,1.0
"Bahamas, The",2019,1.0
"Bahamas, The",2018,1.0
"Bahamas, The",2017,1.0
"Bahamas, The",2016,1.0
"Bahamas, The",2015,1.0
"Bahamas, The",2014,1.0
"Bahamas, The",2013,1.0
"Bahamas, The",2012,1.0
"Bahamas, The",2011,1.0
"Bahamas, The",2010,1.0
"Bahamas, The",2009,1.0
"Bahamas, The",2008,1.0
"Bahamas, The",2007,1.0
"Bahamas, The",2006,1.0
"Bahamas, The",2005,1.0
"Bahamas, The",2004,1.0
"Bahamas, The",2003,1.0
"Bahamas, The",2002,1.0
"Bahamas, The",2001,1.0
"Bahamas, The",2000,1.0
"Bahamas, The",1999,1.0
"Bahamas, The",1998,1.0
"Bahamas, The",1997,1.0
"Bahamas, The",1996,1.0
"Bahamas, The",1995,1.0
"Bahamas, The",1994,1.0
"Bahamas, The",1993,1.0
"Bahamas, The",1992,1.0
"Bahamas, The",1991,1.0
"Bahamas, The",1990,1.0
"Bahamas, The",1989,1.0
"Bahamas, The",1988,1.0
"Bahamas, The",1987,1.0
"Bahamas, The",1986,1.0
"Bahamas, The",1985,1.0
"Bahamas, The",1984,1.0
"Bahamas, The",1983,1.0
"Bahamas, The",1982,1.0
"Bahamas, The",1981,1.0
"Bahamas, The",1980,1.0
"Bahamas, The",1979,1.0
"Bahamas, The",1978,1.0
"Bahamas, The",1977,1.0
"Bahamas, The",1976,1.0
"Bahamas, The",1975,1.0
"Bahamas, The",1974,1.0
"Bahamas, The",1973,1.0
"Bahamas, The",1972,1.0
"Bahamas, The",1971,1.0
"Bahamas, The",1970,1.0
"Bahamas, The",1969,1.0
"Bahamas, The",1968,1.0
"Bahamas, The",1967,1.0
"Bahamas, The",1966,1.0
"Bahamas, The",1965,1.02041
"Bahamas, The",1964,1.02041
"Bahamas, The",1963,1.02041
"Bahamas, The",1962,1.02041
"Bahamas, The",1961,1.02041
"Bahamas, The",1960,1.02041
Bahrain,2023,0.376
Bahrain,2022,0.376
Bahrain,2021,0.376
Bahrain,2020,0.376
Bahrain,2019,0.376
Bahrain,2018,0.376
Bahrain,2017,0.376
Bahrain,2016,0.376
Bahrain,2015,0.376
Bahrain,2014,0.376
Bahrain,2013,0.376
Bahrain,2012,0.376
Bahrain,2011,0.376
Bahrain,2010,0.376
Bahrain,2009,0.376
Bahrain,2008,0.376
Bahrain,2007,0.376
Bahrain,2006,0.376
Bahrain,2005,0.376
Bahrain,2004,0.376
Bahrain,2003,0.376
Bahrain,2002,0.376
Bahrain,2001,0.376
Bahrain,2000,0.376
Bahrain,1999,0.375999979166667
Bahrain,1998,0.3759999625
Bahrain,1997,0.375999965
Bahrain,1996,0.3759999675
Bahrain,1995,0.375999970833333
Bahrain,1994,0.375999965
Bahrain,1993,0.375999989166667
Bahrain,1992,0.376
Bahrain,1991,0.376
Bahrain,1990,0.376
Bahrain,1989,0.376
Bahrain,1988,0.376
Bahrain,1987,0.376
Bahrain,1986,0.376
Bahrain,1985,0.376
Bahrain,1984,0.375999999583333
Bahrain,1983,0.375999999
Bahrain,1982,0.375999999
Bahrain,1981,0.375999999
Bahrain,1980,0.377000234710101
Bahrain,1979,0.38161749925
Bahrain,1978,0.387453332333333
Bahrain,1977,0.395649999
Bahrain,1976,0.395599165666667
Bahrain,1975,0.395499999
Bahrain,1974,0.394739999
Bahrain,1973,0.399630307154623
Bahrain,1972,0.438597783421538
Bahrain,1971,0.474796287589076
Bahrain,1970,0.47618999947619
Bahrain,1969,0.47618999947619
Bahrain,1968,0.47618999947619
Bahrain,1967,0.47618999947619
Bahrain,1966,0.47618999947619
Bahrain,1965,
Bahrain,1964,
Bahrain,1963,
Bahrain,1962,
Bahrain,1961,
Bahrain,1960,
Bangladesh,2023,106.309484297483
Bangladesh,2022,91.7454544396961
Bangladesh,2021,85.08376325
Bangladesh,2020,84.8713916666667
Bangladesh,2019,84.4535225
Bangladesh,2018,83.4662019166666
Bangladesh,2017,80.4375416666667
Bangladesh,2016,78.4680916666667
Bangladesh,2015,77.9469083333333
Bangladesh,2014,77.6414083333333
Bangladesh,2013,78.103235
Bangladesh,2012,81.8626583333333
Bangladesh,2011,74.1524
Bangladesh,2010,69.6492916666667
Bangladesh,2009,69.0390666666667
Bangladesh,2008,68.598275
Bangladesh,2007,68.874875
Bangladesh,2006,68.9332333333333
Bangladesh,2005,64.327475
Bangladesh,2004,59.5126583333333
Bangladesh,2003,58.15004
Bangladesh,2002,57.888
Bangladesh,2001,55.8066666666667
Bangladesh,2000,52.1416666666667
Bangladesh,1999,49.0854
Bangladesh,1998,46.9056516666666
Bangladesh,1997,43.8921158333333
Bangladesh,1996,41.7941683333333
Bangladesh,1995,40.2783183333333
Bangladesh,1994,40.2117391666667
Bangladesh,1993,39.5672575
Bangladesh,1992,38.9507583333333
Bangladesh,1991,36.5961833333333
Bangladesh,1990,34.5688083333333
Bangladesh,1989,32.27
Bangladesh,1988,31.7332485981559
Bangladesh,1987,30.9498333333333
Bangladesh,1986,30.4069
Bangladesh,1985,27.9945916666667
Bangladesh,1984,25.3539333850833
Bangladesh,1983,24.6154249995
Bangladesh,1982,22.1178833323333
Bangladesh,1981,17.9866916658333
Bangladesh,1980,15.4540583325
Bangladesh,1979,15.5519249993333
Bangladesh,1978,15.01611666575
Bangladesh,1977,15.3750999994167
Bangladesh,1976,15.3991686037548
Bangladesh,1975,12.186180036989
Bangladesh,1974,8.22600224121538
Bangladesh,1973,7.84981599931742
Bangladesh,1972,7.7001841681495
Bangladesh,1971,7.86884258502912
Bangladesh,1970,
Bangladesh,1969,
Bangladesh,1968,
Bangladesh,1967,
Bangladesh,1966,
Bangladesh,1965,
Bangladesh,1964,
Bangladesh,1963,
Bangladesh,1962,
Bangladesh,1961,
Bangladesh,1960,
Barbados,2023,2.0
Barbados,2022,2.0
Barbados,2021,2.0
Barbados,2020,2.0
Barbados,2019,2.0
Barbados,2018,2.0
Barbados,2017,2.0
Barbados,2016,2.0
Barbados,2015,2.0
Barbados,2014,2.0
Barbados,2013,2.0
Barbados,2012,2.0
Barbados,2011,2.0
Barbados,2010,2.0
Barbados,2009,2.0
Barbados,2008,2.0
Barbados,2007,2.0
Barbados,2006,2.0
Barbados,2005,2.0
Barbados,2004,2.0
Barbados,2003,2.0
Barbados,2002,2.0
Barbados,2001,2.0
Barbados,2000,2.0
Barbados,1999,2.0
Barbados,1998,2.0
Barbados,1997,2.0
Barbados,1996,2.0
Barbados,1995,2.0
Barbados,1994,2.0
Barbados,1993,2.0
Barbados,1992,2.0
Barbados,1991,2.0
Barbados,1990,2.0
Barbados,1989,2.0
Barbados,1988,2.0
Barbados,1987,2.0
Barbados,1986,2.0
Barbados,1985,2.0
Barbados,1984,2.0
Barbados,1983,2.0
Barbados,1982,2.0
Barbados,1981,2.0
Barbados,1980,2.0
Barbados,1979,2.0
Barbados,1978,2.0
Barbados,1977,2.0
Barbados,1976,2.0
Barbados,1975,2.0188665976
Barbados,1974,2.05323091078878
Barbados,1973,1.95922053743668
Barbados,1972,1.92128071035725
Barbados,1971,1.97487615196877
Barbados,1970,2.000000001
Barbados,1969,2.000000001
Barbados,1968,2.000000001
Barbados,1967,1.73809916726191
Barbados,1966,1.71429000071429
Barbados,1965,1.71429000071429
Barbados,1964,1.71429000071429
Barbados,1963,1.71429000071429
Barbados,1962,1.71429000071429
Barbados,1961,1.71429000071429
Barbados,1960,1.71429000071429
Belarus,2023,3.00735
Belarus,2022,2.6261
Belarus,2021,2.538675
Belarus,2020,2.439575
Belarus,2019,2.09178333333333
Belarus,2018,2.03760833333333
Belarus,2017,1.93234166666667
Belarus,2016,1.98956283333333
Belarus,2015,1.59259883333333
Belarus,2014,1.02241025
Belarus,2013,0.88800525
Belarus,2012,0.833689833333333
Belarus,2011,0.497463333333333
Belarus,2010,0.297851
Belarus,2009,0.279304921788469
Belarus,2008,0.21363975
Belarus,2007,0.214607833333333
Belarus,2006,0.214456416666667
Belarus,2005,0.215382
Belarus,2004,0.21602575
Belarus,2003,0.205127083333333
Belarus,2002,0.179091666666667
Belarus,2001,0.139
Belarus,2000,0.087675
Belarus,1999,0.0249295329166667
Belarus,1998,0.004612762
Belarus,1997,0.00260205495833333
Belarus,1996,0.00132298766666667
Belarus,1995,0.00115209666666667
Belarus,1994,0.00036411125
Belarus,1993,
Belarus,1992,
Belarus,1991,
Belarus,1990,
Belarus,1989,
Belarus,1988,
Belarus,1987,
Belarus,1986,
Belarus,1985,
Belarus,1984,
Belarus,1983,
Belarus,1982,
Belarus,1981,
Belarus,1980,
Belarus,1979,
Belarus,1978,
Belarus,1977,
Belarus,1976,
Belarus,1975,
Belarus,1974,
Belarus,1973,
Belarus,1972,
Belarus,1971,
Belarus,1970,
Belarus,1969,
Belarus,1968,
Belarus,1967,
Belarus,1966,
Belarus,1965,
Belarus,1964,
Belarus,1963,
Belarus,1962,
Belarus,1961,
Belarus,1960,
Belgium,2023,0.924839558470698
Belgium,2022,0.949623753156941
Belgium,2021,0.84549413889045
Belgium,2020,0.875506396987998
Belgium,2019,0.893276257067409
Belgium,2018,0.846772667108111
Belgium,2017,0.885205508269372
Belgium,2016,0.903421436257263
Belgium,2015,0.901296423367096
Belgium,2014,0.752728196932603
Belgium,2013,0.752945122701996
Belgium,2012,0.778338120416812
Belgium,2011,0.718413898653317
Belgium,2010,0.754308990105961
Belgium,2009,0.716957702016136
Belgium,2008,0.679922680042729
Belgium,2007,0.729672399984083
Belgium,2006,0.796432730949102
Belgium,2005,0.803800192161442
Belgium,2004,0.803921647747618
Belgium,2003,0.88404792718493
Belgium,2002,1.05755899623965
Belgium,2001,1.11653308564462
Belgium,2000,1.08270508132602
Belgium,1999,0.938283072395283
Belgium,1998,36.2986408333333
Belgium,1997,35.7738908333333
Belgium,1996,30.9615133333333
Belgium,1995,29.4800166666667
Belgium,1994,33.4564975
Belgium,1993,34.5965208333333
Belgium,1992,32.1495
Belgium,1991,34.14825
Belgium,1990,33.4179166666667
Belgium,1989,39.404
Belgium,1988,36.7683333333333
Belgium,1987,37.3340833333333
Belgium,1986,44.6719166666667
Belgium,1985,59.378
Belgium,1984,57.7839166664167
Belgium,1983,51.1316666658333
Belgium,1982,45.6905833323333
Belgium,1981,37.1292499991667
Belgium,1980,29.24166666575
Belgium,1979,29.3186666656667
Belgium,1978,31.4920833323333
Belgium,1977,35.842749999
Belgium,1976,38.6051666656667
Belgium,1975,36.7789166656667
Belgium,1974,38.951499999
Belgium,1973,38.976499999
Belgium,1972,44.0145833323333
Belgium,1971,49.0569774216899
Belgium,1970,50.000000049
Belgium,1969,50.000000049
Belgium,1968,50.000000049
Belgium,1967,50.000000049
Belgium,1966,50.000000049
Belgium,1965,50.000000049
Belgium,1964,50.000000049
Belgium,1963,50.000000049
Belgium,1962,50.000000049
Belgium,1961,50.000000049
Belgium,1960,50.000000049
Belize,2023,2.0
Belize,2022,2.0
Belize,2021,2.0
Belize,2020,2.0
Belize,2019,2.0
Belize,2018,2.0
Belize,2017,2.0
Belize,2016,2.0
Belize,2015,2.0
Belize,2014,2.0
Belize,2013,2.0
Belize,2012,2.0
Belize,2011,2.0
Belize,2010,2.0
Belize,2009,2.0
Belize,2008,2.0
Belize,2007,2.0
Belize,2006,2.0
Belize,2005,2.0
Belize,2004,2.0
Belize,2003,2.0
Belize,2002,2.0
Belize,2001,2.0
Belize,2000,2.0
Belize,1999,2.0
Belize,1998,2.0
Belize,1997,2.0
Belize,1996,2.0
Belize,1995,2.0
Belize,1994,2.0
Belize,1993,2.0
Belize,1992,2.0
Belize,1991,2.0
Belize,1990,2.0
Belize,1989,2.0
Belize,1988,2.0
Belize,1987,2.0
Belize,1986,2.0
Belize,1985,2.0
Belize,1984,2.0
Belize,1983,2.0
Belize,1982,2.0
Belize,1981,2.0
Belize,1980,2.0
Belize,1979,2.0
Belize,1978,2.0
Belize,1977,2.0
Belize,1976,2.22567313165156
Belize,1975,1.80804370464356
Belize,1974,1.71092678407905
Belize,1973,1.63268378119723
Belize,1972,1.60156184612003
Belize,1971,1.64368211813437
Belize,1970,1.66667000066667
Belize,1969,1.66667000066667
Belize,1968,1.66667000066667
Belize,1967,1.44841166699603
Belize,1966,1.42857000042857
Belize,1965,1.42857000042857
Belize,1964,1.42857000042857
Belize,1963,1.42857000042857
Belize,1962,1.42857000042857
Belize,1961,1.42857000042857
Belize,1960,1.42857000042857
Benin,2023,606.654982255763
Benin,2022,622.912348249567
Benin,2021,554.607798864163
Benin,2020,574.294549649056
Benin,2019,585.950813757166
Benin,2018,555.446458398235
Benin,2017,580.656749587853
Benin,2016,592.605615063006
Benin,2015,591.21169798261
Benin,2014,493.757329875319
Benin,2013,493.899623852233
Benin,2012,510.556338454251
Benin,2011,471.248625718934
Benin,2010,494.794262222936
Benin,2009,470.293423341398
Benin,2008,446.000041432788
Benin,2007,478.633718476359
Benin,2006,522.42562489518
Benin,2005,527.258362649643
Benin,2004,527.338032291584
Benin,2003,579.897426172445
Benin,2002,693.713226496371
Benin,2001,732.397693260192
Benin,2000,710.207977031373
Benin,1999,615.473349319193
Benin,1998,589.951774567332
Benin,1997,583.669372353396
Benin,1996,511.552430272516
Benin,1995,499.14842590131
Benin,1994,555.204695655697
Benin,1993,283.162579500018
Benin,1992,264.691800750579
Benin,1991,282.10690880882
Benin,1990,272.264787954393
Benin,1989,319.008299487903
Benin,1988,297.848218819378
Benin,1987,300.536562401478
Benin,1986,346.305903554493
Benin,1985,449.262962711607
Benin,1984,436.956665788008
Benin,1983,381.066036024628
Benin,1982,328.60625269899
Benin,1981,271.731452550327
Benin,1980,211.279555414705
Benin,1979,212.721644262377
Benin,1978,225.655860233957
Benin,1977,245.679686566576
Benin,1976,238.950494267059
Benin,1975,214.312900341219
Benin,1974,240.704667637823
Benin,1973,222.889183053227
Benin,1972,252.027627462649
Benin,1971,275.356456685332
Benin,1970,276.403137026845
Benin,1969,259.960574351236
Benin,1968,247.564693756951
Benin,1967,246.000937791281
Benin,1966,245.678436557644
Benin,1965,245.060934207708
Benin,1964,245.027184079042
Benin,1963,245.016350696075
Benin,1962,245.013850686544
Benin,1961,245.26010162116
Benin,1960,245.195101398359
Bermuda,2023,1.0
Bermuda,2022,1.0
Bermuda,2021,1.0
Bermuda,2020,1.0
Bermuda,2019,1.0
Bermuda,2018,1.0
Bermuda,2017,1.0
Bermuda,2016,1.0
Bermuda,2015,1.0
Bermuda,2014,1.0
Bermuda,2013,1.0
Bermuda,2012,1.0
Bermuda,2011,1.0
Bermuda,2010,1.0
Bermuda,2009,1.0
Bermuda,2008,1.0
Bermuda,2007,1.0
Bermuda,2006,1.0
Bermuda,2005,1.0
Bermuda,2004,1.0
Bermuda,2003,1.0
Bermuda,2002,1.0
Bermuda,2001,1.0
Bermuda,2000,1.0
Bermuda,1999,1.0
Bermuda,1998,1.0
Bermuda,1997,1.0
Bermuda,1996,1.0
Bermuda,1995,1.0
Bermuda,1994,1.0
Bermuda,1993,1.0
Bermuda,1992,1.0
Bermuda,1991,1.0
Bermuda,1990,1.0
Bermuda,1989,1.0
Bermuda,1988,1.0
Bermuda,1987,1.0
Bermuda,1986,1.0
Bermuda,1985,1.0
Bermuda,1984,1.0
Bermuda,1983,1.0
Bermuda,1982,1.0
Bermuda,1981,1.0
Bermuda,1980,1.0
Bermuda,1979,1.0
Bermuda,1978,1.0
Bermuda,1977,1.0
Bermuda,1976,1.0
Bermuda,1975,1.0
Bermuda,1974,1.0
Bermuda,1973,1.0
Bermuda,1972,1.0
Bermuda,1971,1.0
Bermuda,1970,1.0
Bermuda,1969,1.0
Bermuda,1968,1.0
Bermuda,1967,0.869045
Bermuda,1966,0.85714
Bermuda,1965,0.85714
Bermuda,1964,0.85714
Bermuda,1963,0.85714
Bermuda,1962,0.85714
Bermuda,1961,0.85714
Bermuda,1960,0.85714
Bhutan,2023,82.5992764460784
Bhutan,2022,78.6044905829916
Bhutan,2021,73.9180128154351
Bhutan,2020,74.0995668836052
Bhutan,2019,70.4203405359551
Bhutan,2018,68.3894670935422
Bhutan,2017,65.1215686450659
Bhutan,2016,67.1953128073894
Bhutan,2015,64.1519444632786
Bhutan,2014,61.0295144607843
Bhutan,2013,58.5978454166667
Bhutan,2012,53.4372333333333
Bhutan,2011,46.6704666666667
Bhutan,2010,45.7258121212121
Bhutan,2009,48.4052666666666
Bhutan,2008,43.5051833333333
Bhutan,2007,41.3485333333333
Bhutan,2006,45.3070083333333
Bhutan,2005,44.099975
Bhutan,2004,45.3164666666666
Bhutan,2003,46.5832841666667
Bhutan,2002,48.6103191666667
Bhutan,2001,47.1864141666667
Bhutan,2000,44.941605
Bhutan,1999,43.0554283333334
Bhutan,1998,41.259365
Bhutan,1997,36.3132858333333
Bhutan,1996,35.4331733333333
Bhutan,1995,32.4270766666667
Bhutan,1994,31.3737425
Bhutan,1993,30.4932916666667
Bhutan,1992,25.9180833333333
Bhutan,1991,22.7424333333333
Bhutan,1990,17.5035
Bhutan,1989,16.2255
Bhutan,1988,13.9170833333333
Bhutan,1987,12.9615
Bhutan,1986,12.61083333325
Bhutan,1985,12.3687499995833
Bhutan,1984,11.3625833326667
Bhutan,1983,10.0988982440461
Bhutan,1982,9.45513193348639
Bhutan,1981,8.65852281709317
Bhutan,1980,7.86294470113798
Bhutan,1979,8.12579094635689
Bhutan,1978,8.19284034840393
Bhutan,1977,8.73857617131458
Bhutan,1976,8.96041272812392
Bhutan,1975,8.37589194565386
Bhutan,1974,8.1016032272183
Bhutan,1973,7.74203856214968
Bhutan,1972,7.59446837394936
Bhutan,1971,7.49193523096824
Bhutan,1970,7.5000000065
Bhutan,1969,7.5000000065
Bhutan,1968,7.5000000065
Bhutan,1967,7.5000000065
Bhutan,1966,6.35912500535913
Bhutan,1965,4.7619000037619
Bhutan,1964,4.7619000037619
Bhutan,1963,4.7619000037619
Bhutan,1962,4.7619000037619
Bhutan,1961,4.7619000037619
Bhutan,1960,4.7619000037619
Bolivia,2023,6.91
Bolivia,2022,6.91
Bolivia,2021,6.91
Bolivia,2020,6.91
Bolivia,2019,6.91
Bolivia,2018,6.91
Bolivia,2017,6.91
Bolivia,2016,6.91
Bolivia,2015,6.91
Bolivia,2014,6.91
Bolivia,2013,6.91
Bolivia,2012,6.91
Bolivia,2011,6.9369625
Bolivia,2010,7.01666666666667
Bolivia,2009,7.02
Bolivia,2008,7.23832069891666
Bolivia,2007,7.85124516125
Bolivia,2006,8.01161666666667
Bolivia,2005,8.0660625
Bolivia,2004,7.93626666666666
Bolivia,2003,7.65916666666667
Bolivia,2002,7.17
Bolivia,2001,6.60691666666667
Bolivia,2000,6.18354166666667
Bolivia,1999,5.81240833333333
Bolivia,1998,5.51013333333333
Bolivia,1997,5.25425833333333
Bolivia,1996,5.0746125
Bolivia,1995,4.80034166666667
Bolivia,1994,4.62051666666667
Bolivia,1993,4.26508333333333
Bolivia,1992,3.90051666666667
Bolivia,1991,3.58060833333333
Bolivia,1990,3.17265
Bolivia,1989,2.69168333333333
Bolivia,1988,2.35024166666667
Bolivia,1987,2.05485
Bolivia,1986,1.92195833333333
Bolivia,1985,0.440029008333333
Bolivia,1984,0.00313590916666667
Bolivia,1983,0.00023163
Bolivia,1982,6.40716666666667e-05
Bolivia,1981,2.452e-05
Bolivia,1980,2.452e-05
Bolivia,1979,2.04033333333333e-05
Bolivia,1978,2.001e-05
Bolivia,1977,2.001e-05
Bolivia,1976,2.001e-05
Bolivia,1975,2.001e-05
Bolivia,1974,2.001e-05
Bolivia,1973,2.001e-05
Bolivia,1972,1.3295e-05
Bolivia,1971,1.188e-05
Bolivia,1970,1.188e-05
Bolivia,1969,1.188e-05
Bolivia,1968,1.188e-05
Bolivia,1967,1.188e-05
Bolivia,1966,1.188e-05
Bolivia,1965,1.188e-05
Bolivia,1964,1.188e-05
Bolivia,1963,1.188e-05
Bolivia,1962,1.188e-05
Bolivia,1961,1.188e-05
Bolivia,1960,1.188e-05
Bosnia and Herzegovina,2023,1.80920280030082
Bosnia and Herzegovina,2022,1.85932587706093
Bosnia and Herzegovina,2021,1.65360615435868
Bosnia and Herzegovina,2020,1.71697049519219
Bosnia and Herzegovina,2019,1.74708646136073
Bosnia and Herzegovina,2018,1.65698544113543
Bosnia and Herzegovina,2017,1.73535271327691
Bosnia and Herzegovina,2016,1.76813902429915
Bosnia and Herzegovina,2015,1.76349164694686
Bosnia and Herzegovina,2014,1.474169186794
Bosnia and Herzegovina,2013,1.47305132263235
Bosnia and Herzegovina,2012,1.5222099744513
Bosnia and Herzegovina,2011,1.40693658566639
Bosnia and Herzegovina,2010,1.47673956845028
Bosnia and Herzegovina,2009,1.4078912383695
Bosnia and Herzegovina,2008,1.33519568048428
Bosnia and Herzegovina,2007,1.429002741625
Bosnia and Herzegovina,2006,1.55907195605833
Bosnia and Herzegovina,2005,1.5727220196
Bosnia and Herzegovina,2004,1.57515702795
Bosnia and Herzegovina,2003,1.73293220419167
Bosnia and Herzegovina,2002,2.07817042621667
Bosnia and Herzegovina,2001,2.1856595833
Bosnia and Herzegovina,2000,2.12285951185833
Bosnia and Herzegovina,1999,1.83579538489311
Bosnia and Herzegovina,1998,1.75966758333333
Bosnia and Herzegovina,1997,1.73405583333333
Bosnia and Herzegovina,1996,
Bosnia and Herzegovina,1995,
Bosnia and Herzegovina,1994,
Bosnia and Herzegovina,1993,
Bosnia and Herzegovina,1992,
Bosnia and Herzegovina,1991,
Bosnia and Herzegovina,1990,
Bosnia and Herzegovina,1989,
Bosnia and Herzegovina,1988,
Bosnia and Herzegovina,1987,
Bosnia and Herzegovina,1986,
Bosnia and Herzegovina,1985,
Bosnia and Herzegovina,1984,
Bosnia and Herzegovina,1983,
Bosnia and Herzegovina,1982,
Bosnia and Herzegovina,1981,
Bosnia and Herzegovina,1980,
Bosnia and Herzegovina,1979,
Bosnia and Herzegovina,1978,
Bosnia and Herzegovina,1977,
Bosnia and Herzegovina,1976,
Bosnia and Herzegovina,1975,
Bosnia and Herzegovina,1974,
Bosnia and Herzegovina,1973,
Bosnia and Herzegovina,1972,
Bosnia and Herzegovina,1971,
Bosnia and Herzegovina,1970,
Bosnia and Herzegovina,1969,
Bosnia and Herzegovina,1968,
Bosnia and Herzegovina,1967,
Bosnia and Herzegovina,1966,
Bosnia and Herzegovina,1965,
Bosnia and Herzegovina,1964,
Bosnia and Herzegovina,1963,
Bosnia and Herzegovina,1962,
Bosnia and Herzegovina,1961,
Bosnia and Herzegovina,1960,
Botswana,2023,13.5963833333333
Botswana,2022,12.3688083333333
Botswana,2021,11.0872583333333
Botswana,2020,11.4562416666667
Botswana,2019,10.7558666666667
Botswana,2018,10.199975
Botswana,2017,10.3474166666667
Botswana,2016,10.9011583333333
Botswana,2015,10.1289916666667
Botswana,2014,8.97608333333333
Botswana,2013,8.39890833333333
Botswana,2012,7.640525
Botswana,2011,6.83823333333333
Botswana,2010,6.793625
Botswana,2009,7.15514166666667
Botswana,2008,6.82685833333333
Botswana,2007,6.13940833333333
Botswana,2006,5.8303
Botswana,2005,5.11675
Botswana,2004,4.69383333333333
Botswana,2003,4.94966666666667
Botswana,2002,6.32779166666667
Botswana,2001,5.84141666666667
Botswana,2000,5.10224166666667
Botswana,1999,4.62439525
Botswana,1998,4.22588
Botswana,1997,3.65076333333333
Botswana,1996,3.32419666666667
Botswana,1995,2.77220666666667
Botswana,1994,2.6846455
Botswana,1993,2.423075
Botswana,1992,2.109725
Botswana,1991,2.02155666666667
Botswana,1990,1.86046583333333
Botswana,1989,2.01488583333333
Botswana,1988,1.8285875
Botswana,1987,1.67894083333333
Botswana,1986,1.8791441665
Botswana,1985,1.90256666641667
Botswana,1984,1.29837333291667
Botswana,1983,1.0969258325
Botswana,1982,1.0296608325
Botswana,1981,0.836738332333333
Botswana,1980,0.777224999
Botswana,1979,0.815006665666667
Botswana,1978,0.828156999
Botswana,1977,0.841959665666667
Botswana,1976,0.869564999
Botswana,1975,0.739507700509474
Botswana,1974,0.679477003570251
Botswana,1973,0.694114137583751
Botswana,1972,0.772828411038462
Botswana,1971,0.712443761749149
Botswana,1970,0.716413520036936
Botswana,1969,0.718057125427679
Botswana,1968,0.716998156110197
Botswana,1967,0.717049619137688
Botswana,1966,0.716983431633873
Botswana,1965,0.71633440114268
Botswana,1964,0.717258646245895
Botswana,1963,0.715287185250261
Botswana,1962,0.713265494271677
Botswana,1961,0.714694435086178
Botswana,1960,0.713320882169215
Brazil,2023,4.99437976287199
Brazil,2022,5.16397029102111
Brazil,2021,5.39440078962503
Brazil,2020,5.15517878751281
Brazil,2019,3.9444710972507
Brazil,2018,3.65382536145755
Brazil,2017,3.19138944630048
Brazil,2016,3.49131342157271
Brazil,2015,3.32690438276879
Brazil,2014,2.35295196276669
Brazil,2013,2.15608915126311
Brazil,2012,1.95306861112487
Brazil,2011,1.67282875525659
Brazil,2010,1.75922671058718
Brazil,2009,1.99942817314426
Brazil,2008,1.83376666666667
Brazil,2007,1.94705833333333
Brazil,2006,2.17532666666667
Brazil,2005,2.43439003623188
Brazil,2004,2.92511944951586
Brazil,2003,3.07747511847802
Brazil,2002,2.92036301775519
Brazil,2001,2.34963170932244
Brazil,2000,1.82942312207561
Brazil,1999,1.81393284657213
Brazil,1998,1.16051666666667
Brazil,1997,1.07799166666667
Brazil,1996,1.0051
Brazil,1995,0.917666666666667
Brazil,1994,0.664683514070577
Brazil,1993,0.038276610926673
Brazil,1992,0.00195302352248811
Brazil,1991,0.000175961443086024
Brazil,1990,2.95572678942699e-05
Brazil,1989,1.22638743473744e-06
Brazil,1988,1.1354767374037e-07
Brazil,1987,1.6976307824584e-08
Brazil,1986,5.90968226749251e-09
Brazil,1985,2.68324234084592e-09
Brazil,1984,7.99741323974138e-10
Brazil,1983,2.49718172221135e-10
Brazil,1982,7.76854427171099e-11
Brazil,1981,4.03001093531326e-11
Brazil,1980,2.28123189244443e-11
Brazil,1979,1.1660690720063e-11
Brazil,1978,7.81974984419137e-12
Brazil,1977,6.12086729455843e-12
Brazil,1976,4.61870733099062e-12
Brazil,1975,3.5168444719385e-12
Brazil,1974,2.9383610615176e-12
Brazil,1973,2.65094052783721e-12
Brazil,1972,2.56796001993275e-12
Brazil,1971,2.28822086312487e-12
Brazil,1970,1.98785378344809e-12
Brazil,1969,1.76336283963875e-12
Brazil,1968,1.46959525276793e-12
Brazil,1967,1.15260322134062e-12
Brazil,1966,9.60713051097307e-13
Brazil,1965,8.21654885346591e-13
Brazil,1964,5.42023917053559e-13
Brazil,1963,2.488693976762e-13
Brazil,1962,1.67764155487091e-13
Brazil,1961,1.16843478826882e-13
Brazil,1960,8.09970533496995e-14
British Virgin Islands,2023,
British Virgin Islands,2022,
British Virgin Islands,2021,
British Virgin Islands,2020,
British Virgin Islands,2019,
British Virgin Islands,2018,
British Virgin Islands,2017,
British Virgin Islands,2016,
British Virgin Islands,2015,
British Virgin Islands,2014,
British Virgin Islands,2013,
British Virgin Islands,2012,
British Virgin Islands,2011,
British Virgin Islands,2010,
British Virgin Islands,2009,
British Virgin Islands,2008,
British Virgin Islands,2007,
British Virgin Islands,2006,
British Virgin Islands,2005,
British Virgin Islands,2004,
British Virgin Islands,2003,
British Virgin Islands,2002,
British Virgin Islands,2001,
British Virgin Islands,2000,
British Virgin Islands,1999,
British Virgin Islands,1998,
British Virgin Islands,1997,
British Virgin Islands,1996,
British Virgin Islands,1995,
British Virgin Islands,1994,
British Virgin Islands,1993,
British Virgin Islands,1992,
British Virgin Islands,1991,
British Virgin Islands,1990,
British Virgin Islands,1989,
British Virgin Islands,1988,
British Virgin Islands,1987,
British Virgin Islands,1986,
British Virgin Islands,1985,
British Virgin Islands,1984,
British Virgin Islands,1983,
British Virgin Islands,1982,
British Virgin Islands,1981,
British Virgin Islands,1980,
British Virgin Islands,1979,
British Virgin Islands,1978,
British Virgin Islands,1977,
British Virgin Islands,1976,
British Virgin Islands,1975,
British Virgin Islands,1974,
British Virgin Islands,1973,
British Virgin Islands,1972,
British Virgin Islands,1971,
British Virgin Islands,1970,
British Virgin Islands,1969,
British Virgin Islands,1968,
British Virgin Islands,1967,
British Virgin Islands,1966,
British Virgin Islands,1965,
British Virgin Islands,1964,
British Virgin Islands,1963,
British Virgin Islands,1962,
British Virgin Islands,1961,
British Virgin Islands,1960,
Brunei Darussalam,2023,1.34307960114934
Brunei Darussalam,2022,1.37895639652216
Brunei Darussalam,2021,1.34380696297339
Brunei Darussalam,2020,1.37970342971399
Brunei Darussalam,2019,1.36421851405475
Brunei Darussalam,2018,1.34891856542537
Brunei Darussalam,2017,1.38089116405281
Brunei Darussalam,2016,1.38134687688286
Brunei Darussalam,2015,1.37491084459887
Brunei Darussalam,2014,1.2670401230814
Brunei Darussalam,2013,1.25116566976059
Brunei Darussalam,2012,1.24956701649958
Brunei Darussalam,2011,1.25791302014692
Brunei Darussalam,2010,1.36350947368421
Brunei Darussalam,2009,1.4545692733233
Brunei Darussalam,2008,1.41716666666667
Brunei Darussalam,2007,1.50710166666667
Brunei Darussalam,2006,1.58893333333333
Brunei Darussalam,2005,1.6643975
Brunei Darussalam,2004,1.69022833333333
Brunei Darussalam,2003,1.74218333333333
Brunei Darussalam,2002,1.79058833333333
Brunei Darussalam,2001,1.7917225
Brunei Darussalam,2000,1.72396333333333
Brunei Darussalam,1999,1.69495666666667
Brunei Darussalam,1998,1.67360166666667
Brunei Darussalam,1997,1.48480583333333
Brunei Darussalam,1996,1.41004083333333
Brunei Darussalam,1995,1.417375
Brunei Darussalam,1994,1.52744416666667
Brunei Darussalam,1993,1.61579083333333
Brunei Darussalam,1992,1.62896666666667
Brunei Darussalam,1991,1.72755
Brunei Darussalam,1990,1.81253333333333
Brunei Darussalam,1989,1.95025833333333
Brunei Darussalam,1988,2.012425
Brunei Darussalam,1987,2.10598333333333
Brunei Darussalam,1986,2.1774166665
Brunei Darussalam,1985,2.20014999966667
Brunei Darussalam,1984,2.133083333
Brunei Darussalam,1983,2.113049999
Brunei Darussalam,1982,2.14002499916667
Brunei Darussalam,1981,2.112691666
Brunei Darussalam,1980,2.14120833258333
Brunei Darussalam,1979,2.1745583325
Brunei Darussalam,1978,2.27402499916667
Brunei Darussalam,1977,2.43939999925
Brunei Darussalam,1976,2.47084166591667
Brunei Darussalam,1975,2.37129999908333
Brunei Darussalam,1974,2.43686666583333
Brunei Darussalam,1973,2.45857965494532
Brunei Darussalam,1972,2.81955586834381
Brunei Darussalam,1971,3.05226042980931
Brunei Darussalam,1970,3.06122000206122
Brunei Darussalam,1969,3.06122000206122
Brunei Darussalam,1968,3.06122000206122
Brunei Darussalam,1967,3.06122000206122
Brunei Darussalam,1966,3.06122000206122
Brunei Darussalam,1965,3.06122000206122
Brunei Darussalam,1964,3.06122000206122
Brunei Darussalam,1963,3.06122000206122
Brunei Darussalam,1962,3.06122000206122
Brunei Darussalam,1961,3.06122000206122
Brunei Darussalam,1960,3.06122000206122
Bulgaria,2023,1.80896666666667
Bulgaria,2022,1.86014166666667
Bulgaria,2021,1.653775
Bulgaria,2020,1.71633333333333
Bulgaria,2019,1.74704166666667
Bulgaria,2018,1.65704166666667
Bulgaria,2017,1.73545833333333
Bulgaria,2016,1.76804166666667
Bulgaria,2015,1.7644
Bulgaria,2014,1.47418333333333
Bulgaria,2013,1.47356666666667
Bulgaria,2012,1.52205
Bulgaria,2011,1.40645833333333
Bulgaria,2010,1.47739166666667
Bulgaria,2009,1.40669166666667
Bulgaria,2008,1.33711666666667
Bulgaria,2007,1.42905
Bulgaria,2006,1.55926666666667
Bulgaria,2005,1.57413333333333
Bulgaria,2004,1.57510891666667
Bulgaria,2003,1.73270166666667
Bulgaria,2002,2.076975
Bulgaria,2001,2.18470833333333
Bulgaria,2000,2.123275
Bulgaria,1999,1.83638333333333
Bulgaria,1998,1.76035833333333
Bulgaria,1997,1.68187916666667
Bulgaria,1996,0.177888666666667
Bulgaria,1995,0.0671708333333333
Bulgaria,1994,0.0541336666666666
Bulgaria,1993,0.0275935833333333
Bulgaria,1992,0.0233411666666667
Bulgaria,1991,0.01778825
Bulgaria,1990,
Bulgaria,1989,
Bulgaria,1988,
Bulgaria,1987,
Bulgaria,1986,
Bulgaria,1985,
Bulgaria,1984,
Bulgaria,1983,
Bulgaria,1982,
Bulgaria,1981,
Bulgaria,1980,
Bulgaria,1979,
Bulgaria,1978,
Bulgaria,1977,
Bulgaria,1976,
Bulgaria,1975,
Bulgaria,1974,0.000969999999
Bulgaria,1973,0.00097916666575
Bulgaria,1972,0.00108
Bulgaria,1971,0.001169999999
Bulgaria,1970,0.001169999999
Bulgaria,1969,0.001169999999
Bulgaria,1968,0.001169999999
Bulgaria,1967,0.001169999999
Bulgaria,1966,0.001169999999
Bulgaria,1965,0.001169999999
Bulgaria,1964,0.001169999999
Bulgaria,1963,0.001169999999
Bulgaria,1962,0.001169999999
Bulgaria,1961,0.001169999999
Bulgaria,1960,0.001169999999
Burkina Faso,2023,606.569750165917
Burkina Faso,2022,623.759700911182
Burkina Faso,2021,554.530675033104
Burkina Faso,2020,575.586004510945
Burkina Faso,2019,585.911013180369
Burkina Faso,2018,555.446458398226
Burkina Faso,2017,580.656749587858
Burkina Faso,2016,592.605615063022
Burkina Faso,2015,591.21169798261
Burkina Faso,2014,493.757329875312
Burkina Faso,2013,493.899623852237
Burkina Faso,2012,510.556338454251
Burkina Faso,2011,471.248625718937
Burkina Faso,2010,494.794262222947
Burkina Faso,2009,470.293423341398
Burkina Faso,2008,446.000041432788
Burkina Faso,2007,478.633718476363
Burkina Faso,2006,522.425624895176
Burkina Faso,2005,527.258362649626
Burkina Faso,2004,527.338032291576
Burkina Faso,2003,579.897426172466
Burkina Faso,2002,693.713226496374
Burkina Faso,2001,732.397693260228
Burkina Faso,2000,710.207977031367
Burkina Faso,1999,615.473349319164
Burkina Faso,1998,589.951774567332
Burkina Faso,1997,583.669372353396
Burkina Faso,1996,511.552430272516
Burkina Faso,1995,499.14842590131
Burkina Faso,1994,555.204695655697
Burkina Faso,1993,283.162579500018
Burkina Faso,1992,264.691800750579
Burkina Faso,1991,282.10690880882
Burkina Faso,1990,272.264787954393
Burkina Faso,1989,319.008299487903
Burkina Faso,1988,297.848218819378
Burkina Faso,1987,300.536562401478
Burkina Faso,1986,346.305903554493
Burkina Faso,1985,449.262962711607
Burkina Faso,1984,436.956665788008
Burkina Faso,1983,381.066036024628
Burkina Faso,1982,328.60625269899
Burkina Faso,1981,271.731452550327
Burkina Faso,1980,211.279555414705
Burkina Faso,1979,212.721644262377
Burkina Faso,1978,225.655860233957
Burkina Faso,1977,245.679686566576
Burkina Faso,1976,238.950494267059
Burkina Faso,1975,214.312900341219
Burkina Faso,1974,240.704667637823
Burkina Faso,1973,222.889183053227
Burkina Faso,1972,252.027627462649
Burkina Faso,1971,275.356456685332
Burkina Faso,1970,276.403137026845
Burkina Faso,1969,259.960574351236
Burkina Faso,1968,247.564693756951
Burkina Faso,1967,246.000937791281
Burkina Faso,1966,245.678436557644
Burkina Faso,1965,245.060934207708
Burkina Faso,1964,245.027184079042
Burkina Faso,1963,245.016350696075
Burkina Faso,1962,245.013850686544
Burkina Faso,1961,245.26010162116
Burkina Faso,1960,245.195101398359
Burundi,2023,2574.05174879329
Burundi,2022,2034.30663430472
Burundi,2021,1975.95088138768
Burundi,2020,1915.04617583333
Burundi,2019,1845.62289069697
Burundi,2018,1782.876875
Burundi,2017,1729.055
Burundi,2016,1654.62666666667
Burundi,2015,1571.89833333333
Burundi,2014,1546.68666666667
Burundi,2013,1555.09083333333
Burundi,2012,1442.505625
Burundi,2011,1261.07333333333
Burundi,2010,1230.74833333333
Burundi,2009,1230.17916666667
Burundi,2008,1185.69083333333
Burundi,2007,1081.8696825
Burundi,2006,1028.683553
Burundi,2005,1081.57716666667
Burundi,2004,1100.9
Burundi,2003,1082.62
Burundi,2002,930.749166666666
Burundi,2001,830.353333333333
Burundi,2000,720.673333333333
Burundi,1999,563.5625
Burundi,1998,447.765833333333
Burundi,1997,352.350833333333
Burundi,1996,302.746666666667
Burundi,1995,249.7575
Burundi,1994,252.6625
Burundi,1993,242.78
Burundi,1992,208.302666666667
Burundi,1991,181.512583333333
Burundi,1990,171.255416666667
Burundi,1989,158.666666666667
Burundi,1988,140.395
Burundi,1987,123.563833333333
Burundi,1986,114.171083333167
Burundi,1985,120.690749999417
Burundi,1984,119.709166666167
Burundi,1983,92.9483333331667
Burundi,1982,90.0
Burundi,1981,90.0
Burundi,1980,90.0
Burundi,1979,90.0
Burundi,1978,90.0
Burundi,1977,90.0
Burundi,1976,86.25
Burundi,1975,78.75
Burundi,1974,78.75
Burundi,1973,80.0260833333333
Burundi,1972,87.5
Burundi,1971,87.5000000802083
Burundi,1970,87.5000000875
Burundi,1969,87.5000000875
Burundi,1968,87.5000000875
Burundi,1967,87.5000000875
Burundi,1966,87.5000000875
Burundi,1965,84.375000080125
Burundi,1964,50.000000049
Burundi,1963,50.000000049
Burundi,1962,50.000000049
Burundi,1961,50.000000049
Burundi,1960,50.000000049
Cabo Verde,2023,101.804812544702
Cabo Verde,2022,104.863065846367
Cabo Verde,2021,93.2180924116109
Cabo Verde,2020,96.7957427869885
Cabo Verde,2019,98.4951785878976
Cabo Verde,2018,93.4135789085279
Cabo Verde,2017,97.8069377715121
Cabo Verde,2016,99.6881136363636
Cabo Verde,2015,99.3856935425685
Cabo Verde,2014,83.0345
Cabo Verde,2013,83.0725
Cabo Verde,2012,86.3189541847042
Cabo Verde,2011,79.2768814761183
Cabo Verde,2010,83.2786893759019
Cabo Verde,2009,80.0354177277845
Cabo Verde,2008,75.3360038388544
Cabo Verde,2007,80.6150271575266
Cabo Verde,2006,87.9260649113314
Cabo Verde,2005,88.6461685261408
Cabo Verde,2004,88.7479249022727
Cabo Verde,2003,97.7875
Cabo Verde,2002,117.255833333333
Cabo Verde,2001,123.213333333333
Cabo Verde,2000,115.876551583333
Cabo Verde,1999,102.7
Cabo Verde,1998,98.1575
Cabo Verde,1997,93.1766666666667
Cabo Verde,1996,82.5914666666667
Cabo Verde,1995,76.8533333333334
Cabo Verde,1994,81.8908333333333
Cabo Verde,1993,80.4265973625
Cabo Verde,1992,68.0175833333333
Cabo Verde,1991,71.4083333333333
Cabo Verde,1990,70.0313333333333
Cabo Verde,1989,77.9780833333333
Cabo Verde,1988,72.0675
Cabo Verde,1987,72.4658333333334
Cabo Verde,1986,80.1449166666666
Cabo Verde,1985,91.6316666663333
Cabo Verde,1984,84.8779166661667
Cabo Verde,1983,71.6858333325
Cabo Verde,1982,58.2933333324167
Cabo Verde,1981,48.6946666656667
Cabo Verde,1980,40.1749166656667
Cabo Verde,1979,37.432999999
Cabo Verde,1978,35.500749999
Cabo Verde,1977,34.0464916658334
Cabo Verde,1976,30.2290833333333
Cabo Verde,1975,25.5432499999167
Cabo Verde,1974,25.4081666665833
Cabo Verde,1973,24.5151666665833
Cabo Verde,1972,27.0534166666667
Cabo Verde,1971,28.3601702878227
Cabo Verde,1970,28.75000002875
Cabo Verde,1969,28.75000002875
Cabo Verde,1968,28.75000002875
Cabo Verde,1967,28.75000002875
Cabo Verde,1966,28.75000002875
Cabo Verde,1965,28.75000002875
Cabo Verde,1964,28.75000002875
Cabo Verde,1963,28.75000002875
Cabo Verde,1962,28.75000002875
Cabo Verde,1961,28.75000002875
Cabo Verde,1960,28.75000002875
Cambodia,2023,4110.65274641577
Cambodia,2022,4102.03786482335
Cambodia,2021,4098.72279505888
Cambodia,2020,4092.78321900878
Cambodia,2019,4061.14896313364
Cambodia,2018,4051.16690028162
Cambodia,2017,4050.5799859191
Cambodia,2016,4058.69457885305
Cambodia,2015,4067.75
Cambodia,2014,4037.5
Cambodia,2013,4027.25
Cambodia,2012,4033.0
Cambodia,2011,4058.5
Cambodia,2010,4184.91666666667
Cambodia,2009,4139.33333333333
Cambodia,2008,4054.16666666667
Cambodia,2007,4056.16666666667
Cambodia,2006,4103.25
Cambodia,2005,4092.5
Cambodia,2004,4016.25
Cambodia,2003,3973.33333333333
Cambodia,2002,3912.08333333333
Cambodia,2001,3916.33333333333
Cambodia,2000,3840.75
Cambodia,1999,3807.83333333333
Cambodia,1998,3744.41666666667
Cambodia,1997,2946.25
Cambodia,1996,2624.08333333333
Cambodia,1995,2450.83333333333
Cambodia,1994,2545.25
Cambodia,1993,2689.0
Cambodia,1992,1266.58333333333
Cambodia,1991,718.333333333333
Cambodia,1990,426.25
Cambodia,1989,
Cambodia,1988,
Cambodia,1987,
Cambodia,1986,
Cambodia,1985,
Cambodia,1984,
Cambodia,1983,
Cambodia,1982,
Cambodia,1981,
Cambodia,1980,
Cambodia,1979,
Cambodia,1978,
Cambodia,1977,
Cambodia,1976,
Cambodia,1975,
Cambodia,1974,
Cambodia,1973,244.916666666667
Cambodia,1972,162.25
Cambodia,1971,75.8216666659167
Cambodia,1970,55.539999999
Cambodia,1969,43.5583333329167
Cambodia,1968,35.0
Cambodia,1967,35.0
Cambodia,1966,35.0
Cambodia,1965,35.0
Cambodia,1964,35.0
Cambodia,1963,35.0
Cambodia,1962,35.0
Cambodia,1961,35.0
Cambodia,1960,35.0
Cameroon,2023,606.569750165917
Cameroon,2022,623.759700911182
Cameroon,2021,554.530675033104
Cameroon,2020,575.586004510945
Cameroon,2019,585.911013180369
Cameroon,2018,555.446458398226
Cameroon,2017,580.656749587858
Cameroon,2016,592.605615063022
Cameroon,2015,591.21169798261
Cameroon,2014,493.757329875312
Cameroon,2013,493.899623852237
Cameroon,2012,510.556338454251
Cameroon,2011,471.248625718937
Cameroon,2010,494.794262222947
Cameroon,2009,470.293423341398
Cameroon,2008,446.000041432788
Cameroon,2007,478.633718476363
Cameroon,2006,522.425624895176
Cameroon,2005,527.258362649626
Cameroon,2004,527.338032291576
Cameroon,2003,579.897426172466
Cameroon,2002,693.713226496374
Cameroon,2001,732.397693260228
Cameroon,2000,710.207977031367
Cameroon,1999,615.473349319164
Cameroon,1998,589.951774567332
Cameroon,1997,583.669372353396
Cameroon,1996,511.552430272516
Cameroon,1995,499.14842590131
Cameroon,1994,555.204695655697
Cameroon,1993,283.162579500018
Cameroon,1992,264.691800750579
Cameroon,1991,282.10690880882
Cameroon,1990,272.264787954393
Cameroon,1989,319.008299487903
Cameroon,1988,297.848218819378
Cameroon,1987,300.536562401478
Cameroon,1986,346.305903554493
Cameroon,1985,449.262962711607
Cameroon,1984,436.956665788008
Cameroon,1983,381.066036024628
Cameroon,1982,328.60625269899
Cameroon,1981,271.731452550327
Cameroon,1980,211.279555414705
Cameroon,1979,212.721644262377
Cameroon,1978,225.655860233957
Cameroon,1977,245.679686566576
Cameroon,1976,238.950494267059
Cameroon,1975,214.312900341219
Cameroon,1974,240.704667637823
Cameroon,1973,222.889183053227
Cameroon,1972,252.027627462649
Cameroon,1971,275.356456685332
Cameroon,1970,276.403137026845
Cameroon,1969,259.960574351236
Cameroon,1968,247.564693756951
Cameroon,1967,246.000937791281
Cameroon,1966,245.678436557644
Cameroon,1965,245.060934207708
Cameroon,1964,245.027184079042
Cameroon,1963,245.016350696075
Cameroon,1962,245.013850686544
Cameroon,1961,245.26010162116
Cameroon,1960,245.195101398359
Canada,2023,1.3499086407939
Canada,2022,1.30155477474355
Canada,2021,1.2538769021268
Canada,2020,1.34115267222386
Canada,2019,1.32679336266012
Canada,2018,1.29581792813534
Canada,2017,1.29793584646039
Canada,2016,1.3256151637482
Canada,2015,1.27878620362554
Canada,2014,1.10474713237886
Canada,2013,1.03013736373016
Canada,2012,0.999364743593074
Canada,2011,0.989258158636364
Canada,2010,1.03011273517598
Canada,2009,1.1415354059127
Canada,2008,1.06708691833333
Canada,2007,1.07404562166667
Canada,2006,1.13434472583333
Canada,2005,1.21140513416667
Canada,2004,1.301281595
Canada,2003,1.4010145475
Canada,2002,1.57034283416667
Canada,2001,1.548839955
Canada,2000,1.485394095
Canada,1999,1.48570481916667
Canada,1998,1.48350530166667
Canada,1997,1.38459802833333
Canada,1996,1.36352163583333
Canada,1995,1.37244541833333
Canada,1994,1.3656734475
Canada,1993,1.29008788166667
Canada,1992,1.20872292
Canada,1991,1.14572584416667
Canada,1990,1.16677362666667
Canada,1989,1.18397208416667
Canada,1988,1.23070084666667
Canada,1987,1.32598258166667
Canada,1986,1.38947105916667
Canada,1985,1.36550739166667
Canada,1984,1.29506561083333
Canada,1983,1.23241182741667
Canada,1982,1.23373491166667
Canada,1981,1.19890312083333
Canada,1980,1.16922686666667
Canada,1979,1.17142449583333
Canada,1978,1.14065917075
Canada,1977,1.06344161083333
Canada,1976,0.986028304083333
Canada,1975,1.01715926333333
Canada,1974,0.978017525583334
Canada,1973,1.00009014
Canada,1972,0.990662555833334
Canada,1971,1.00981054416667
Canada,1970,1.04421874416667
Canada,1969,1.0767805125
Canada,1968,1.07747140083333
Canada,1967,1.07871042416667
Canada,1966,1.07734156666667
Canada,1965,1.07798428416667
Canada,1964,1.07859841916667
Canada,1963,1.07851434416667
Canada,1962,1.06876922408333
Canada,1961,1.01306251583333
Canada,1960,0.969766786666667
Cayman Islands,2023,0.83333
Cayman Islands,2022,0.83333
Cayman Islands,2021,0.83333
Cayman Islands,2020,0.83333
Cayman Islands,2019,0.83333
Cayman Islands,2018,0.83333
Cayman Islands,2017,0.83333
Cayman Islands,2016,0.83333
Cayman Islands,2015,0.83333
Cayman Islands,2014,0.83333
Cayman Islands,2013,0.83333
Cayman Islands,2012,0.83333
Cayman Islands,2011,0.83333
Cayman Islands,2010,0.83333
Cayman Islands,2009,0.83333
Cayman Islands,2008,0.83333
Cayman Islands,2007,0.83333
Cayman Islands,2006,0.83333
Cayman Islands,2005,0.83333
Cayman Islands,2004,0.83333
Cayman Islands,2003,0.83333
Cayman Islands,2002,0.83333
Cayman Islands,2001,0.83333
Cayman Islands,2000,0.83333
Cayman Islands,1999,0.83333
Cayman Islands,1998,0.83333
Cayman Islands,1997,0.83333
Cayman Islands,1996,0.83333
Cayman Islands,1995,0.83333
Cayman Islands,1994,0.83333
Cayman Islands,1993,0.83333
Cayman Islands,1992,0.83333
Cayman Islands,1991,0.83333
Cayman Islands,1990,0.83333
Cayman Islands,1989,0.83333
Cayman Islands,1988,0.83333
Cayman Islands,1987,0.83333
Cayman Islands,1986,0.83333
Cayman Islands,1985,0.83333
Cayman Islands,1984,0.83333
Cayman Islands,1983,0.83333
Cayman Islands,1982,0.83333
Cayman Islands,1981,0.83333
Cayman Islands,1980,0.83333
Cayman Islands,1979,0.83333
Cayman Islands,1978,0.83333
Cayman Islands,1977,0.83333
Cayman Islands,1976,0.83333
Cayman Islands,1975,0.83333
Cayman Islands,1974,0.83882588132866
Cayman Islands,1973,0.816341890598615
Cayman Islands,1972,0.80049730397871
Cayman Islands,1971,0.832759412941441
Cayman Islands,1970,0.827843865271655
Cayman Islands,1969,0.833333334027778
Cayman Islands,1968,0.833333334027778
Cayman Islands,1967,0.727466995356869
Cayman Islands,1966,0.714285714795918
Cayman Islands,1965,0.714285714795918
Cayman Islands,1964,0.714285714795918
Cayman Islands,1963,0.714285714795918
Cayman Islands,1962,0.714285714795918
Cayman Islands,1961,0.714285714795918
Cayman Islands,1960,0.714285714795918
Central African Republic,2023,606.569750165917
Central African Republic,2022,623.759700911182
Central African Republic,2021,554.530675033104
Central African Republic,2020,575.586004510945
Central African Republic,2019,585.911013180369
Central African Republic,2018,555.446458398226
Central African Republic,2017,580.656749587858
Central African Republic,2016,592.605615063022
Central African Republic,2015,591.21169798261
Central African Republic,2014,493.757329875312
Central African Republic,2013,493.899623852237
Central African Republic,2012,510.556338454251
Central African Republic,2011,471.248625718937
Central African Republic,2010,494.794262222947
Central African Republic,2009,470.293423341398
Central African Republic,2008,446.000041432788
Central African Republic,2007,478.633718476363
Central African Republic,2006,522.425624895176
Central African Republic,2005,527.258362649626
Central African Republic,2004,527.338032291576
Central African Republic,2003,579.897426172466
Central African Republic,2002,693.713226496374
Central African Republic,2001,732.397693260228
Central African Republic,2000,710.207977031367
Central African Republic,1999,615.473349319164
Central African Republic,1998,589.951774567332
Central African Republic,1997,583.669372353396
Central African Republic,1996,511.552430272516
Central African Republic,1995,499.14842590131
Central African Republic,1994,555.204695655697
Central African Republic,1993,283.162579500018
Central African Republic,1992,264.691800750579
Central African Republic,1991,282.10690880882
Central African Republic,1990,272.264787954393
Central African Republic,1989,319.008299487903
Central African Republic,1988,297.848218819378
Central African Republic,1987,300.536562401478
Central African Republic,1986,346.305903554493
Central African Republic,1985,449.262962711607
Central African Republic,1984,436.956665788008
Central African Republic,1983,381.066036024628
Central African Republic,1982,328.60625269899
Central African Republic,1981,271.731452550327
Central African Republic,1980,211.279555414705
Central African Republic,1979,212.721644262377
Central African Republic,1978,225.655860233957
Central African Republic,1977,245.679686566576
Central African Republic,1976,238.950494267059
Central African Republic,1975,214.312900341219
Central African Republic,1974,240.704667637823
Central African Republic,1973,222.889183053227
Central African Republic,1972,252.027627462649
Central African Republic,1971,275.356456685332
Central African Republic,1970,276.403137026845
Central African Republic,1969,259.960574351236
Central African Republic,1968,247.564693756951
Central African Republic,1967,246.000937791281
Central African Republic,1966,245.678436557644
Central African Republic,1965,245.060934207708
Central African Republic,1964,245.027184079042
Central African Republic,1963,245.016350696075
Central African Republic,1962,245.013850686544
Central African Republic,1961,245.26010162116
Central African Republic,1960,245.195101398359
Chad,2023,606.569750165917
Chad,2022,623.759700911182
Chad,2021,554.530675033104
Chad,2020,575.586004510945
Chad,2019,585.911013180369
Chad,2018,555.446458398226
Chad,2017,580.656749587858
Chad,2016,592.605615063022
Chad,2015,591.21169798261
Chad,2014,493.757329875312
Chad,2013,493.899623852237
Chad,2012,510.556338454251
Chad,2011,471.248625718937
Chad,2010,494.794262222947
Chad,2009,470.293423341398
Chad,2008,446.000041432788
Chad,2007,478.633718476363
Chad,2006,522.425624895176
Chad,2005,527.258362649626
Chad,2004,527.338032291576
Chad,2003,579.897426172466
Chad,2002,693.713226496374
Chad,2001,732.397693260228
Chad,2000,710.207977031367
Chad,1999,615.473349319164
Chad,1998,589.951774567332
Chad,1997,583.669372353396
Chad,1996,511.552430272516
Chad,1995,499.14842590131
Chad,1994,555.204695655697
Chad,1993,283.162579500018
Chad,1992,264.691800750579
Chad,1991,282.10690880882
Chad,1990,272.264787954393
Chad,1989,319.008299487903
Chad,1988,297.848218819378
Chad,1987,300.536562401478
Chad,1986,346.305903554493
Chad,1985,449.262962711607
Chad,1984,436.956665788008
Chad,1983,381.066036024628
Chad,1982,328.60625269899
Chad,1981,271.731452550327
Chad,1980,211.279555414705
Chad,1979,212.721644262377
Chad,1978,225.655860233957
Chad,1977,245.679686566576
Chad,1976,238.950494267059
Chad,1975,214.312900341219
Chad,1974,240.704667637823
Chad,1973,222.889183053227
Chad,1972,252.027627462649
Chad,1971,275.356456685332
Chad,1970,276.403137026845
Chad,1969,259.960574351236
Chad,1968,247.564693756951
Chad,1967,246.000937791281
Chad,1966,245.678436557644
Chad,1965,245.060934207708
Chad,1964,245.027184079042
Chad,1963,245.016350696075
Chad,1962,245.013850686544
Chad,1961,245.26010162116
Chad,1960,245.195101398359
Channel Islands,2023,0.804538906734353
Channel Islands,2022,0.811301715827773
Channel Islands,2021,0.727064944688323
Channel Islands,2020,0.779999576697153
Channel Islands,2019,0.783445110011929
Channel Islands,2018,0.749531540259847
Channel Islands,2017,0.776976682344123
Channel Islands,2016,0.740634463697084
Channel Islands,2015,0.654545478931426
Channel Islands,2014,0.607729626878255
Channel Islands,2013,0.639660577613477
Channel Islands,2012,0.633046988857327
Channel Islands,2011,0.624140835740495
Channel Islands,2010,0.647179345560165
Channel Islands,2009,0.641919263495996
Channel Islands,2008,0.54396625
Channel Islands,2007,0.499771666666667
Channel Islands,2006,0.543486666666667
Channel Islands,2005,0.549998333333333
Channel Islands,2004,0.54618
Channel Islands,2003,0.6124725
Channel Islands,2002,0.667223333333333
Channel Islands,2001,0.694655
Channel Islands,2000,0.660930833333333
Channel Islands,1999,0.618056845
Channel Islands,1998,0.603823594166667
Channel Islands,1997,0.610836114166667
Channel Islands,1996,0.640958255
Channel Islands,1995,0.63366812
Channel Islands,1994,0.653426604166667
Channel Islands,1993,0.666756553333333
Channel Islands,1992,0.569774166666667
Channel Islands,1991,0.567015333333333
Channel Islands,1990,0.563177166666667
Channel Islands,1989,0.61117275
Channel Islands,1988,0.562170166666667
Channel Islands,1987,0.6119265
Channel Islands,1986,0.682197333333333
Channel Islands,1985,0.77924599975
Channel Islands,1984,0.75180666625
Channel Islands,1983,0.659724582333334
Channel Islands,1982,0.572446832333333
Channel Islands,1981,0.497641332333334
Channel Islands,1980,0.430294999
Channel Islands,1979,0.472181165666667
Channel Islands,1978,0.521504582333334
Channel Islands,1977,0.573271999
Channel Islands,1976,0.556509832333334
Channel Islands,1975,0.452041165666667
Channel Islands,1974,0.427756439747663
Channel Islands,1973,0.408170945299307
Channel Islands,1972,0.400390461530008
Channel Islands,1971,0.410920237429425
Channel Islands,1970,0.416666999416667
Channel Islands,1969,0.416666999416667
Channel Islands,1968,0.416666999416667
Channel Islands,1967,0.362103332665675
Channel Islands,1966,0.357142999357143
Channel Islands,1965,0.357142999357143
Channel Islands,1964,0.357142999357143
Channel Islands,1963,0.357142999357143
Channel Islands,1962,0.357142999357143
Channel Islands,1961,0.357142999357143
Channel Islands,1960,0.357142999357143
Chile,2023,840.066526651499
Chile,2022,873.314189543014
Chile,2021,758.955378658977
Chile,2020,792.727206103169
Chile,2019,702.897422561529
Chile,2018,641.276813066395
Chile,2017,648.833792598261
Chile,2016,676.957736044657
Chile,2015,654.124084254196
Chile,2014,570.34821612744
Chile,2013,495.272877645503
Chile,2012,486.471303391053
Chile,2011,483.6675
Chile,2010,510.249166666667
Chile,2009,560.85989484127
Chile,2008,522.461035833334
Chile,2007,522.464166666667
Chile,2006,530.275
Chile,2005,559.7675
Chile,2004,609.529166666667
Chile,2003,691.3975
Chile,2002,688.936666666667
Chile,2001,634.938333333334
Chile,2000,539.5875
Chile,1999,508.776666666667
Chile,1998,460.2875
Chile,1997,419.295
Chile,1996,412.266666666667
Chile,1995,396.773333333333
Chile,1994,420.176666666667
Chile,1993,404.165833333333
Chile,1992,362.575833333333
Chile,1991,349.215833333333
Chile,1990,304.903333333333
Chile,1989,266.954166666667
Chile,1988,245.011666666667
Chile,1987,219.406666666667
Chile,1986,192.929999999667
Chile,1985,160.859999999917
Chile,1984,98.4775
Chile,1983,78.7883333333333
Chile,1982,50.9083333333333
Chile,1981,39.0
Chile,1980,39.0
Chile,1979,37.2458333333333
Chile,1978,31.6558333333333
Chile,1977,21.5358333333333
Chile,1976,13.0541666666667
Chile,1975,4.91041666666667
Chile,1974,0.592826261289235
Chile,1973,0.0716419084529154
Chile,1972,0.0208352250595966
Chile,1971,0.0122086435743848
Chile,1970,0.0112775040919884
Chile,1969,0.00861758174712081
Chile,1968,0.00687646591103729
Chile,1967,0.00506826870035749
Chile,1966,0.00385113756716292
Chile,1965,0.00315665784211544
Chile,1964,0.00230743263477695
Chile,1963,0.00162178598526937
Chile,1962,0.00105763578898984
Chile,1961,0.00105013600777515
Chile,1960,0.00104896937508435
China,2023,7.08399842343631
China,2022,6.73715811237119
China,2021,6.44897518024316
China,2020,6.90076726944925
China,2019,6.90838500992901
China,2018,6.61595717735439
China,2017,6.75875508633597
China,2016,6.6444778294468
China,2015,6.22748867298455
China,2014,6.14343409448867
China,2013,6.19575834608231
China,2012,6.31233282683186
China,2011,6.46146132655007
China,2010,6.77026902870939
China,2009,6.83141605176666
China,2008,6.948655
China,2007,7.6075325
China,2006,7.97343833333333
China,2005,8.19431666666667
China,2004,8.27680083333333
China,2003,8.27703666666667
China,2002,8.2769575
China,2001,8.27706833333333
China,2000,8.27850416666666
China,1999,8.27825
China,1998,8.27895833333333
China,1997,8.28981666666667
China,1996,8.314175
China,1995,8.35141666666667
China,1994,8.61874266666666
China,1993,5.76195833333334
China,1992,5.51459166666667
China,1991,5.32339166666667
China,1990,4.78320833333333
China,1989,3.76510833333333
China,1988,3.7221
China,1987,3.7221
China,1986,3.45279166658333
China,1985,2.93665833325
China,1984,2.32004166625
China,1983,1.97567499916667
China,1982,1.89254166583333
China,1981,1.70454166583333
China,1980,1.49838605814132
China,1979,1.55493895401486
China,1978,1.68358941885647
China,1977,1.85782338223958
China,1976,1.94141535102099
China,1975,1.85982338938658
China,1974,1.96110708887637
China,1973,1.98941552463247
China,1972,2.24506644860066
China,1971,2.46180889882528
China,1970,2.46180889882528
China,1969,2.46180889882528
China,1968,2.46180889882528
China,1967,2.46180889882528
China,1966,2.46180889882528
China,1965,2.46180889882528
China,1964,2.46180889882528
China,1963,2.46180889882528
China,1962,2.46180889882528
China,1961,2.46180889882528
China,1960,2.46180889882528
Colombia,2023,4325.955
Colombia,2022,4256.19416666667
Colombia,2021,3744.24416666667
Colombia,2020,3693.27583333333
Colombia,2019,3281.62219381788
Colombia,2018,2955.70396997842
Colombia,2017,2951.48691120161
Colombia,2016,3055.255
Colombia,2015,2741.78166666667
Colombia,2014,2001.105
Colombia,2013,1868.895
Colombia,2012,1798.01166666667
Colombia,2011,1848.01666666667
Colombia,2010,1898.9975
Colombia,2009,2157.59833333333
Colombia,2008,1965.1375
Colombia,2007,2077.81095833333
Colombia,2006,2358.59460526316
Colombia,2005,2321.13166666667
Colombia,2004,2628.36833333333
Colombia,2003,2877.54333333333
Colombia,2002,2504.68083333333
Colombia,2001,2299.89333333333
Colombia,2000,2087.91833333333
Colombia,1999,1756.68583333333
Colombia,1998,1426.42416666667
Colombia,1997,1141.11666666667
Colombia,1996,1036.6225
Colombia,1995,912.895
Colombia,1994,826.54
Colombia,1993,786.346666666667
Colombia,1992,680.385833333333
Colombia,1991,627.1525
Colombia,1990,502.26
Colombia,1989,382.566666666667
Colombia,1988,299.173333333333
Colombia,1987,242.606666666667
Colombia,1986,194.260833333333
Colombia,1985,142.311666666667
Colombia,1984,100.8175
Colombia,1983,78.8575
Colombia,1982,64.0858333333334
Colombia,1981,54.4891666666667
Colombia,1980,47.2783333333334
Colombia,1979,42.5483333333334
Colombia,1978,39.095
Colombia,1977,36.7741666666667
Colombia,1976,34.695
Colombia,1975,30.9275
Colombia,1974,26.0616666666667
Colombia,1973,23.5716666666667
Colombia,1972,21.8666666666667
Colombia,1971,19.9333333333333
Colombia,1970,18.4441666666667
Colombia,1969,17.3216666666667
Colombia,1968,16.2916666666667
Colombia,1967,14.5066666666667
Colombia,1966,13.5
Colombia,1965,10.5
Colombia,1964,9.0
Colombia,1963,9.0
Colombia,1962,6.96166666666667
Colombia,1961,6.7
Colombia,1960,6.635
Comoros,2023,454.991236691823
Comoros,2022,467.184261187176
Comoros,2021,415.955849148122
Comoros,2020,430.720912236792
Comoros,2019,439.463110317875
Comoros,2018,416.584843798676
Comoros,2017,435.492562190889
Comoros,2016,444.454211297254
Comoros,2015,443.408773486958
Comoros,2014,370.31799740649
Comoros,2013,370.424717889175
Comoros,2012,382.917253840688
Comoros,2011,353.4364692892
Comoros,2010,371.095696667202
Comoros,2009,352.720067506049
Comoros,2008,334.500031074591
Comoros,2007,358.975288857269
Comoros,2006,391.819218671385
Comoros,2005,395.443771987232
Comoros,2004,395.503524218688
Comoros,2003,434.923069629334
Comoros,2002,520.284919872279
Comoros,2001,549.298269945146
Comoros,2000,532.655982773529
Comoros,1999,461.792998463165
Comoros,1998,442.458835940057
Comoros,1997,437.747087471253
Comoros,1996,383.659991508088
Comoros,1995,374.357093251524
Comoros,1994,416.398820951823
Comoros,1993,283.160179996785
Comoros,1992,264.689557767651
Comoros,1991,282.104518251279
Comoros,1990,272.262480798412
Comoros,1989,319.005596230122
Comoros,1988,297.845694870891
Comoros,1987,300.534015672123
Comoros,1986,346.302968978403
Comoros,1985,449.259155683385
Comoros,1984,436.95296304263
Comoros,1983,381.062806893197
Comoros,1982,328.603468108712
Comoros,1981,271.729149913798
Comoros,1980,211.277765044038
Comoros,1979,212.719841671533
Comoros,1978,225.653948039319
Comoros,1977,245.677604691197
Comoros,1976,238.948469414465
Comoros,1975,214.311084266163
Comoros,1974,240.702627920466
Comoros,1973,222.887294303251
Comoros,1972,252.025491795188
Comoros,1971,275.354312550959
Comoros,1970,276.400794802734
Comoros,1969,259.958371460445
Comoros,1968,247.562595908131
Comoros,1967,245.998853193638
Comoros,1966,245.676354692858
Comoros,1965,245.058857575601
Comoros,1964,245.025107732932
Comoros,1963,245.014274441767
Comoros,1962,245.011774453421
Comoros,1961,245.25802330132
Comoros,1960,245.193023629328
"Congo, Dem. Rep.",2023,2340.03570436145
"Congo, Dem. Rep.",2022,2006.70821944055
"Congo, Dem. Rep.",2021,1989.39147122828
"Congo, Dem. Rep.",2020,1851.12216183261
"Congo, Dem. Rep.",2019,1647.76012727639
"Congo, Dem. Rep.",2018,1622.52350162292
"Congo, Dem. Rep.",2017,1464.41793163743
"Congo, Dem. Rep.",2016,1010.30275716866
"Congo, Dem. Rep.",2015,925.984961280393
"Congo, Dem. Rep.",2014,925.226282531997
"Congo, Dem. Rep.",2013,919.565907354881
"Congo, Dem. Rep.",2012,919.755016666667
"Congo, Dem. Rep.",2011,919.4913
"Congo, Dem. Rep.",2010,905.913458333333
"Congo, Dem. Rep.",2009,809.785833333333
"Congo, Dem. Rep.",2008,559.292508333333
"Congo, Dem. Rep.",2007,516.749891666666
"Congo, Dem. Rep.",2006,468.278825
"Congo, Dem. Rep.",2005,473.908008333333
"Congo, Dem. Rep.",2004,399.475791666667
"Congo, Dem. Rep.",2003,405.17818323067
"Congo, Dem. Rep.",2002,346.484999904984
"Congo, Dem. Rep.",2001,206.61749994334
"Congo, Dem. Rep.",2000,21.8183333273501
"Congo, Dem. Rep.",1999,4.0183333322314
"Congo, Dem. Rep.",1998,1.60665988306526
"Congo, Dem. Rep.",1997,1.3134476
"Congo, Dem. Rep.",1996,0.501849175
"Congo, Dem. Rep.",1995,0.0702447166666667
"Congo, Dem. Rep.",1994,0.0119411916666667
"Congo, Dem. Rep.",1993,2.514416814e-05
"Congo, Dem. Rep.",1992,2.1513626025e-06
"Congo, Dem. Rep.",1991,5.19456941666667e-08
"Congo, Dem. Rep.",1990,2.39474833333333e-09
"Congo, Dem. Rep.",1989,1.27120833333333e-09
"Congo, Dem. Rep.",1988,6.2343e-10
"Congo, Dem. Rep.",1987,3.74595e-10
"Congo, Dem. Rep.",1986,1.98705833333333e-10
"Congo, Dem. Rep.",1985,1.662075e-10
"Congo, Dem. Rep.",1984,1.20404166666667e-10
"Congo, Dem. Rep.",1983,4.2955e-11
"Congo, Dem. Rep.",1982,1.91625e-11
"Congo, Dem. Rep.",1981,1.46083333333333e-11
"Congo, Dem. Rep.",1980,9.33083333333333e-12
"Congo, Dem. Rep.",1979,5.76083333333333e-12
"Congo, Dem. Rep.",1978,2.78666666666667e-12
"Congo, Dem. Rep.",1977,2.855e-12
"Congo, Dem. Rep.",1976,2.64083333333333e-12
"Congo, Dem. Rep.",1975,1.67e-12
"Congo, Dem. Rep.",1974,1.67e-12
"Congo, Dem. Rep.",1973,1.67e-12
"Congo, Dem. Rep.",1972,1.67e-12
"Congo, Dem. Rep.",1971,1.67e-12
"Congo, Dem. Rep.",1970,1.67e-12
"Congo, Dem. Rep.",1969,1.67e-12
"Congo, Dem. Rep.",1968,1.67e-12
"Congo, Dem. Rep.",1967,1.15666666666667e-12
"Congo, Dem. Rep.",1966,5.5e-13
"Congo, Dem. Rep.",1965,5.5e-13
"Congo, Dem. Rep.",1964,5.5e-13
"Congo, Dem. Rep.",1963,2.525e-13
"Congo, Dem. Rep.",1962,2.1e-13
"Congo, Dem. Rep.",1961,1.75e-13
"Congo, Dem. Rep.",1960,1.7e-13
"Congo, Rep.",2023,606.569750165917
"Congo, Rep.",2022,623.759700911182
"Congo, Rep.",2021,554.530675033104
"Congo, Rep.",2020,575.586004510945
"Congo, Rep.",2019,585.911013180369
"Congo, Rep.",2018,555.446458398226
"Congo, Rep.",2017,580.656749587858
"Congo, Rep.",2016,592.605615063022
"Congo, Rep.",2015,591.21169798261
"Congo, Rep.",2014,493.757329875312
"Congo, Rep.",2013,493.899623852237
"Congo, Rep.",2012,510.556338454251
"Congo, Rep.",2011,471.248625718937
"Congo, Rep.",2010,494.794262222947
"Congo, Rep.",2009,470.293423341398
"Congo, Rep.",2008,446.000041432788
"Congo, Rep.",2007,478.633718476363
"Congo, Rep.",2006,522.425624895176
"Congo, Rep.",2005,527.258362649626
"Congo, Rep.",2004,527.338032291576
"Congo, Rep.",2003,579.897426172466
"Congo, Rep.",2002,693.713226496374
"Congo, Rep.",2001,732.397693260228
"Congo, Rep.",2000,710.207977031367
"Congo, Rep.",1999,615.473349319164
"Congo, Rep.",1998,589.951774567332
"Congo, Rep.",1997,583.669372353396
"Congo, Rep.",1996,511.552430272516
"Congo, Rep.",1995,499.14842590131
"Congo, Rep.",1994,555.204695655697
"Congo, Rep.",1993,283.162579500018
"Congo, Rep.",1992,264.691800750579
"Congo, Rep.",1991,282.10690880882
"Congo, Rep.",1990,272.264787954393
"Congo, Rep.",1989,319.008299487903
"Congo, Rep.",1988,297.848218819378
"Congo, Rep.",1987,300.536562401478
"Congo, Rep.",1986,346.305903554493
"Congo, Rep.",1985,449.262962711607
"Congo, Rep.",1984,436.956665788008
"Congo, Rep.",1983,381.066036024628
"Congo, Rep.",1982,328.60625269899
"Congo, Rep.",1981,271.731452550327
"Congo, Rep.",1980,211.279555414705
"Congo, Rep.",1979,212.721644262377
"Congo, Rep.",1978,225.655860233957
"Congo, Rep.",1977,245.679686566576
"Congo, Rep.",1976,238.950494267059
"Congo, Rep.",1975,214.312900341219
"Congo, Rep.",1974,240.704667637823
"Congo, Rep.",1973,222.889183053227
"Congo, Rep.",1972,252.027627462649
"Congo, Rep.",1971,275.356456685332
"Congo, Rep.",1970,276.403137026845
"Congo, Rep.",1969,259.960574351236
"Congo, Rep.",1968,247.564693756951
"Congo, Rep.",1967,246.000937791281
"Congo, Rep.",1966,245.678436557644
"Congo, Rep.",1965,245.060934207708
"Congo, Rep.",1964,245.027184079042
"Congo, Rep.",1963,245.016350696075
"Congo, Rep.",1962,245.013850686544
"Congo, Rep.",1961,245.26010162116
"Congo, Rep.",1960,245.195101398359
Costa Rica,2023,544.050775505632
Costa Rica,2022,647.135817631363
Costa Rica,2021,620.784720014081
Costa Rica,2020,584.900854962304
Costa Rica,2019,587.294595686124
Costa Rica,2018,576.97250124808
Costa Rica,2017,567.51309030978
Costa Rica,2016,544.73936722902
Costa Rica,2015,534.565769969278
Costa Rica,2014,538.317200279058
Costa Rica,2013,499.766832565284
Costa Rica,2012,502.901461981567
Costa Rica,2011,505.664239919355
Costa Rica,2010,525.829200716846
Costa Rica,2009,573.287956733231
Costa Rica,2008,526.23551344086
Costa Rica,2007,516.617390232975
Costa Rica,2006,511.301817940348
Costa Rica,2005,477.786741487455
Costa Rica,2004,437.935
Costa Rica,2003,398.662222222222
Costa Rica,2002,359.81752688172
Costa Rica,2001,328.870833333333
Costa Rica,2000,308.186666666667
Costa Rica,1999,285.684694833333
Costa Rica,1998,257.229166666667
Costa Rica,1997,232.5975
Costa Rica,1996,207.689166666667
Costa Rica,1995,179.729166666667
Costa Rica,1994,157.066666666667
Costa Rica,1993,142.171666666667
Costa Rica,1992,134.506333333333
Costa Rica,1991,122.432416666667
Costa Rica,1990,91.5792916666666
Costa Rica,1989,81.5042083333334
Costa Rica,1988,75.8047333333333
Costa Rica,1987,62.7762
Costa Rica,1986,55.9858916666667
Costa Rica,1985,50.45335
Costa Rica,1984,44.532683333
Costa Rica,1983,41.0941666656667
Costa Rica,1982,37.40666666575
Costa Rica,1981,21.7633333325
Costa Rica,1980,8.56999999908333
Costa Rica,1979,8.569999999
Costa Rica,1978,8.569999999
Costa Rica,1977,8.569999999
Costa Rica,1976,8.569999999
Costa Rica,1975,8.569999999
Costa Rica,1974,7.929999999
Costa Rica,1973,6.64675833233333
Costa Rica,1972,6.634999999
Costa Rica,1971,6.62583333840625
Costa Rica,1970,6.625000005625
Costa Rica,1969,6.625000005625
Costa Rica,1968,6.625000005625
Costa Rica,1967,6.625000005625
Costa Rica,1966,6.625000005625
Costa Rica,1965,6.625000005625
Costa Rica,1964,6.625000005625
Costa Rica,1963,6.625000005625
Costa Rica,1962,6.625000005625
Costa Rica,1961,5.95166667161833
Costa Rica,1960,5.615000004615
Cote d'Ivoire,2023,606.569750165917
Cote d'Ivoire,2022,623.759700911182
Cote d'Ivoire,2021,554.530675033104
Cote d'Ivoire,2020,575.586004510945
Cote d'Ivoire,2019,585.911013180369
Cote d'Ivoire,2018,555.446458398226
Cote d'Ivoire,2017,580.656749587858
Cote d'Ivoire,2016,592.605615063022
Cote d'Ivoire,2015,591.21169798261
Cote d'Ivoire,2014,493.757329875312
Cote d'Ivoire,2013,493.899623852237
Cote d'Ivoire,2012,510.556338454251
Cote d'Ivoire,2011,471.248625718937
Cote d'Ivoire,2010,494.794262222947
Cote d'Ivoire,2009,470.293423341398
Cote d'Ivoire,2008,446.000041432788
Cote d'Ivoire,2007,478.633718476363
Cote d'Ivoire,2006,522.425624895176
Cote d'Ivoire,2005,527.258362649626
Cote d'Ivoire,2004,527.338032291576
Cote d'Ivoire,2003,579.897426172466
Cote d'Ivoire,2002,693.713226496374
Cote d'Ivoire,2001,732.397693260228
Cote d'Ivoire,2000,710.207977031367
Cote d'Ivoire,1999,615.473349319164
Cote d'Ivoire,1998,589.951774567332
Cote d'Ivoire,1997,583.669372353396
Cote d'Ivoire,1996,511.552430272516
Cote d'Ivoire,1995,499.14842590131
Cote d'Ivoire,1994,555.204695655697
Cote d'Ivoire,1993,283.162579500018
Cote d'Ivoire,1992,264.691800750579
Cote d'Ivoire,1991,282.10690880882
Cote d'Ivoire,1990,272.264787954393
Cote d'Ivoire,1989,319.008299487903
Cote d'Ivoire,1988,297.848218819378
Cote d'Ivoire,1987,300.536562401478
Cote d'Ivoire,1986,346.305903554493
Cote d'Ivoire,1985,449.262962711607
Cote d'Ivoire,1984,436.956665788008
Cote d'Ivoire,1983,381.066036024628
Cote d'Ivoire,1982,328.60625269899
Cote d'Ivoire,1981,271.731452550327
Cote d'Ivoire,1980,211.279555414705
Cote d'Ivoire,1979,212.721644262377
Cote d'Ivoire,1978,225.655860233957
Cote d'Ivoire,1977,245.679686566576
Cote d'Ivoire,1976,238.950494267059
Cote d'Ivoire,1975,214.312900341219
Cote d'Ivoire,1974,240.704667637823
Cote d'Ivoire,1973,222.889183053227
Cote d'Ivoire,1972,252.027627462649
Cote d'Ivoire,1971,275.356456685332
Cote d'Ivoire,1970,276.403137026845
Cote d'Ivoire,1969,259.960574351236
Cote d'Ivoire,1968,247.564693756951
Cote d'Ivoire,1967,246.000937791281
Cote d'Ivoire,1966,245.678436557644
Cote d'Ivoire,1965,245.060934207708
Cote d'Ivoire,1964,245.027184079042
Cote d'Ivoire,1963,245.016350696075
Cote d'Ivoire,1962,245.013850686544
Cote d'Ivoire,1961,245.26010162116
Cote d'Ivoire,1960,245.195101398359
Croatia,2023,0.924839558470698
Croatia,2022,7.1597415
Croatia,2021,6.36008316666667
Croatia,2020,6.6140555
Croatia,2019,6.62254516666667
Croatia,2018,6.27902525
Croatia,2017,6.623831
Croatia,2016,6.80599016666667
Croatia,2015,6.85830375
Croatia,2014,5.74816541666667
Croatia,2013,5.70488016666667
Croatia,2012,5.85029183333333
Croatia,2011,5.34386975
Croatia,2010,5.49801058333333
Croatia,2009,5.28394641666667
Croatia,2008,4.93503975
Croatia,2007,5.36453566666667
Croatia,2006,5.83779325
Croatia,2005,5.94923691666667
Croatia,2004,6.03434066666667
Croatia,2003,6.70496883333333
Croatia,2002,7.8716825
Croatia,2001,8.341541
Croatia,2000,8.27766641666667
Croatia,1999,7.11174283333333
Croatia,1998,6.36328566666667
Croatia,1997,6.16058258333333
Croatia,1996,5.43416116666667
Croatia,1995,5.23075608333333
Croatia,1994,5.99801141666667
Croatia,1993,3.57914891666667
Croatia,1992,0.26329825
Croatia,1991,
Croatia,1990,
Croatia,1989,
Croatia,1988,
Croatia,1987,
Croatia,1986,
Croatia,1985,
Croatia,1984,
Croatia,1983,
Croatia,1982,
Croatia,1981,
Croatia,1980,
Croatia,1979,
Croatia,1978,
Croatia,1977,
Croatia,1976,
Croatia,1975,
Croatia,1974,
Croatia,1973,
Croatia,1972,
Croatia,1971,
Croatia,1970,
Croatia,1969,
Croatia,1968,
Croatia,1967,
Croatia,1966,
Croatia,1965,
Croatia,1964,
Croatia,1963,
Croatia,1962,
Croatia,1961,
Croatia,1960,
Cuba,2023,
Cuba,2022,
Cuba,2021,
Cuba,2020,
Cuba,2019,
Cuba,2018,
Cuba,2017,
Cuba,2016,
Cuba,2015,
Cuba,2014,
Cuba,2013,
Cuba,2012,
Cuba,2011,
Cuba,2010,
Cuba,2009,
Cuba,2008,
Cuba,2007,
Cuba,2006,
Cuba,2005,
Cuba,2004,
Cuba,2003,
Cuba,2002,
Cuba,2001,
Cuba,2000,
Cuba,1999,
Cuba,1998,
Cuba,1997,
Cuba,1996,
Cuba,1995,
Cuba,1994,
Cuba,1993,
Cuba,1992,
Cuba,1991,
Cuba,1990,
Cuba,1989,
Cuba,1988,
Cuba,1987,
Cuba,1986,
Cuba,1985,
Cuba,1984,
Cuba,1983,
Cuba,1982,
Cuba,1981,
Cuba,1980,
Cuba,1979,
Cuba,1978,
Cuba,1977,
Cuba,1976,
Cuba,1975,
Cuba,1974,0.821999999
Cuba,1973,0.836666665666667
Cuba,1972,0.920999999
Cuba,1971,0.999999999
Cuba,1970,0.999999999
Cuba,1969,0.999999999
Cuba,1968,0.999999999
Cuba,1967,0.999999999
Cuba,1966,0.999999999
Cuba,1965,0.999999999
Cuba,1964,0.999999999
Cuba,1963,0.999999999
Cuba,1962,0.999999999
Cuba,1961,0.999999999
Cuba,1960,0.999999999
Curacao,2023,1.79
Curacao,2022,1.79
Curacao,2021,1.79
Curacao,2020,1.79
Curacao,2019,1.79
Curacao,2018,1.79
Curacao,2017,1.79
Curacao,2016,1.79
Curacao,2015,1.79
Curacao,2014,1.79
Curacao,2013,1.79
Curacao,2012,1.79
Curacao,2011,1.79
Curacao,2010,
Curacao,2009,
Curacao,2008,
Curacao,2007,
Curacao,2006,
Curacao,2005,
Curacao,2004,
Curacao,2003,
Curacao,2002,
Curacao,2001,
Curacao,2000,
Curacao,1999,
Curacao,1998,
Curacao,1997,
Curacao,1996,
Curacao,1995,
Curacao,1994,
Curacao,1993,
Curacao,1992,
Curacao,1991,
Curacao,1990,
Curacao,1989,
Curacao,1988,
Curacao,1987,
Curacao,1986,
Curacao,1985,
Curacao,1984,
Curacao,1983,
Curacao,1982,
Curacao,1981,
Curacao,1980,
Curacao,1979,
Curacao,1978,
Curacao,1977,
Curacao,1976,
Curacao,1975,
Curacao,1974,
Curacao,1973,
Curacao,1972,
Curacao,1971,
Curacao,1970,
Curacao,1969,
Curacao,1968,
Curacao,1967,
Curacao,1966,
Curacao,1965,
Curacao,1964,
Curacao,1963,
Curacao,1962,
Curacao,1961,
Curacao,1960,
Cyprus,2023,0.924839558470698
Cyprus,2022,0.949623753156941
Cyprus,2021,0.84549413889045
Cyprus,2020,0.875506396987998
Cyprus,2019,0.893276257067409
Cyprus,2018,0.846772667108111
Cyprus,2017,0.885205508269372
Cyprus,2016,0.903421436257263
Cyprus,2015,0.901296423367096
Cyprus,2014,0.752728196932603
Cyprus,2013,0.752945122701996
Cyprus,2012,0.778338120416812
Cyprus,2011,0.718413898653317
Cyprus,2010,0.754308990105961
Cyprus,2009,0.716957702016136
Cyprus,2008,0.679922680042729
Cyprus,2007,0.426125
Cyprus,2006,0.458915946916667
Cyprus,2005,0.464070507161667
Cyprus,2004,0.46860055225
Cyprus,2003,0.517443261666667
Cyprus,2002,0.610659989666667
Cyprus,2001,0.643107026158333
Cyprus,2000,0.622409116666667
Cyprus,1999,0.54294775
Cyprus,1998,0.517825583333333
Cyprus,1997,0.513897333333333
Cyprus,1996,0.46631125
Cyprus,1995,0.452420166666667
Cyprus,1994,0.492191
Cyprus,1993,0.497405166666667
Cyprus,1992,0.449548583333333
Cyprus,1991,0.4644285
Cyprus,1990,0.458079916666667
Cyprus,1989,0.494624916666667
Cyprus,1988,0.466628833333333
Cyprus,1987,0.481096583333333
Cyprus,1986,0.518143083333333
Cyprus,1985,0.612552316163745
Cyprus,1984,0.588385860092809
Cyprus,1983,0.526640771160504
Cyprus,1982,0.475385895733429
Cyprus,1981,0.42143075903062
Cyprus,1980,0.353051686694203
Cyprus,1979,0.354443863948176
Cyprus,1978,0.373512583264684
Cyprus,1977,0.408121577265547
Cyprus,1976,0.41049569197004
Cyprus,1975,0.368907243107116
Cyprus,1974,0.364692710725132
Cyprus,1973,0.349950502818348
Cyprus,1972,0.383572369170173
Cyprus,1971,0.410730598428557
Cyprus,1970,0.416666999416667
Cyprus,1969,0.416666999416667
Cyprus,1968,0.416666999416667
Cyprus,1967,0.362103332665675
Cyprus,1966,0.357142999357143
Cyprus,1965,0.357142999357143
Cyprus,1964,0.357142999357143
Cyprus,1963,0.357142999357143
Cyprus,1962,0.357142999357143
Cyprus,1961,0.357142999357143
Cyprus,1960,0.357142999357143
Czechia,2023,22.1980833333333
Czechia,2022,23.357
Czechia,2021,21.6781666666667
Czechia,2020,23.21025
Czechia,2019,22.93225
Czechia,2018,21.7299166666667
Czechia,2017,23.3763333333333
Czechia,2016,24.4399166666667
Czechia,2015,24.59875
Czechia,2014,20.7575
Czechia,2013,19.5705833333333
Czechia,2012,19.5775
Czechia,2011,17.6959166666667
Czechia,2010,19.09825
Czechia,2009,19.063
Czechia,2008,17.0716666666667
Czechia,2007,20.2936666666667
Czechia,2006,22.5955833333333
Czechia,2005,23.9574166666667
Czechia,2004,25.69975
Czechia,2003,28.209
Czechia,2002,32.7385183333333
Czechia,2001,38.0353283333333
Czechia,2000,38.5984166666667
Czechia,1999,34.56925
Czechia,1998,32.2811666666667
Czechia,1997,31.6984166666667
Czechia,1996,27.1449166666667
Czechia,1995,26.5406666666667
Czechia,1994,28.7850833333333
Czechia,1993,29.1528333333333
Czechia,1992,
Czechia,1991,
Czechia,1990,
Czechia,1989,
Czechia,1988,
Czechia,1987,
Czechia,1986,
Czechia,1985,
Czechia,1984,
Czechia,1983,
Czechia,1982,
Czechia,1981,
Czechia,1980,
Czechia,1979,
Czechia,1978,
Czechia,1977,
Czechia,1976,
Czechia,1975,
Czechia,1974,
Czechia,1973,
Czechia,1972,
Czechia,1971,
Czechia,1970,
Czechia,1969,
Czechia,1968,
Czechia,1967,
Czechia,1966,
Czechia,1965,
Czechia,1964,
Czechia,1963,
Czechia,1962,
Czechia,1961,
Czechia,1960,
Denmark,2023,6.88970258583334
Denmark,2022,7.0761518625
Denmark,2021,6.2871130825
Denmark,2020,6.54215220416667
Denmark,2019,6.669446615
Denmark,2018,6.31461878666667
Denmark,2017,6.60289346561404
Denmark,2016,6.73171825724638
Denmark,2015,6.72790683129629
Denmark,2014,5.61246666666667
Denmark,2013,5.61631168617622
Denmark,2012,5.79247553703916
Denmark,2011,5.36871153508772
Denmark,2010,5.624075
Denmark,2009,5.36086666666667
Denmark,2008,5.09813083333334
Denmark,2007,5.44370083333334
Denmark,2006,5.94677833333334
Denmark,2005,5.99691
Denmark,2004,5.99105666666667
Denmark,2003,6.58767333333333
Denmark,2002,7.89471416666666
Denmark,2001,8.3228175
Denmark,2000,8.08314416666667
Denmark,1999,6.97624
Denmark,1998,6.70082666666667
Denmark,1997,6.60445916666667
Denmark,1996,5.79867166666666
Denmark,1995,5.60236666666667
Denmark,1994,6.36055166666667
Denmark,1993,6.48393916666666
Denmark,1992,6.03613333333333
Denmark,1991,6.39645833333333
Denmark,1990,6.18855833333333
Denmark,1989,7.310175
Denmark,1988,6.731525
Denmark,1987,6.84031666666667
Denmark,1986,8.09099166658333
Denmark,1985,10.5963916664167
Denmark,1984,10.35659166625
Denmark,1983,9.14499166575
Denmark,1982,8.33244166616667
Denmark,1981,7.12336666566666
Denmark,1980,5.63594166566667
Denmark,1979,5.26095833233333
Denmark,1978,5.514624999
Denmark,1977,6.00319166566667
Denmark,1976,6.045024999
Denmark,1975,5.746149999
Denmark,1974,6.094899999
Denmark,1973,6.049499999
Denmark,1972,6.94929166566666
Denmark,1971,7.42633796871194
Denmark,1970,7.5000000065
Denmark,1969,7.5000000065
Denmark,1968,7.5000000065
Denmark,1967,6.95654167204762
Denmark,1966,6.90714000590714
Denmark,1965,6.90714000590714
Denmark,1964,6.90714000590714
Denmark,1963,6.90714000590714
Denmark,1962,6.90714000590714
Denmark,1961,6.90714000590714
Denmark,1960,6.90714000590714
Djibouti,2023,177.721
Djibouti,2022,177.721
Djibouti,2021,177.721
Djibouti,2020,177.721
Djibouti,2019,177.721
Djibouti,2018,177.721
Djibouti,2017,177.721
Djibouti,2016,177.721
Djibouti,2015,177.721
Djibouti,2014,177.721
Djibouti,2013,177.721
Djibouti,2012,177.721
Djibouti,2011,177.721
Djibouti,2010,177.721
Djibouti,2009,177.721
Djibouti,2008,177.721
Djibouti,2007,177.721
Djibouti,2006,177.721
Djibouti,2005,177.721
Djibouti,2004,177.721
Djibouti,2003,177.721
Djibouti,2002,177.721
Djibouti,2001,177.721
Djibouti,2000,177.721
Djibouti,1999,177.721
Djibouti,1998,177.721
Djibouti,1997,177.721
Djibouti,1996,177.721
Djibouti,1995,177.721
Djibouti,1994,177.721
Djibouti,1993,177.721
Djibouti,1992,177.721
Djibouti,1991,177.721
Djibouti,1990,177.721
Djibouti,1989,177.721
Djibouti,1988,177.721
Djibouti,1987,177.721
Djibouti,1986,177.721
Djibouti,1985,177.721
Djibouti,1984,177.721
Djibouti,1983,177.721
Djibouti,1982,177.721
Djibouti,1981,177.721
Djibouti,1980,177.721
Djibouti,1979,177.721
Djibouti,1978,177.721
Djibouti,1977,177.721
Djibouti,1976,177.721
Djibouti,1975,177.721
Djibouti,1974,177.721
Djibouti,1973,179.942333333167
Djibouti,1972,197.465999999
Djibouti,1971,213.778750195526
Djibouti,1970,214.392000213392
Djibouti,1969,214.392000213392
Djibouti,1968,214.392000213392
Djibouti,1967,214.392000213392
Djibouti,1966,214.392000213392
Djibouti,1965,214.392000213392
Djibouti,1964,214.392000213392
Djibouti,1963,214.392000213392
Djibouti,1962,214.392000213392
Djibouti,1961,214.392000213392
Djibouti,1960,214.392000213392
Dominica,2023,2.7
Dominica,2022,2.7
Dominica,2021,2.7
Dominica,2020,2.7
Dominica,2019,2.7
Dominica,2018,2.7
Dominica,2017,2.7
Dominica,2016,2.7
Dominica,2015,2.7
Dominica,2014,2.7
Dominica,2013,2.7
Dominica,2012,2.7
Dominica,2011,2.7
Dominica,2010,2.7
Dominica,2009,2.7
Dominica,2008,2.7
Dominica,2007,2.7
Dominica,2006,2.7
Dominica,2005,2.7
Dominica,2004,2.7
Dominica,2003,2.7
Dominica,2002,2.7
Dominica,2001,2.7
Dominica,2000,2.7
Dominica,1999,2.7
Dominica,1998,2.7
Dominica,1997,2.7
Dominica,1996,2.7
Dominica,1995,2.7
Dominica,1994,2.7
Dominica,1993,2.7
Dominica,1992,2.7
Dominica,1991,2.7
Dominica,1990,2.7
Dominica,1989,2.7
Dominica,1988,2.7
Dominica,1987,2.7
Dominica,1986,2.7
Dominica,1985,2.7
Dominica,1984,2.7
Dominica,1983,2.7
Dominica,1982,2.7
Dominica,1981,2.7
Dominica,1980,2.7
Dominica,1979,2.7
Dominica,1978,2.7
Dominica,1977,2.7
Dominica,1976,2.61467083283333
Dominica,1975,2.16979583233333
Dominica,1974,2.05323240851763
Dominica,1973,1.95921923598161
Dominica,1972,1.92127814947601
Dominica,1971,1.97487273321145
Dominica,1970,2.000000001
Dominica,1969,2.000000001
Dominica,1968,2.000000001
Dominica,1967,1.76190833409524
Dominica,1966,1.71429000071429
Dominica,1965,1.71429000071429
Dominica,1964,1.71429000071429
Dominica,1963,1.71429000071429
Dominica,1962,1.71429000071429
Dominica,1961,1.71429000071429
Dominica,1960,1.71429000071429
Dominican Republic,2023,56.1576
Dominican Republic,2022,55.1409916666667
Dominican Republic,2021,57.2211166666667
Dominican Republic,2020,56.5245333333334
Dominican Republic,2019,51.2948583333333
Dominican Republic,2018,49.5099928571429
Dominican Republic,2017,47.5343581962482
Dominican Republic,2016,46.0644439393939
Dominican Republic,2015,45.0454990740741
Dominican Republic,2014,43.5496726190476
Dominican Republic,2013,41.7945034252297
Dominican Republic,2012,39.3203008432258
Dominican Republic,2011,38.0875848668099
Dominican Republic,2010,36.8212918670815
Dominican Republic,2009,35.97186554526
Dominican Republic,2008,34.5293609573506
Dominican Republic,2007,33.1718705755495
Dominican Republic,2006,33.300035201723
Dominican Republic,2005,30.2828081770082
Dominican Republic,2004,41.9303145729387
Dominican Republic,2003,29.3699996161352
Dominican Republic,2002,17.5930436887674
Dominican Republic,2001,16.690961523126
Dominican Republic,2000,16.1814576782866
Dominican Republic,1999,15.834429906597
Dominican Republic,1998,14.7031108444695
Dominican Republic,1997,14.0059210526316
Dominican Republic,1996,12.8963492063492
Dominican Republic,1995,12.87
Dominican Republic,1994,12.6167803030303
Dominican Republic,1993,12.5
Dominican Republic,1992,12.5
Dominican Republic,1991,12.5759189640769
Dominican Republic,1990,8.5253
Dominican Republic,1989,6.34
Dominican Republic,1988,6.11251666666667
Dominican Republic,1987,3.84475833333333
Dominican Republic,1986,2.90433333325
Dominican Republic,1985,3.11260833333333
Dominican Republic,1984,0.999999999583333
Dominican Republic,1983,0.999999999
Dominican Republic,1982,0.999999999
Dominican Republic,1981,0.999999999
Dominican Republic,1980,0.999999999
Dominican Republic,1979,0.999999999
Dominican Republic,1978,0.999999999
Dominican Republic,1977,0.999999999
Dominican Republic,1976,0.999999999
Dominican Republic,1975,0.999999999
Dominican Republic,1974,0.9999999995
Dominican Republic,1973,0.999999999916667
Dominican Republic,1972,1.0
Dominican Republic,1971,0.999999999916667
Dominican Republic,1970,1.0
Dominican Republic,1969,1.0
Dominican Republic,1968,1.0
Dominican Republic,1967,1.0
Dominican Republic,1966,1.0
Dominican Republic,1965,1.0
Dominican Republic,1964,1.0
Dominican Republic,1963,1.0
Dominican Republic,1962,1.0
Dominican Republic,1961,1.0
Dominican Republic,1960,1.0
Ecuador,2023,1.0
Ecuador,2022,1.0
Ecuador,2021,1.0
Ecuador,2020,1.0
Ecuador,2019,1.0
Ecuador,2018,1.0
Ecuador,2017,1.0
Ecuador,2016,1.0
Ecuador,2015,1.0
Ecuador,2014,1.0
Ecuador,2013,1.0
Ecuador,2012,1.0
Ecuador,2011,1.0
Ecuador,2010,1.0
Ecuador,2009,1.0
Ecuador,2008,1.0
Ecuador,2007,1.0
Ecuador,2006,1.0
Ecuador,2005,1.0
Ecuador,2004,1.0
Ecuador,2003,1.0
Ecuador,2002,1.0
Ecuador,2001,1.0
Ecuador,2000,1.0
Ecuador,1999,11786.8016666667
Ecuador,1998,5446.5729
Ecuador,1997,3998.26666666667
Ecuador,1996,3189.47416666667
Ecuador,1995,2564.49416666667
Ecuador,1994,2196.72833333333
Ecuador,1993,1919.105
Ecuador,1992,1533.96166666667
Ecuador,1991,1046.24933333333
Ecuador,1990,767.750833333333
Ecuador,1989,526.348333333333
Ecuador,1988,301.610833333333
Ecuador,1987,170.461666666667
Ecuador,1986,122.779241666667
Ecuador,1985,69.5562499990833
Ecuador,1984,62.53589999925
Ecuador,1983,44.1150083323333
Ecuador,1982,30.0258333323333
Ecuador,1981,24.999999999
Ecuador,1980,24.999999999
Ecuador,1979,24.999999999
Ecuador,1978,24.999999999
Ecuador,1977,24.999999999
Ecuador,1976,24.999999999
Ecuador,1975,24.999999999
Ecuador,1974,24.9999792857767
Ecuador,1973,24.99997699209
Ecuador,1972,25.0001381805456
Ecuador,1971,25.0000000219167
Ecuador,1970,20.9166666871667
Ecuador,1969,18.000000018
Ecuador,1968,18.000000018
Ecuador,1967,18.000000018
Ecuador,1966,18.000000018
Ecuador,1965,18.000000018
Ecuador,1964,18.000000018
Ecuador,1963,18.000000018
Ecuador,1962,18.000000018
Ecuador,1961,16.5000000165
Ecuador,1960,15.000000015
"Egypt, Arab Rep.",2023,30.6264136980311
"Egypt, Arab Rep.",2022,19.1604397412204
"Egypt, Arab Rep.",2021,15.6445272777113
"Egypt, Arab Rep.",2020,15.7591729166667
"Egypt, Arab Rep.",2019,16.7705818428763
"Egypt, Arab Rep.",2018,17.7672904218107
"Egypt, Arab Rep.",2017,17.7825335150636
"Egypt, Arab Rep.",2016,10.0254007885465
"Egypt, Arab Rep.",2015,7.69125833333333
"Egypt, Arab Rep.",2014,7.07760856060606
"Egypt, Arab Rep.",2013,6.870325
"Egypt, Arab Rep.",2012,6.05605833333333
"Egypt, Arab Rep.",2011,5.93282765151515
"Egypt, Arab Rep.",2010,5.6219429176105
"Egypt, Arab Rep.",2009,5.54455330862977
"Egypt, Arab Rep.",2008,5.4325
"Egypt, Arab Rep.",2007,5.63543333333334
"Egypt, Arab Rep.",2006,5.73316666666666
"Egypt, Arab Rep.",2005,5.77883333333333
"Egypt, Arab Rep.",2004,6.19624166666666
"Egypt, Arab Rep.",2003,5.850875
"Egypt, Arab Rep.",2002,4.49966666666667
"Egypt, Arab Rep.",2001,3.973
"Egypt, Arab Rep.",2000,3.47205
"Egypt, Arab Rep.",1999,3.39525
"Egypt, Arab Rep.",1998,3.388
"Egypt, Arab Rep.",1997,3.38875
"Egypt, Arab Rep.",1996,3.39148333333334
"Egypt, Arab Rep.",1995,3.39220833333333
"Egypt, Arab Rep.",1994,3.38513333333333
"Egypt, Arab Rep.",1993,3.3525175
"Egypt, Arab Rep.",1992,3.32174833333333
"Egypt, Arab Rep.",1991,3.13800833333333
"Egypt, Arab Rep.",1990,1.55
"Egypt, Arab Rep.",1989,0.866666666666667
"Egypt, Arab Rep.",1988,0.7000007000007
"Egypt, Arab Rep.",1987,0.7000007000007
"Egypt, Arab Rep.",1986,0.7000007000007
"Egypt, Arab Rep.",1985,0.7000007000007
"Egypt, Arab Rep.",1984,0.700000700204867
"Egypt, Arab Rep.",1983,0.700000700490701
"Egypt, Arab Rep.",1982,0.700000700490701
"Egypt, Arab Rep.",1981,0.700000700490701
"Egypt, Arab Rep.",1980,0.700000700490701
"Egypt, Arab Rep.",1979,0.700000700490701
"Egypt, Arab Rep.",1978,0.391303667451088
"Egypt, Arab Rep.",1977,0.391303667451088
"Egypt, Arab Rep.",1976,0.391303667451088
"Egypt, Arab Rep.",1975,0.391303667451088
"Egypt, Arab Rep.",1974,0.391303667451088
"Egypt, Arab Rep.",1973,0.397956243179606
"Egypt, Arab Rep.",1972,0.434782608884688
"Egypt, Arab Rep.",1971,0.434782641394297
"Egypt, Arab Rep.",1970,0.434782608884688
"Egypt, Arab Rep.",1969,0.434782608884688
"Egypt, Arab Rep.",1968,0.434782608884688
"Egypt, Arab Rep.",1967,0.434782608884688
"Egypt, Arab Rep.",1966,0.434782608884688
"Egypt, Arab Rep.",1965,0.434782608884688
"Egypt, Arab Rep.",1964,0.434782608884688
"Egypt, Arab Rep.",1963,0.434782608884688
"Egypt, Arab Rep.",1962,0.40448912538026
"Egypt, Arab Rep.",1961,0.348241999348242
"Egypt, Arab Rep.",1960,0.348241999348242
El Salvador,2023,1.0
El Salvador,2022,1.0
El Salvador,2021,1.0
El Salvador,2020,1.0
El Salvador,2019,1.0
El Salvador,2018,1.0
El Salvador,2017,1.0
El Salvador,2016,1.0
El Salvador,2015,1.0
El Salvador,2014,1.0
El Salvador,2013,1.0
El Salvador,2012,1.0
El Salvador,2011,1.0
El Salvador,2010,1.0
El Salvador,2009,1.0
El Salvador,2008,1.0
El Salvador,2007,1.0
El Salvador,2006,1.0
El Salvador,2005,1.0
El Salvador,2004,1.0
El Salvador,2003,1.0
El Salvador,2002,1.0
El Salvador,2001,1.0
El Salvador,2000,8.755
El Salvador,1999,8.755
El Salvador,1998,8.755
El Salvador,1997,8.75625
El Salvador,1996,8.755
El Salvador,1995,8.75458333333333
El Salvador,1994,8.72875
El Salvador,1993,8.70250833333333
El Salvador,1992,8.36083333333333
El Salvador,1991,8.01666666666667
El Salvador,1990,6.84833333333333
El Salvador,1989,5.0
El Salvador,1988,5.0
El Salvador,1987,5.0
El Salvador,1986,4.85215
El Salvador,1985,2.5
El Salvador,1984,2.5
El Salvador,1983,2.5
El Salvador,1982,2.5
El Salvador,1981,2.5
El Salvador,1980,2.5
El Salvador,1979,2.5
El Salvador,1978,2.5
El Salvador,1977,2.5
El Salvador,1976,2.5
El Salvador,1975,2.5
El Salvador,1974,2.49999792825465
El Salvador,1973,2.49999769844322
El Salvador,1972,2.50001381722561
El Salvador,1971,2.50000000129167
El Salvador,1970,2.5000000015
El Salvador,1969,2.5000000015
El Salvador,1968,2.5000000015
El Salvador,1967,2.5000000015
El Salvador,1966,2.5000000015
El Salvador,1965,2.5000000015
El Salvador,1964,2.5000000015
El Salvador,1963,2.5000000015
El Salvador,1962,2.5000000015
El Salvador,1961,2.5000000015
El Salvador,1960,2.5000000015
Equatorial Guinea,2023,606.569750165917
Equatorial Guinea,2022,623.759700911182
Equatorial Guinea,2021,554.530675033104
Equatorial Guinea,2020,575.586004510945
Equatorial Guinea,2019,585.911013180369
Equatorial Guinea,2018,555.446458398226
Equatorial Guinea,2017,580.656749587858
Equatorial Guinea,2016,592.605615063022
Equatorial Guinea,2015,591.21169798261
Equatorial Guinea,2014,493.757329875312
Equatorial Guinea,2013,493.899623852237
Equatorial Guinea,2012,510.556338454251
Equatorial Guinea,2011,471.248625718937
Equatorial Guinea,2010,494.794262222947
Equatorial Guinea,2009,470.293423341398
Equatorial Guinea,2008,446.000041432788
Equatorial Guinea,2007,478.633718476363
Equatorial Guinea,2006,522.425624895176
Equatorial Guinea,2005,527.258362649626
Equatorial Guinea,2004,527.338032291576
Equatorial Guinea,2003,579.897426172466
Equatorial Guinea,2002,693.713226496374
Equatorial Guinea,2001,732.397693260228
Equatorial Guinea,2000,710.207977031367
Equatorial Guinea,1999,615.473349319164
Equatorial Guinea,1998,589.951774567332
Equatorial Guinea,1997,583.669372353396
Equatorial Guinea,1996,511.552430272516
Equatorial Guinea,1995,499.14842590131
Equatorial Guinea,1994,555.204695655697
Equatorial Guinea,1993,283.162579500018
Equatorial Guinea,1992,264.691800750579
Equatorial Guinea,1991,282.10690880882
Equatorial Guinea,1990,272.264787954393
Equatorial Guinea,1989,319.008299487903
Equatorial Guinea,1988,297.848218819378
Equatorial Guinea,1987,300.536562401478
Equatorial Guinea,1986,346.305903554493
Equatorial Guinea,1985,449.262962711607
Equatorial Guinea,1984,436.956665788008
Equatorial Guinea,1983,381.066036024628
Equatorial Guinea,1982,328.60625269899
Equatorial Guinea,1981,271.731452550327
Equatorial Guinea,1980,211.279555414705
Equatorial Guinea,1979,212.721644262377
Equatorial Guinea,1978,225.655860233957
Equatorial Guinea,1977,245.679686566576
Equatorial Guinea,1976,238.950494267059
Equatorial Guinea,1975,214.312900341219
Equatorial Guinea,1974,240.704667637823
Equatorial Guinea,1973,222.889183053227
Equatorial Guinea,1972,252.027627462649
Equatorial Guinea,1971,275.356456685332
Equatorial Guinea,1970,276.403137026845
Equatorial Guinea,1969,259.960574351236
Equatorial Guinea,1968,247.564693756951
Equatorial Guinea,1967,246.000937791281
Equatorial Guinea,1966,245.678436557644
Equatorial Guinea,1965,245.060934207708
Equatorial Guinea,1964,245.027184079042
Equatorial Guinea,1963,245.016350696075
Equatorial Guinea,1962,245.013850686544
Equatorial Guinea,1961,245.26010162116
Equatorial Guinea,1960,245.195101398359
Eritrea,2023,15.075
Eritrea,2022,15.075
Eritrea,2021,15.075
Eritrea,2020,15.075
Eritrea,2019,15.075
Eritrea,2018,15.075
Eritrea,2017,15.075
Eritrea,2016,15.35
Eritrea,2015,15.375
Eritrea,2014,15.375
Eritrea,2013,15.375
Eritrea,2012,15.375
Eritrea,2011,15.375
Eritrea,2010,15.375
Eritrea,2009,15.375
Eritrea,2008,15.375
Eritrea,2007,15.375
Eritrea,2006,15.375
Eritrea,2005,15.3679166666667
Eritrea,2004,13.7875
Eritrea,2003,13.8778905833333
Eritrea,2002,13.9581941666667
Eritrea,2001,11.3094520833333
Eritrea,2000,9.625
Eritrea,1999,8.15263333333333
Eritrea,1998,7.36193041666667
Eritrea,1997,6.75882178395591
Eritrea,1996,6.35727511391219
Eritrea,1995,6.16376298270549
Eritrea,1994,5.46981835461199
Eritrea,1993,5.00440837567428
Eritrea,1992,2.80497089456543
Eritrea,1991,2.07182506752915
Eritrea,1990,2.07182506752915
Eritrea,1989,2.07182506752915
Eritrea,1988,2.07182506752915
Eritrea,1987,2.07182506752915
Eritrea,1986,2.07182506752915
Eritrea,1985,2.07182506752915
Eritrea,1984,2.07182506752915
Eritrea,1983,2.07182506752915
Eritrea,1982,2.07182506752915
Eritrea,1981,2.07182506752915
Eritrea,1980,2.07182506752915
Eritrea,1979,2.07182506752915
Eritrea,1978,2.07182506752915
Eritrea,1977,2.07182506752915
Eritrea,1976,2.07182506752915
Eritrea,1975,2.07182506752915
Eritrea,1974,2.07182506752915
Eritrea,1973,2.10060041568928
Eritrea,1972,2.30202785281017
Eritrea,1971,2.49567343490688
Eritrea,1970,2.50220418783714
Eritrea,1969,2.50220418783714
Eritrea,1968,2.50220418783714
Eritrea,1967,2.50220418783714
Eritrea,1966,2.50220418783714
Eritrea,1965,2.50220418783714
Eritrea,1964,2.50220418783714
Eritrea,1963,2.4879833273696
Eritrea,1962,2.48669052187255
Eritrea,1961,2.48669052187255
Eritrea,1960,2.48669052187255
Estonia,2023,0.924839558470698
Estonia,2022,0.949623753156941
Estonia,2021,0.84549413889045
Estonia,2020,0.875506396987998
Estonia,2019,0.893276257067409
Estonia,2018,0.846772667108111
Estonia,2017,0.885205508269372
Estonia,2016,0.903421436257263
Estonia,2015,0.901296423367096
Estonia,2014,0.752728196932603
Estonia,2013,0.752945122701996
Estonia,2012,0.778338120416812
Estonia,2011,0.718413898653317
Estonia,2010,11.8068482348947
Estonia,2009,11.2574308850767
Estonia,2008,10.6944430938413
Estonia,2007,11.4338529961624
Estonia,2006,12.4654837577722
Estonia,2005,12.5837865859395
Estonia,2004,12.5955635879843
Estonia,2003,13.8564114045105
Estonia,2002,16.6117916666667
Estonia,2001,17.4780715333333
Estonia,2000,16.9686366666667
Estonia,1999,14.6775833333333
Estonia,1998,14.0746666666667
Estonia,1997,13.88175
Estonia,1996,12.038
Estonia,1995,11.46475
Estonia,1994,12.99125
Estonia,1993,13.22275
Estonia,1992,
Estonia,1991,
Estonia,1990,
Estonia,1989,
Estonia,1988,
Estonia,1987,
Estonia,1986,
Estonia,1985,
Estonia,1984,
Estonia,1983,
Estonia,1982,
Estonia,1981,
Estonia,1980,
Estonia,1979,
Estonia,1978,
Estonia,1977,
Estonia,1976,
Estonia,1975,
Estonia,1974,
Estonia,1973,
Estonia,1972,
Estonia,1971,
Estonia,1970,
Estonia,1969,
Estonia,1968,
Estonia,1967,
Estonia,1966,
Estonia,1965,
Estonia,1964,
Estonia,1963,
Estonia,1962,
Estonia,1961,
Estonia,1960,
Eswatini,2023,18.4535924917449
Eswatini,2022,16.3622830559282
Eswatini,2021,14.7834351395784
Eswatini,2020,16.4702558654325
Eswatini,2019,14.4517892288824
Eswatini,2018,13.2339264715833
Eswatini,2017,13.3238014244992
Eswatini,2016,14.7096108855267
Eswatini,2015,12.7589308811644
Eswatini,2014,10.8526555687831
Eswatini,2013,9.65505606913526
Eswatini,2012,8.20996862659331
Eswatini,2011,7.26113213232735
Eswatini,2010,7.32122196115288
Eswatini,2009,8.47367415824888
Eswatini,2008,8.26122333333333
Eswatini,2007,7.045365
Eswatini,2006,6.77154916666667
Eswatini,2005,6.35932833333333
Eswatini,2004,6.4596925
Eswatini,2003,7.56474916666667
Eswatini,2002,10.5407466666667
Eswatini,2001,8.60918083333333
Eswatini,2000,6.93982833333333
Eswatini,1999,6.10948416666667
Eswatini,1998,5.52828416666667
Eswatini,1997,4.60796166666667
Eswatini,1996,4.29934916666667
Eswatini,1995,3.627085
Eswatini,1994,3.55079833333333
Eswatini,1993,3.26774158333333
Eswatini,1992,2.85201416666667
Eswatini,1991,2.761315
Eswatini,1990,2.58732083333333
Eswatini,1989,2.6226775
Eswatini,1988,2.2734675
Eswatini,1987,2.03603333333333
Eswatini,1986,2.28503166641667
Eswatini,1985,2.22867499941667
Eswatini,1984,1.47527749975
Eswatini,1983,1.11409999975
Eswatini,1982,1.08581583308333
Eswatini,1981,0.877578942758154
Eswatini,1980,0.778833737276041
Eswatini,1979,0.842022601934943
Eswatini,1978,0.869565218147448
Eswatini,1977,0.869565218147448
Eswatini,1976,0.869565218147448
Eswatini,1975,0.739507755296336
Eswatini,1974,0.679477003570251
Eswatini,1973,0.693959098021092
Eswatini,1972,0.768725237196027
Eswatini,1971,0.715216916321429
Eswatini,1970,0.714285999714286
Eswatini,1969,0.714285999714286
Eswatini,1968,0.714285999714286
Eswatini,1967,0.714285999714286
Eswatini,1966,0.714285999714286
Eswatini,1965,0.714285999714286
Eswatini,1964,0.714285999714286
Eswatini,1963,0.714285999714286
Eswatini,1962,0.714285999714286
Eswatini,1961,0.714285999714286
Eswatini,1960,0.714285999714286
Ethiopia,2023,54.6009480676569
Ethiopia,2022,51.7562150334169
Ethiopia,2021,43.73377831884
Ethiopia,2020,34.9271654040404
Ethiopia,2019,29.06975
Ethiopia,2018,27.4293865941667
Ethiopia,2017,23.8661044574125
Ethiopia,2016,21.7315472222222
Ethiopia,2015,20.57684875
Ethiopia,2014,19.585789907695
Ethiopia,2013,18.6266289575478
Ethiopia,2012,17.7047613782674
Ethiopia,2011,16.8992257595275
Ethiopia,2010,14.4095898080066
Ethiopia,2009,11.7775996725
Ethiopia,2008,9.59974166666667
Ethiopia,2007,8.96595
Ethiopia,2006,8.69861583333333
Ethiopia,2005,8.66644166666667
Ethiopia,2004,8.63558333333333
Ethiopia,2003,8.59968333333333
Ethiopia,2002,8.56775
Ethiopia,2001,8.45749166666667
Ethiopia,2000,8.21725833333333
Ethiopia,1999,7.94225
Ethiopia,1998,7.11590833333333
Ethiopia,1997,6.70934166666667
Ethiopia,1996,6.351675
Ethiopia,1995,6.15833333333333
Ethiopia,1994,5.465
Ethiopia,1993,5.0
Ethiopia,1992,2.8025
Ethiopia,1991,2.07
Ethiopia,1990,2.07
Ethiopia,1989,2.07
Ethiopia,1988,2.07
Ethiopia,1987,2.07
Ethiopia,1986,2.07
Ethiopia,1985,2.07
Ethiopia,1984,2.06999999958333
Ethiopia,1983,2.069999999
Ethiopia,1982,2.069999999
Ethiopia,1981,2.069999999
Ethiopia,1980,2.069999999
Ethiopia,1979,2.069999999
Ethiopia,1978,2.069999999
Ethiopia,1977,2.069999999
Ethiopia,1976,2.069999999
Ethiopia,1975,2.069999999
Ethiopia,1974,2.069999999
Ethiopia,1973,2.098749999
Ethiopia,1972,2.299999999
Ethiopia,1971,2.49347500129167
Ethiopia,1970,2.5000000015
Ethiopia,1969,2.5000000015
Ethiopia,1968,2.5000000015
Ethiopia,1967,2.5000000015
Ethiopia,1966,2.5000000015
Ethiopia,1965,2.5000000015
Ethiopia,1964,2.5000000015
Ethiopia,1963,2.48447000127743
Ethiopia,1962,2.48447000148447
Ethiopia,1961,2.48447000148447
Ethiopia,1960,2.48447000148447
Faroe Islands,2023,6.88970258583334
Faroe Islands,2022,7.0761518625
Faroe Islands,2021,6.2871130825
Faroe Islands,2020,6.54215220416667
Faroe Islands,2019,6.669446615
Faroe Islands,2018,6.31461878666667
Faroe Islands,2017,6.60289346561404
Faroe Islands,2016,6.73171825724638
Faroe Islands,2015,6.7279068312963
Faroe Islands,2014,5.61246666666667
Faroe Islands,2013,5.61631168617622
Faroe Islands,2012,5.79247553703916
Faroe Islands,2011,5.36871153508772
Faroe Islands,2010,5.624075
Faroe Islands,2009,5.36086666666667
Faroe Islands,2008,5.09813083333333
Faroe Islands,2007,5.44370083333333
Faroe Islands,2006,5.94677833333333
Faroe Islands,2005,5.99691
Faroe Islands,2004,5.99105666666667
Faroe Islands,2003,6.58767333333333
Faroe Islands,2002,7.89471416666667
Faroe Islands,2001,8.3228175
Faroe Islands,2000,8.08314416666667
Faroe Islands,1999,6.97624
Faroe Islands,1998,6.70082666666667
Faroe Islands,1997,6.60445916666667
Faroe Islands,1996,5.79867166666667
Faroe Islands,1995,5.60236666666667
Faroe Islands,1994,6.36055166666667
Faroe Islands,1993,6.48393916666667
Faroe Islands,1992,6.03613333333333
Faroe Islands,1991,6.39645833333333
Faroe Islands,1990,6.18855833333333
Faroe Islands,1989,7.310175
Faroe Islands,1988,6.731525
Faroe Islands,1987,6.84031666666667
Faroe Islands,1986,8.09099166658334
Faroe Islands,1985,10.5963916664167
Faroe Islands,1984,10.35659166625
Faroe Islands,1983,9.14499166575
Faroe Islands,1982,8.33244166616667
Faroe Islands,1981,7.12336666566667
Faroe Islands,1980,5.63594166566667
Faroe Islands,1979,5.26095833233333
Faroe Islands,1978,5.514624999
Faroe Islands,1977,6.00319166566667
Faroe Islands,1976,6.045024999
Faroe Islands,1975,5.746149999
Faroe Islands,1974,6.094899999
Faroe Islands,1973,6.049499999
Faroe Islands,1972,6.94929166566667
Faroe Islands,1971,7.42633796871194
Faroe Islands,1970,7.5000000065
Faroe Islands,1969,7.5000000065
Faroe Islands,1968,7.5000000065
Faroe Islands,1967,6.95654500538095
Faroe Islands,1966,6.90714000590714
Faroe Islands,1965,6.90714000590714
Faroe Islands,1964,6.90714000590714
Faroe Islands,1963,6.90714000590714
Faroe Islands,1962,6.90714000590714
Faroe Islands,1961,6.90714000590714
Faroe Islands,1960,6.90714000590714
Fiji,2023,2.250125
Fiji,2022,2.2014069869585
Fiji,2021,2.07063333333333
Fiji,2020,2.16880492424242
Fiji,2019,2.16039311531464
Fiji,2018,2.08737978924997
Fiji,2017,2.06687530381454
Fiji,2016,2.09469593918508
Fiji,2015,2.09762981633101
Fiji,2014,1.88734535831922
Fiji,2013,1.84147661706532
Fiji,2012,1.78989281741094
Fiji,2011,1.79088383126012
Fiji,2010,1.91850867822547
Fiji,2009,1.95809503538886
Fiji,2008,1.59403441077344
Fiji,2007,1.61041379610359
Fiji,2006,1.73126493278745
Fiji,2005,1.69104621571552
Fiji,2004,1.73310167837133
Fiji,2003,1.89576838179997
Fiji,2002,2.1867833500115
Fiji,2001,2.27660294602613
Fiji,2000,2.128625
Fiji,1999,1.969625
Fiji,1998,1.98681666666667
Fiji,1997,1.443675
Fiji,1996,1.4033
Fiji,1995,1.40633333333333
Fiji,1994,1.464125
Fiji,1993,1.541775
Fiji,1992,1.50299083333333
Fiji,1991,1.4755575
Fiji,1990,1.48090833333333
Fiji,1989,1.48333333333333
Fiji,1988,1.43025833333333
Fiji,1987,1.24385833333333
Fiji,1986,1.13286583325
Fiji,1985,1.15355416625
Fiji,1984,1.08259666608333
Fiji,1983,1.01702033233333
Fiji,1982,0.932448665666667
Fiji,1981,0.854626582333333
Fiji,1980,0.817964665666666
Fiji,1979,0.835743249
Fiji,1978,0.846770749
Fiji,1977,0.917440332333333
Fiji,1976,0.897715403021328
Fiji,1975,0.821883064219201
Fiji,1974,0.805603828108739
Fiji,1973,0.79422382521397
Fiji,1972,0.825183711570471
Fiji,1971,0.858823231057721
Fiji,1970,0.870833999870834
Fiji,1969,0.870833999870834
Fiji,1968,0.870833999870834
Fiji,1967,0.805853999731236
Fiji,1966,0.792857999703316
Fiji,1965,0.792857999703316
Fiji,1964,0.792857999703316
Fiji,1963,0.792857999703316
Fiji,1962,0.792857999703316
Fiji,1961,0.792857999703316
Fiji,1960,0.792857999703316
Finland,2023,0.924839558470698
Finland,2022,0.949623753156941
Finland,2021,0.84549413889045
Finland,2020,0.875506396987998
Finland,2019,0.893276257067409
Finland,2018,0.846772667108111
Finland,2017,0.885205508269372
Finland,2016,0.903421436257263
Finland,2015,0.901296423367096
Finland,2014,0.752728196932603
Finland,2013,0.752945122701996
Finland,2012,0.778338120416812
Finland,2011,0.718413898653317
Finland,2010,0.754308990105961
Finland,2009,0.716957702016136
Finland,2008,0.679922680042729
Finland,2007,0.729672399984083
Finland,2006,0.796432730949102
Finland,2005,0.803800192161442
Finland,2004,0.803921647747618
Finland,2003,0.88404792718493
Finland,2002,1.05755899623965
Finland,2001,1.11653308564462
Finland,2000,1.08270508132602
Finland,1999,0.938283072395283
Finland,1998,5.34406583333333
Finland,1997,5.191435
Finland,1996,4.59355
Finland,1995,4.36666666666667
Finland,1994,5.2235125
Finland,1993,5.71229166666667
Finland,1992,4.47944
Finland,1991,4.04397916666667
Finland,1990,3.823505
Finland,1989,4.29121583333333
Finland,1988,4.18283333333333
Finland,1987,4.395565
Finland,1986,5.06952
Finland,1985,6.19789583316667
Finland,1984,6.00999999977647
Finland,1983,5.5700833326523
Finland,1982,4.8204166659427
Finland,1981,4.31524999924711
Finland,1980,3.73008333254693
Finland,1979,3.8953333325564
Finland,1978,4.11733333256911
Finland,1977,4.02941666589741
Finland,1976,3.86441666588796
Finland,1975,3.67866666587732
Finland,1974,3.7737499992161
Finland,1973,3.82116666588548
Finland,1972,4.14633333257077
Finland,1971,4.18441779068686
Finland,1970,4.19997000319997
Finland,1969,4.19997000319997
Finland,1968,4.19997000319997
Finland,1967,3.44999250244999
Finland,1966,3.2000000022
Finland,1965,3.2000000022
Finland,1964,3.2000000022
Finland,1963,3.2000000022
Finland,1962,3.2000000022
Finland,1961,3.2000000022
Finland,1960,3.2000000022
France,2023,0.924839558470698
France,2022,0.949623753156941
France,2021,0.84549413889045
France,2020,0.875506396987998
France,2019,0.893276257067409
France,2018,0.846772667108111
France,2017,0.885205508269372
France,2016,0.903421436257263
France,2015,0.901296423367096
France,2014,0.752728196932603
France,2013,0.752945122701996
France,2012,0.778338120416812
France,2011,0.718413898653317
France,2010,0.754308990105961
France,2009,0.716957702016136
France,2008,0.679922680042729
France,2007,0.729672399984083
France,2006,0.796432730949102
France,2005,0.803800192161442
France,2004,0.803921647747618
France,2003,0.88404792718493
France,2002,1.05755899623965
France,2001,1.11653308564462
France,2000,1.08270508132602
France,1999,0.938283072395283
France,1998,5.89951566666667
France,1997,5.83669166666667
France,1996,5.1155225
France,1995,4.9914825
France,1994,5.552045
France,1993,5.66323
France,1992,5.29381583333333
France,1991,5.64211666666667
France,1990,5.445275
France,1989,6.38014166666667
France,1988,5.95694166666667
France,1987,6.01070833333333
France,1986,6.92609166666667
France,1985,8.98522499975
France,1984,8.73909999958333
France,1983,7.62129166575
France,1982,6.57209999908333
France,1981,5.43460833258333
France,1980,4.22557499908333
France,1979,4.25441666608333
France,1978,4.51309999933333
France,1977,4.90517332253217
France,1976,4.8028783632131
France,1975,4.28779951537657
France,1974,4.80961847285583
France,1973,4.45277967399083
France,1972,5.04454451564062
France,1971,5.54060135472093
France,1970,5.55419000455419
France,1969,5.1941975041942
France,1968,4.93706000393706
France,1967,4.93706000393706
France,1966,4.93706000393706
France,1965,4.93706000393706
France,1964,4.93706000393706
France,1963,4.93706000393706
France,1962,4.93706000393706
France,1961,4.93706000393706
France,1960,4.93706000393706
French Polynesia,2023,110.34717131744
French Polynesia,2022,113.474367224106
French Polynesia,2021,100.880222566186
French Polynesia,2020,104.710608186968
French Polynesia,2019,106.588933804405
French Polynesia,2018,101.046821879543
French Polynesia,2017,105.633078151149
French Polynesia,2016,107.806815805024
French Polynesia,2015,107.553234404315
French Polynesia,2014,89.8243353779009
French Polynesia,2013,89.8502214987385
French Polynesia,2012,92.8804110841429
French Polynesia,2011,85.7295518299287
French Polynesia,2010,90.0129741146296
French Polynesia,2009,85.5557814096789
French Polynesia,2008,81.1363292780549
French Polynesia,2007,87.0730479331812
French Polynesia,2006,95.0396717197982
French Polynesia,2005,95.9188433909485
French Polynesia,2004,95.9333368925229
French Polynesia,2003,105.494942032458
French Polynesia,2002,126.200312871571
French Polynesia,2001,133.237791216225
French Polynesia,2000,129.201037953271
French Polynesia,1999,111.966914110147
French Polynesia,1998,107.2638139482
French Polynesia,1997,106.121560545
French Polynesia,1996,93.0094069905
French Polynesia,1995,90.7541365185
French Polynesia,1994,100.946171781
French Polynesia,1993,102.967715214
French Polynesia,1992,96.2511007185
French Polynesia,1991,102.58383681
French Polynesia,1990,99.004900995
French Polynesia,1989,116.002459755
French Polynesia,1988,108.307921995
French Polynesia,1987,109.285496775
French Polynesia,1986,125.928813465
French Polynesia,1985,163.367563900455
French Polynesia,1984,158.892568372424
French Polynesia,1983,138.568800808333
French Polynesia,1982,119.492607763333
French Polynesia,1981,98.8109617813635
French Polynesia,1980,76.8285595141078
French Polynesia,1979,77.3529529351395
French Polynesia,1978,82.0562815633657
French Polynesia,1977,89.3376379164501
French Polynesia,1976,86.8906706741604
French Polynesia,1975,77.9315887246532
French Polynesia,1974,87.5285488301859
French Polynesia,1973,81.0502219755422
French Polynesia,1972,91.6459689519292
French Polynesia,1971,100.689451223571
French Polynesia,1970,100.985000099985
French Polynesia,1969,94.44000009344
French Polynesia,1968,89.765000088765
French Polynesia,1967,89.765000088765
French Polynesia,1966,89.765000088765
French Polynesia,1965,89.765000088765
French Polynesia,1964,89.765000088765
French Polynesia,1963,89.765000088765
French Polynesia,1962,89.765000088765
French Polynesia,1961,89.765000088765
French Polynesia,1960,89.765000088765
Gabon,2023,606.569750165917
Gabon,2022,623.759700911182
Gabon,2021,554.530675033104
Gabon,2020,575.586004510945
Gabon,2019,585.911013180369
Gabon,2018,555.446458398226
Gabon,2017,580.656749587858
Gabon,2016,592.605615063022
Gabon,2015,591.21169798261
Gabon,2014,493.757329875312
Gabon,2013,493.899623852237
Gabon,2012,510.556338454251
Gabon,2011,471.248625718937
Gabon,2010,494.794262222947
Gabon,2009,470.293423341398
Gabon,2008,446.000041432788
Gabon,2007,478.633718476363
Gabon,2006,522.425624895176
Gabon,2005,527.258362649626
Gabon,2004,527.338032291576
Gabon,2003,579.897426172466
Gabon,2002,693.713226496374
Gabon,2001,732.397693260228
Gabon,2000,710.207977031367
Gabon,1999,615.473349319164
Gabon,1998,589.951774567332
Gabon,1997,583.669372353396
Gabon,1996,511.552430272516
Gabon,1995,499.14842590131
Gabon,1994,555.204695655697
Gabon,1993,283.162579500018
Gabon,1992,264.691800750579
Gabon,1991,282.10690880882
Gabon,1990,272.264787954393
Gabon,1989,319.008299487903
Gabon,1988,297.848218819378
Gabon,1987,300.536562401478
Gabon,1986,346.305903554493
Gabon,1985,449.262962711607
Gabon,1984,436.956665788008
Gabon,1983,381.066036024628
Gabon,1982,328.60625269899
Gabon,1981,271.731452550327
Gabon,1980,211.279555414705
Gabon,1979,212.721644262377
Gabon,1978,225.655860233957
Gabon,1977,245.679686566576
Gabon,1976,238.950494267059
Gabon,1975,214.312900341219
Gabon,1974,240.704667637823
Gabon,1973,222.889183053227
Gabon,1972,252.027627462649
Gabon,1971,275.356456685332
Gabon,1970,276.403137026845
Gabon,1969,259.960574351236
Gabon,1968,247.564693756951
Gabon,1967,246.000937791281
Gabon,1966,245.678436557644
Gabon,1965,245.060934207708
Gabon,1964,245.027184079042
Gabon,1963,245.016350696075
Gabon,1962,245.013850686544
Gabon,1961,245.26010162116
Gabon,1960,245.195101398359
"Gambia, The",2023,61.0963330077956
"Gambia, The",2022,54.9234673586679
"Gambia, The",2021,51.4844438783833
"Gambia, The",2020,51.5016603661723
"Gambia, The",2019,50.0624613684222
"Gambia, The",2018,48.1517806379073
"Gambia, The",2017,46.6089094621101
"Gambia, The",2016,43.3725276731819
"Gambia, The",2015,42.5062080923725
"Gambia, The",2014,41.7329616505126
"Gambia, The",2013,35.9575868341651
"Gambia, The",2012,32.0771338886217
"Gambia, The",2011,29.4615200601576
"Gambia, The",2010,28.0119536626841
"Gambia, The",2009,26.6443612042313
"Gambia, The",2008,22.19235
"Gambia, The",2007,24.8734333333333
"Gambia, The",2006,28.065725
"Gambia, The",2005,28.5754333333333
"Gambia, The",2004,30.0300833333333
"Gambia, The",2003,28.5305083333333
"Gambia, The",2002,19.917825
"Gambia, The",2001,15.6871583333333
"Gambia, The",2000,12.7876250950944
"Gambia, The",1999,11.3950916666667
"Gambia, The",1998,10.6431
"Gambia, The",1997,10.2001666666667
"Gambia, The",1996,9.7971734695093
"Gambia, The",1995,9.54426481930989
"Gambia, The",1994,9.58177096011339
"Gambia, The",1993,9.11441947156806
"Gambia, The",1992,8.89571491305405
"Gambia, The",1991,8.73314083987557
"Gambia, The",1990,7.87899218084407
"Gambia, The",1989,7.58358294004149
"Gambia, The",1988,6.70842323781853
"Gambia, The",1987,7.07440010539122
"Gambia, The",1986,6.92497108826107
"Gambia, The",1985,3.89387380444162
"Gambia, The",1984,3.58405801260268
"Gambia, The",1983,2.63857461911583
"Gambia, The",1982,2.2895101853073
"Gambia, The",1981,1.99017020931118
"Gambia, The",1980,1.72098283991706
"Gambia, The",1979,1.88841579961904
"Gambia, The",1978,2.08574529667185
"Gambia, The",1977,2.29301888077862
"Gambia, The",1976,2.22567313538484
"Gambia, The",1975,1.80804370710584
"Gambia, The",1974,1.71092678627558
"Gambia, The",1973,1.70240456406358
"Gambia, The",1972,2.00133279604246
"Gambia, The",1971,2.05459827381462
"Gambia, The",1970,2.08333000108333
"Gambia, The",1969,2.08333000108333
"Gambia, The",1968,2.08333000108333
"Gambia, The",1967,1.83531392893198
"Gambia, The",1966,1.78571071450171
"Gambia, The",1965,1.78571071450171
"Gambia, The",1964,1.78571071450171
"Gambia, The",1963,1.78571071450171
"Gambia, The",1962,1.78571071450171
"Gambia, The",1961,1.78571071450171
"Gambia, The",1960,1.78571071450171
Georgia,2023,2.62795833333333
Georgia,2022,2.9162
Georgia,2021,3.22155833333333
Georgia,2020,3.10901666666667
Georgia,2019,2.818145
Georgia,2018,2.53411083333333
Georgia,2017,2.50954166666667
Georgia,2016,2.366725
Georgia,2015,2.26934166666667
Georgia,2014,1.76566666666667
Georgia,2013,1.66335
Georgia,2012,1.65125833333333
Georgia,2011,1.68649543010753
Georgia,2010,1.78234166666667
Georgia,2009,1.67048709677419
Georgia,2008,1.49079166666667
Georgia,2007,1.67049166666667
Georgia,2006,1.78043333333333
Georgia,2005,1.812675
Georgia,2004,1.91665
Georgia,2003,2.14565
Georgia,2002,2.195675
Georgia,2001,2.07301666666667
Georgia,2000,1.97616666666667
Georgia,1999,2.02451666666667
Georgia,1998,1.38981666666667
Georgia,1997,1.2975
Georgia,1996,1.2628
Georgia,1995,
Georgia,1994,
Georgia,1993,
Georgia,1992,
Georgia,1991,
Georgia,1990,
Georgia,1989,
Georgia,1988,
Georgia,1987,
Georgia,1986,
Georgia,1985,
Georgia,1984,
Georgia,1983,
Georgia,1982,
Georgia,1981,
Georgia,1980,
Georgia,1979,
Georgia,1978,
Georgia,1977,
Georgia,1976,
Georgia,1975,
Georgia,1974,
Georgia,1973,
Georgia,1972,
Georgia,1971,
Georgia,1970,
Georgia,1969,
Georgia,1968,
Georgia,1967,
Georgia,1966,
Georgia,1965,
Georgia,1964,
Georgia,1963,
Georgia,1962,
Georgia,1961,
Georgia,1960,
Germany,2023,0.924839558470698
Germany,2022,0.949623753156941
Germany,2021,0.84549413889045
Germany,2020,0.875506396987998
Germany,2019,0.893276257067409
Germany,2018,0.846772667108111
Germany,2017,0.885205508269372
Germany,2016,0.903421436257263
Germany,2015,0.901296423367096
Germany,2014,0.752728196932603
Germany,2013,0.752945122701996
Germany,2012,0.778338120416812
Germany,2011,0.718413898653317
Germany,2010,0.754308990105961
Germany,2009,0.716957702016136
Germany,2008,0.679922680042729
Germany,2007,0.729672399984083
Germany,2006,0.796432730949102
Germany,2005,0.803800192161442
Germany,2004,0.803921647747618
Germany,2003,0.88404792718493
Germany,2002,1.05755899623965
Germany,2001,1.11653308564462
Germany,2000,1.08270508132602
Germany,1999,0.938283072395283
Germany,1998,1.7596676
Germany,1997,1.73405583333333
Germany,1996,1.50477416666667
Germany,1995,1.4331325
Germany,1994,1.62279416666667
Germany,1993,1.65332083333333
Germany,1992,1.56165
Germany,1991,1.65954166666667
Germany,1990,1.61573333333333
Germany,1989,1.88004166666667
Germany,1988,1.756225
Germany,1987,1.79739166666667
Germany,1986,2.17148333308333
Germany,1985,2.9439666665
Germany,1984,2.84594166616667
Germany,1983,2.55325833241667
Germany,1982,2.42659166575
Germany,1981,2.25999999908333
Germany,1980,1.81766666583333
Germany,1979,1.8328833325
Germany,1978,2.00862499916667
Germany,1977,2.32218333241667
Germany,1976,2.51799999908333
Germany,1975,2.46029166608333
Germany,1974,2.587749999
Germany,1973,2.67259999908333
Germany,1972,3.18864166566667
Germany,1971,3.50739351008637
Germany,1970,3.66000000266
Germany,1969,3.94333333594333
Germany,1968,4.000000003
Germany,1967,4.000000003
Germany,1966,4.000000003
Germany,1965,4.000000003
Germany,1964,4.000000003
Germany,1963,4.000000003
Germany,1962,4.000000003
Germany,1961,4.03333333636667
Germany,1960,4.2000000032
Ghana,2023,11.0204083333333
Ghana,2022,8.2724
Ghana,2021,5.8057
Ghana,2020,5.59570833333333
Ghana,2019,5.21736666666667
Ghana,2018,4.585325
Ghana,2017,4.35053333333333
Ghana,2016,3.90981666666667
Ghana,2015,3.71464166666667
Ghana,2014,2.896575
Ghana,2013,1.98135
Ghana,2012,1.82486666666667
Ghana,2011,1.520625
Ghana,2010,1.42998333333333
Ghana,2009,1.40496666666667
Ghana,2008,1.052275
Ghana,2007,0.932619195
Ghana,2006,0.915106799166667
Ghana,2005,0.905209485833333
Ghana,2004,0.899494854007063
Ghana,2003,0.866764326525345
Ghana,2002,0.792417084313167
Ghana,2001,0.716305157808996
Ghana,2000,0.544919175868766
Ghana,1999,0.266642972407191
Ghana,1998,0.231165900582341
Ghana,1997,0.204796277898216
Ghana,1996,0.163547167575201
Ghana,1995,0.119913872960145
Ghana,1994,0.0955682388545159
Ghana,1993,0.0648711875896057
Ghana,1992,0.0436851673835125
Ghana,1991,0.0367633074820789
Ghana,1990,0.032615621953405
Ghana,1989,0.0269854838709678
Ghana,1988,0.0202237045250896
Ghana,1987,0.0153650681003584
Ghana,1986,0.0089156207437276
Ghana,1985,0.00543357715053764
Ghana,1984,0.00359668442513757
Ghana,1983,0.000882522770144633
Ghana,1982,0.000274852150537634
Ghana,1981,0.000274852150537634
Ghana,1980,0.000274852150537634
Ghana,1979,0.000274852150537634
Ghana,1978,0.000176263183812666
Ghana,1977,0.000114938171943065
Ghana,1976,0.000114938171943065
Ghana,1975,0.000114938171943065
Ghana,1974,0.000114938171943065
Ghana,1973,0.000116437365491452
Ghana,1972,0.000133267478842706
Ghana,1971,0.00010342936280328
Ghana,1970,0.000101985139685
Ghana,1969,0.000101985139685
Ghana,1968,0.000101985139685
Ghana,1967,8.60811947925269e-05
Ghana,1966,7.13915966742473e-05
Ghana,1965,7.13915966742473e-05
Ghana,1964,7.13915966742473e-05
Ghana,1963,7.13915966742473e-05
Ghana,1962,7.13915966742473e-05
Ghana,1961,7.13915966742473e-05
Ghana,1960,7.13915966742473e-05
Gibraltar,2023,0.804538906734353
Gibraltar,2022,0.811301715827773
Gibraltar,2021,0.727064944688322
Gibraltar,2020,0.779999576697153
Gibraltar,2019,0.783445110011929
Gibraltar,2018,0.749531540259847
Gibraltar,2017,0.776976682344123
Gibraltar,2016,0.740634463697084
Gibraltar,2015,0.654545478931426
Gibraltar,2014,0.607729626878255
Gibraltar,2013,0.639660577613477
Gibraltar,2012,0.633046988857327
Gibraltar,2011,0.624140835740495
Gibraltar,2010,0.647179345560165
Gibraltar,2009,0.641919263495996
Gibraltar,2008,0.54396625
Gibraltar,2007,0.499771666666667
Gibraltar,2006,0.543486666666667
Gibraltar,2005,0.549998333333333
Gibraltar,2004,0.54618
Gibraltar,2003,0.6124725
Gibraltar,2002,0.667223333333333
Gibraltar,2001,0.694655
Gibraltar,2000,0.660930833333333
Gibraltar,1999,0.618056845
Gibraltar,1998,0.603823594166667
Gibraltar,1997,0.610836114166667
Gibraltar,1996,0.640958255
Gibraltar,1995,0.63366812
Gibraltar,1994,0.653426604166667
Gibraltar,1993,0.666756553333333
Gibraltar,1992,0.569774166666667
Gibraltar,1991,0.567015333333333
Gibraltar,1990,0.563177166666667
Gibraltar,1989,0.61117275
Gibraltar,1988,0.562170166666667
Gibraltar,1987,0.6119265
Gibraltar,1986,0.682197333333333
Gibraltar,1985,0.77924599975
Gibraltar,1984,0.75180666625
Gibraltar,1983,0.659724582333333
Gibraltar,1982,0.572446832333333
Gibraltar,1981,0.497641332333333
Gibraltar,1980,0.430294999
Gibraltar,1979,0.472181165666667
Gibraltar,1978,0.521504582333333
Gibraltar,1977,0.573271999
Gibraltar,1976,0.556509832333333
Gibraltar,1975,0.452041165666667
Gibraltar,1974,0.427756439747663
Gibraltar,1973,0.408170945299308
Gibraltar,1972,0.400390461530008
Gibraltar,1971,0.410920237429425
Gibraltar,1970,0.416666999416667
Gibraltar,1969,0.416666999416667
Gibraltar,1968,0.416666999416667
Gibraltar,1967,0.362103332665675
Gibraltar,1966,0.357142999357143
Gibraltar,1965,0.357142999357143
Gibraltar,1964,0.357142999357143
Gibraltar,1963,0.357142999357143
Gibraltar,1962,0.357142999357143
Gibraltar,1961,0.357142999357143
Gibraltar,1960,0.357142999357143
Greece,2023,0.924839558470698
Greece,2022,0.949623753156941
Greece,2021,0.84549413889045
Greece,2020,0.875506396987998
Greece,2019,0.893276257067409
Greece,2018,0.846772667108111
Greece,2017,0.885205508269372
Greece,2016,0.903421436257263
Greece,2015,0.901296423367096
Greece,2014,0.752728196932603
Greece,2013,0.752945122701996
Greece,2012,0.778338120416812
Greece,2011,0.718413898653317
Greece,2010,0.754308990105961
Greece,2009,0.716957702016136
Greece,2008,0.679922680042729
Greece,2007,0.729672399984083
Greece,2006,0.796432730949102
Greece,2005,0.803800192161442
Greece,2004,0.803921647747618
Greece,2003,0.88404792718493
Greece,2002,1.05755899623965
Greece,2001,1.11653308564462
Greece,2000,365.398560833333
Greece,1999,305.646604166667
Greece,1998,295.529105
Greece,1997,273.057853333333
Greece,1996,240.7115425
Greece,1995,231.662735833333
Greece,1994,242.6028175
Greece,1993,229.249843333333
Greece,1992,190.62425
Greece,1991,182.266416666667
Greece,1990,158.513916666667
Greece,1989,162.416583333333
Greece,1988,141.8605
Greece,1987,135.4295
Greece,1986,139.981166666583
Greece,1985,138.119083333
Greece,1984,112.716583333
Greece,1983,88.0642499995
Greece,1982,66.80316666575
Greece,1981,55.4084166656667
Greece,1980,42.6165833323333
Greece,1979,37.0384166656667
Greece,1978,36.7454166656667
Greece,1977,36.8384166656667
Greece,1976,36.5175833323333
Greece,1975,32.051325
Greece,1974,30.000300003
Greece,1973,29.625225002
Greece,1972,30.000300003
Greece,1971,30.0000000289151
Greece,1970,30.000000029
Greece,1969,30.000000029
Greece,1968,30.000000029
Greece,1967,30.000000029
Greece,1966,30.000000029
Greece,1965,30.000000029
Greece,1964,30.000000029
Greece,1963,30.000000029
Greece,1962,30.000000029
Greece,1961,30.0000500246667
Greece,1960,30.000300003
Greenland,2023,6.88970258583334
Greenland,2022,7.0761518625
Greenland,2021,6.2871130825
Greenland,2020,6.54215220416667
Greenland,2019,6.669446615
Greenland,2018,6.31461878666667
Greenland,2017,6.60289346561404
Greenland,2016,6.73171825724638
Greenland,2015,6.7279068312963
Greenland,2014,5.61246666666667
Greenland,2013,5.61631168617622
Greenland,2012,5.79247553703916
Greenland,2011,5.36871153508772
Greenland,2010,5.624075
Greenland,2009,5.36086666666667
Greenland,2008,5.09813083333333
Greenland,2007,5.44370083333333
Greenland,2006,5.94677833333333
Greenland,2005,5.99691
Greenland,2004,5.99105666666667
Greenland,2003,6.58767333333333
Greenland,2002,7.89471416666667
Greenland,2001,8.3228175
Greenland,2000,8.08314416666667
Greenland,1999,6.97624
Greenland,1998,6.70082666666667
Greenland,1997,6.60445916666667
Greenland,1996,5.79867166666667
Greenland,1995,5.60236666666667
Greenland,1994,6.36055166666667
Greenland,1993,6.48393916666667
Greenland,1992,6.03613333333333
Greenland,1991,6.39645833333333
Greenland,1990,6.18855833333333
Greenland,1989,7.310175
Greenland,1988,6.731525
Greenland,1987,6.84031666666667
Greenland,1986,8.09099166658334
Greenland,1985,10.5963916664167
Greenland,1984,10.35659166625
Greenland,1983,9.14499166575
Greenland,1982,8.33244166616667
Greenland,1981,7.12336666566667
Greenland,1980,5.63594166566667
Greenland,1979,5.26095833233333
Greenland,1978,5.514624999
Greenland,1977,6.00319166566667
Greenland,1976,6.045024999
Greenland,1975,5.746149999
Greenland,1974,6.094899999
Greenland,1973,6.049499999
Greenland,1972,6.94929166566667
Greenland,1971,7.41759565558043
Greenland,1970,7.5000000065
Greenland,1969,7.5000000065
Greenland,1968,7.5000000065
Greenland,1967,7.00595000600595
Greenland,1966,6.90714000590714
Greenland,1965,6.90714000590714
Greenland,1964,6.90714000590714
Greenland,1963,6.90714000590714
Greenland,1962,6.90714000590714
Greenland,1961,6.90714000590714
Greenland,1960,6.90714000590714
Grenada,2023,2.7
Grenada,2022,2.7
Grenada,2021,2.7
Grenada,2020,2.7
Grenada,2019,2.7
Grenada,2018,2.7
Grenada,2017,2.7
Grenada,2016,2.7
Grenada,2015,2.7
Grenada,2014,2.7
Grenada,2013,2.7
Grenada,2012,2.7
Grenada,2011,2.7
Grenada,2010,2.7
Grenada,2009,2.7
Grenada,2008,2.7
Grenada,2007,2.7
Grenada,2006,2.7
Grenada,2005,2.7
Grenada,2004,2.7
Grenada,2003,2.7
Grenada,2002,2.7
Grenada,2001,2.7
Grenada,2000,2.7
Grenada,1999,2.7
Grenada,1998,2.7
Grenada,1997,2.7
Grenada,1996,2.7
Grenada,1995,2.7
Grenada,1994,2.7
Grenada,1993,2.7
Grenada,1992,2.7
Grenada,1991,2.7
Grenada,1990,2.7
Grenada,1989,2.7
Grenada,1988,2.7
Grenada,1987,2.7
Grenada,1986,2.7
Grenada,1985,2.7
Grenada,1984,2.7
Grenada,1983,2.7
Grenada,1982,2.7
Grenada,1981,2.7
Grenada,1980,2.7
Grenada,1979,2.7
Grenada,1978,2.7
Grenada,1977,2.7
Grenada,1976,2.61467083283333
Grenada,1975,2.16979583233333
Grenada,1974,2.05323240851763
Grenada,1973,1.95921923598161
Grenada,1972,1.92127814947601
Grenada,1971,1.97487273321145
Grenada,1970,2.000000001
Grenada,1969,2.000000001
Grenada,1968,2.000000001
Grenada,1967,1.76190833409524
Grenada,1966,1.71429000071429
Grenada,1965,1.71429000071429
Grenada,1964,1.71429000071429
Grenada,1963,1.71429000071429
Grenada,1962,1.71429000071429
Grenada,1961,1.71429000071429
Grenada,1960,1.71429000071429
Guam,2023,1.0
Guam,2022,1.0
Guam,2021,1.0
Guam,2020,1.0
Guam,2019,1.0
Guam,2018,1.0
Guam,2017,1.0
Guam,2016,1.0
Guam,2015,1.0
Guam,2014,1.0
Guam,2013,1.0
Guam,2012,1.0
Guam,2011,1.0
Guam,2010,1.0
Guam,2009,1.0
Guam,2008,1.0
Guam,2007,1.0
Guam,2006,1.0
Guam,2005,1.0
Guam,2004,1.0
Guam,2003,1.0
Guam,2002,1.0
Guam,2001,1.0
Guam,2000,1.0
Guam,1999,1.0
Guam,1998,1.0
Guam,1997,1.0
Guam,1996,1.0
Guam,1995,1.0
Guam,1994,1.0
Guam,1993,1.0
Guam,1992,1.0
Guam,1991,1.0
Guam,1990,1.0
Guam,1989,1.0
Guam,1988,1.0
Guam,1987,1.0
Guam,1986,1.0
Guam,1985,1.0
Guam,1984,1.0
Guam,1983,1.0
Guam,1982,1.0
Guam,1981,1.0
Guam,1980,1.0
Guam,1979,1.0
Guam,1978,1.0
Guam,1977,1.0
Guam,1976,1.0
Guam,1975,1.0
Guam,1974,1.0
Guam,1973,1.0
Guam,1972,1.0
Guam,1971,1.0
Guam,1970,1.0
Guam,1969,1.0
Guam,1968,1.0
Guam,1967,1.0
Guam,1966,1.0
Guam,1965,1.0
Guam,1964,1.0
Guam,1963,1.0
Guam,1962,1.0
Guam,1961,1.0
Guam,1960,1.0
Guatemala,2023,7.83197416666667
Guatemala,2022,7.74824375
Guatemala,2021,7.73438833333333
Guatemala,2020,7.72165
Guatemala,2019,7.69669833333333
Guatemala,2018,7.51916458333333
Guatemala,2017,7.34793875
Guatemala,2016,7.59993708333333
Guatemala,2015,7.654815
Guatemala,2014,7.73223333333333
Guatemala,2013,7.85681375
Guatemala,2012,7.83360541666667
Guatemala,2011,7.78541833333334
Guatemala,2010,8.05777083333333
Guatemala,2009,8.16155541666667
Guatemala,2008,7.56002833333333
Guatemala,2007,7.67330416666667
Guatemala,2006,7.60263083333333
Guatemala,2005,7.63394416666667
Guatemala,2004,7.94649583333333
Guatemala,2003,7.94084666666667
Guatemala,2002,7.821645
Guatemala,2001,7.8585925
Guatemala,2000,7.76315916666667
Guatemala,1999,7.38561
Guatemala,1998,6.39465333333334
Guatemala,1997,6.06526916666667
Guatemala,1996,6.0495125
Guatemala,1995,5.8103425
Guatemala,1994,5.75120083333333
Guatemala,1993,5.6353625
Guatemala,1992,5.17063
Guatemala,1991,5.02888
Guatemala,1990,4.48575833333333
Guatemala,1989,2.81611666666667
Guatemala,1988,2.61958333333333
Guatemala,1987,2.5
Guatemala,1986,1.875
Guatemala,1985,1.0
Guatemala,1984,0.999999999583333
Guatemala,1983,0.999999999
Guatemala,1982,0.999999999
Guatemala,1981,0.999999999
Guatemala,1980,0.999999999
Guatemala,1979,0.999999999
Guatemala,1978,0.999999999
Guatemala,1977,0.999999999
Guatemala,1976,0.999999999
Guatemala,1975,0.999999999
Guatemala,1974,0.9999999995
Guatemala,1973,0.999999999916667
Guatemala,1972,1.0
Guatemala,1971,0.999999999916667
Guatemala,1970,1.0
Guatemala,1969,1.0
Guatemala,1968,1.0
Guatemala,1967,1.0
Guatemala,1966,1.0
Guatemala,1965,1.0
Guatemala,1964,1.0
Guatemala,1963,1.0
Guatemala,1962,1.0
Guatemala,1961,1.0
Guatemala,1960,1.0
Guinea,2023,
Guinea,2022,
Guinea,2021,
Guinea,2020,9565.08218343833
Guinea,2019,9183.87586390984
Guinea,2018,9011.13417725194
Guinea,2017,9088.31949623166
Guinea,2016,8967.92707958333
Guinea,2015,7485.51674166667
Guinea,2014,7014.11877725
Guinea,2013,6907.8780695
Guinea,2012,6985.82902633333
Guinea,2011,6658.03125833333
Guinea,2010,5726.07102083333
Guinea,2009,4801.0832375
Guinea,2008,4601.69100416667
Guinea,2007,4197.75200416667
Guinea,2006,5148.75
Guinea,2005,3644.33333333333
Guinea,2004,2243.93125
Guinea,2003,1984.93125
Guinea,2002,1975.84375
Guinea,2001,1950.55833333333
Guinea,2000,1746.86991666667
Guinea,1999,1387.40133333333
Guinea,1998,1236.83175
Guinea,1997,1095.3255
Guinea,1996,1004.01658333333
Guinea,1995,991.4115
Guinea,1994,976.636416666667
Guinea,1993,955.490333333333
Guinea,1992,902.001333333333
Guinea,1991,753.858083333333
Guinea,1990,660.166666666667
Guinea,1989,591.645833333333
Guinea,1988,474.395833333333
Guinea,1987,428.4025
Guinea,1986,333.4525
Guinea,1985,24.3330987866667
Guinea,1984,24.0899436958333
Guinea,1983,23.095183975
Guinea,1982,22.3660285241667
Guinea,1981,20.9481171191667
Guinea,1980,18.9688930416667
Guinea,1979,19.1070133208333
Guinea,1978,19.723540755
Guinea,1977,21.1444826725
Guinea,1976,21.3819569425
Guinea,1975,20.6732649333333
Guinea,1974,20.5562761717008
Guinea,1973,20.716091769979
Guinea,1972,22.7362739789965
Guinea,1971,24.612752017628
Guinea,1970,24.685000023685
Guinea,1969,24.685000023685
Guinea,1968,24.685000023685
Guinea,1967,24.685000023685
Guinea,1966,24.685000023685
Guinea,1965,24.685000023685
Guinea,1964,24.685000023685
Guinea,1963,24.685000023685
Guinea,1962,24.685000023685
Guinea,1961,24.685000023685
Guinea,1960,24.685000023685
Guinea-Bissau,2023,606.569750165917
Guinea-Bissau,2022,623.759700911182
Guinea-Bissau,2021,554.530675033104
Guinea-Bissau,2020,575.586004510945
Guinea-Bissau,2019,585.911013180369
Guinea-Bissau,2018,555.446458398226
Guinea-Bissau,2017,580.656749587858
Guinea-Bissau,2016,592.605615063022
Guinea-Bissau,2015,591.21169798261
Guinea-Bissau,2014,493.757329875312
Guinea-Bissau,2013,493.899623852237
Guinea-Bissau,2012,510.556338454251
Guinea-Bissau,2011,471.248625718937
Guinea-Bissau,2010,494.794262222947
Guinea-Bissau,2009,470.293423341398
Guinea-Bissau,2008,446.000041432788
Guinea-Bissau,2007,478.633718476363
Guinea-Bissau,2006,522.425624895176
Guinea-Bissau,2005,527.258362649626
Guinea-Bissau,2004,527.338032291576
Guinea-Bissau,2003,579.897426172466
Guinea-Bissau,2002,693.713226496374
Guinea-Bissau,2001,732.397693260228
Guinea-Bissau,2000,710.207977031367
Guinea-Bissau,1999,615.473349319164
Guinea-Bissau,1998,589.951774567332
Guinea-Bissau,1997,583.669372353396
Guinea-Bissau,1996,511.552430272516
Guinea-Bissau,1995,499.14842590131
Guinea-Bissau,1994,555.204695655697
Guinea-Bissau,1993,283.162579500018
Guinea-Bissau,1992,264.691800750579
Guinea-Bissau,1991,282.10690880882
Guinea-Bissau,1990,272.264787954393
Guinea-Bissau,1989,319.008299487903
Guinea-Bissau,1988,297.848218819378
Guinea-Bissau,1987,300.536562401478
Guinea-Bissau,1986,346.305903554493
Guinea-Bissau,1985,449.262962711607
Guinea-Bissau,1984,436.956665788008
Guinea-Bissau,1983,381.066036024628
Guinea-Bissau,1982,328.60625269899
Guinea-Bissau,1981,271.731452550327
Guinea-Bissau,1980,211.279555414705
Guinea-Bissau,1979,212.721644262377
Guinea-Bissau,1978,225.655860233957
Guinea-Bissau,1977,245.679686566576
Guinea-Bissau,1976,238.950494267059
Guinea-Bissau,1975,214.312900341219
Guinea-Bissau,1974,240.704667637823
Guinea-Bissau,1973,222.889183053227
Guinea-Bissau,1972,252.027627462649
Guinea-Bissau,1971,275.356456685332
Guinea-Bissau,1970,276.403137026845
Guinea-Bissau,1969,259.960574351236
Guinea-Bissau,1968,247.564693756951
Guinea-Bissau,1967,246.000937791281
Guinea-Bissau,1966,245.678436557644
Guinea-Bissau,1965,245.060934207708
Guinea-Bissau,1964,245.027184079042
Guinea-Bissau,1963,245.016350696075
Guinea-Bissau,1962,245.013850686544
Guinea-Bissau,1961,245.26010162116
Guinea-Bissau,1960,245.195101398359
Guyana,2023,208.5
Guyana,2022,208.5
Guyana,2021,208.5
Guyana,2020,208.5
Guyana,2019,208.5
Guyana,2018,207.716666666667
Guyana,2017,206.5
Guyana,2016,206.5
Guyana,2015,206.5
Guyana,2014,206.449166666667
Guyana,2013,205.394166666667
Guyana,2012,204.358333333333
Guyana,2011,204.0175
Guyana,2010,203.635833333333
Guyana,2009,203.95
Guyana,2008,203.633333333333
Guyana,2007,202.346666666667
Guyana,2006,200.188333333333
Guyana,2005,199.875
Guyana,2004,198.3075
Guyana,2003,193.878333333333
Guyana,2002,190.665
Guyana,2001,187.320833333333
Guyana,2000,182.43
Guyana,1999,177.995
Guyana,1998,150.519166666667
Guyana,1997,142.400833333333
Guyana,1996,140.375
Guyana,1995,141.989166666667
Guyana,1994,138.290240833333
Guyana,1993,126.730441666667
Guyana,1992,125.0025
Guyana,1991,111.810666666667
Guyana,1990,39.5333333333333
Guyana,1989,27.15875
Guyana,1988,10.0
Guyana,1987,9.75583333333333
Guyana,1986,4.27241666666667
Guyana,1985,4.25185499991667
Guyana,1984,3.83157166625
Guyana,1983,2.999999999
Guyana,1982,2.999999999
Guyana,1981,2.812499999
Guyana,1980,2.549999999
Guyana,1979,2.549999999
Guyana,1978,2.549999999
Guyana,1977,2.549999999
Guyana,1976,2.549999999
Guyana,1975,2.35538415437848
Guyana,1974,2.2268552932326
Guyana,1973,2.1061762107568
Guyana,1972,2.08727296315173
Guyana,1971,1.98866024493248
Guyana,1970,2.000000001
Guyana,1969,2.000000001
Guyana,1968,2.000000001
Guyana,1967,1.73809916726191
Guyana,1966,1.71429000071429
Guyana,1965,1.71429000071429
Guyana,1964,1.71429000071429
Guyana,1963,1.71429000071429
Guyana,1962,1.71429000071429
Guyana,1961,1.71429000071429
Guyana,1960,1.71429000071429
Haiti,2023,141.035912702189
Haiti,2022,115.630715521746
Haiti,2021,89.2266365116304
Haiti,2020,93.5098072136213
Haiti,2019,88.8149661769193
Haiti,2018,68.0317539812812
Haiti,2017,64.7696802849928
Haiti,2016,63.3358183698924
Haiti,2015,50.7064266739439
Haiti,2014,45.2159808923792
Haiti,2013,43.4627833333333
Haiti,2012,41.9497229523156
Haiti,2011,40.5228219393745
Haiti,2010,39.7974
Haiti,2009,41.1976083333333
Haiti,2008,39.1075916666667
Haiti,2007,36.8614166666667
Haiti,2006,40.4085166666666
Haiti,2005,40.44855
Haiti,2004,38.3520333333333
Haiti,2003,42.3667583333334
Haiti,2002,29.2504833333333
Haiti,2001,24.4290833333333
Haiti,2000,21.1706666666667
Haiti,1999,16.9378916666667
Haiti,1998,16.7656666666667
Haiti,1997,16.6545
Haiti,1996,15.70115
Haiti,1995,15.1097333333333
Haiti,1994,15.04
Haiti,1993,12.8225
Haiti,1992,9.80166666666667
Haiti,1991,6.03416666666667
Haiti,1990,5.0
Haiti,1989,5.0
Haiti,1988,5.0
Haiti,1987,5.0
Haiti,1986,5.0
Haiti,1985,5.0
Haiti,1984,4.99999999958333
Haiti,1983,4.999999999
Haiti,1982,4.999999999
Haiti,1981,4.999999999
Haiti,1980,4.999999999
Haiti,1979,4.999999999
Haiti,1978,4.999999999
Haiti,1977,4.999999999
Haiti,1976,4.999999999
Haiti,1975,4.999999999
Haiti,1974,5.00000414589201
Haiti,1973,5.00000844597082
Haiti,1972,5.00001842480959
Haiti,1971,5.00000000358333
Haiti,1970,5.000000004
Haiti,1969,5.000000004
Haiti,1968,5.000000004
Haiti,1967,5.000000004
Haiti,1966,5.000000004
Haiti,1965,5.000000004
Haiti,1964,5.000000004
Haiti,1963,5.000000004
Haiti,1962,5.000000004
Haiti,1961,5.000000004
Haiti,1960,5.000000004
Honduras,2023,24.6016468236818
Honduras,2022,24.4858737291131
Honduras,2021,24.0166553242681
Honduras,2020,24.5818805172846
Honduras,2019,24.5085389148926
Honduras,2018,23.9027282925432
Honduras,2017,23.4870839434552
Honduras,2016,22.835018390426
Honduras,2015,21.945175
Honduras,2014,20.9871583333333
Honduras,2013,20.3537791666667
Honduras,2012,19.5022495121615
Honduras,2011,18.9171416666667
Honduras,2010,18.8951
Honduras,2009,18.8951
Honduras,2008,18.9037583333333
Honduras,2007,18.8951
Honduras,2006,18.8952083333333
Honduras,2005,18.8323416666667
Honduras,2004,18.209725
Honduras,2003,17.3524916666667
Honduras,2002,16.4370583333333
Honduras,2001,15.476825
Honduras,2000,14.840625
Honduras,1999,
Honduras,1998,
Honduras,1997,
Honduras,1996,
Honduras,1995,
Honduras,1994,
Honduras,1993,
Honduras,1992,
Honduras,1991,
Honduras,1990,
Honduras,1989,2.0
Honduras,1988,2.0
Honduras,1987,2.0
Honduras,1986,2.0
Honduras,1985,2.0
Honduras,1984,2.0
Honduras,1983,2.0
Honduras,1982,2.0
Honduras,1981,2.0
Honduras,1980,2.0
Honduras,1979,2.0
Honduras,1978,2.0
Honduras,1977,2.0
Honduras,1976,2.0
Honduras,1975,2.0
Honduras,1974,2.00000000041448
Honduras,1973,2.00000076831444
Honduras,1972,2.00000921148374
Honduras,1971,2.00000000091667
Honduras,1970,2.000000001
Honduras,1969,2.000000001
Honduras,1968,2.000000001
Honduras,1967,2.000000001
Honduras,1966,2.000000001
Honduras,1965,2.000000001
Honduras,1964,2.000000001
Honduras,1963,2.000000001
Honduras,1962,2.000000001
Honduras,1961,2.000000001
Honduras,1960,2.000000001
"Hong Kong SAR, China",2023,7.82958333333333
"Hong Kong SAR, China",2022,7.83141666666666
"Hong Kong SAR, China",2021,7.77325
"Hong Kong SAR, China",2020,7.75725
"Hong Kong SAR, China",2019,7.83591666666667
"Hong Kong SAR, China",2018,7.8385
"Hong Kong SAR, China",2017,7.79325
"Hong Kong SAR, China",2016,7.76225
"Hong Kong SAR, China",2015,7.75175
"Hong Kong SAR, China",2014,7.75408333333333
"Hong Kong SAR, China",2013,7.756
"Hong Kong SAR, China",2012,7.75641666666666
"Hong Kong SAR, China",2011,7.784
"Hong Kong SAR, China",2010,7.76916666666667
"Hong Kong SAR, China",2009,7.75175
"Hong Kong SAR, China",2008,7.78683333333333
"Hong Kong SAR, China",2007,7.80141666666666
"Hong Kong SAR, China",2006,7.76783333333333
"Hong Kong SAR, China",2005,7.77733333333333
"Hong Kong SAR, China",2004,7.788
"Hong Kong SAR, China",2003,7.78675
"Hong Kong SAR, China",2002,7.79891666666667
"Hong Kong SAR, China",2001,7.79875
"Hong Kong SAR, China",2000,7.79116666666667
"Hong Kong SAR, China",1999,7.7575
"Hong Kong SAR, China",1998,7.74533333333333
"Hong Kong SAR, China",1997,7.74208333333333
"Hong Kong SAR, China",1996,7.73425416666667
"Hong Kong SAR, China",1995,7.73583333333333
"Hong Kong SAR, China",1994,7.72841666666667
"Hong Kong SAR, China",1993,7.73558333333333
"Hong Kong SAR, China",1992,7.74058333333333
"Hong Kong SAR, China",1991,7.77116666666667
"Hong Kong SAR, China",1990,7.78975
"Hong Kong SAR, China",1989,7.79991666666666
"Hong Kong SAR, China",1988,7.806
"Hong Kong SAR, China",1987,7.79825
"Hong Kong SAR, China",1986,7.80333333333333
"Hong Kong SAR, China",1985,7.79075
"Hong Kong SAR, China",1984,7.818
"Hong Kong SAR, China",1983,7.26516666658333
"Hong Kong SAR, China",1982,6.06991666666667
"Hong Kong SAR, China",1981,5.58933333333333
"Hong Kong SAR, China",1980,4.97608333333334
"Hong Kong SAR, China",1979,5.00266666641666
"Hong Kong SAR, China",1978,4.68366666658333
"Hong Kong SAR, China",1977,4.66199999991666
"Hong Kong SAR, China",1976,4.90474999983334
"Hong Kong SAR, China",1975,4.93516666658333
"Hong Kong SAR, China",1974,5.03158333333333
"Hong Kong SAR, China",1973,5.1465
"Hong Kong SAR, China",1972,5.64141666658333
"Hong Kong SAR, China",1971,5.98041047018348
"Hong Kong SAR, China",1970,6.0606000050606
"Hong Kong SAR, China",1969,6.0606000050606
"Hong Kong SAR, China",1968,6.0606000050606
"Hong Kong SAR, China",1967,5.7431583376003
"Hong Kong SAR, China",1966,5.7143000047143
"Hong Kong SAR, China",1965,5.7143000047143
"Hong Kong SAR, China",1964,5.7143000047143
"Hong Kong SAR, China",1963,5.7143000047143
"Hong Kong SAR, China",1962,5.7143000047143
"Hong Kong SAR, China",1961,5.7143000047143
"Hong Kong SAR, China",1960,5.7143000047143
Hungary,2023,353.088333333333
Hungary,2022,372.595833333333
Hungary,2021,303.140833333333
Hungary,2020,307.996666666667
Hungary,2019,290.66
Hungary,2018,270.211666666667
Hungary,2017,274.433333333333
Hungary,2016,281.523333333333
Hungary,2015,279.3325
Hungary,2014,232.601666666667
Hungary,2013,223.695
Hungary,2012,225.104166666667
Hungary,2011,201.055
Hungary,2010,207.944166666667
Hungary,2009,202.341666666667
Hungary,2008,172.113333333333
Hungary,2007,183.625833333333
Hungary,2006,210.39
Hungary,2005,199.5825
Hungary,2004,202.745833333333
Hungary,2003,224.306666666667
Hungary,2002,257.886666666667
Hungary,2001,286.49
Hungary,2000,282.179166666667
Hungary,1999,237.145833333333
Hungary,1998,214.401666666667
Hungary,1997,186.789166666667
Hungary,1996,152.646666666667
Hungary,1995,125.681425
Hungary,1994,105.160458333333
Hungary,1993,91.9331833333333
Hungary,1992,78.9883916666667
Hungary,1991,74.7353833333333
Hungary,1990,63.2058666666667
Hungary,1989,59.0663416666667
Hungary,1988,50.4132083333334
Hungary,1987,46.9705416666667
Hungary,1986,45.83215
Hungary,1985,50.1194
Hungary,1984,48.0422083329167
Hungary,1983,42.671149999
Hungary,1982,36.630549999
Hungary,1981,34.3142916656667
Hungary,1980,32.5322833323333
Hungary,1979,35.577999999
Hungary,1978,37.911349999
Hungary,1977,40.960749999
Hungary,1976,41.5752666656667
Hungary,1975,43.9713833323333
Hungary,1974,46.752399999
Hungary,1973,48.966224999
Hungary,1972,55.259999999
Hungary,1971,59.8216166656667
Hungary,1970,59.999999999
Hungary,1969,59.999999999
Hungary,1968,59.999999999
Hungary,1967,
Hungary,1966,
Hungary,1965,
Hungary,1964,
Hungary,1963,
Hungary,1962,
Hungary,1961,
Hungary,1960,
Iceland,2023,137.942952429967
Iceland,2022,135.27990200138
Iceland,2021,126.988860204557
Iceland,2020,135.421711629205
Iceland,2019,122.606773601907
Iceland,2018,108.300176306626
Iceland,2017,106.839572014
Iceland,2016,120.811548065239
Iceland,2015,131.918708431432
Iceland,2014,116.767352506899
Iceland,2013,122.179121320458
Iceland,2012,125.082787013769
Iceland,2011,115.954039762284
Iceland,2010,122.241811205165
Iceland,2009,123.638381413044
Iceland,2008,87.9479166666667
Iceland,2007,64.055
Iceland,2006,70.18
Iceland,2005,62.9816666666667
Iceland,2004,70.1916666666667
Iceland,2003,76.7089825
Iceland,2002,91.6616666666667
Iceland,2001,97.4246033333333
Iceland,2000,78.6159466666667
Iceland,1999,72.3352933333333
Iceland,1998,70.9583333333334
Iceland,1997,70.9042908333333
Iceland,1996,66.5
Iceland,1995,64.6916666666666
Iceland,1994,69.9443783333333
Iceland,1993,67.6031816666666
Iceland,1992,57.5459333333333
Iceland,1991,58.9963416666667
Iceland,1990,58.283775
Iceland,1989,57.0417916666666
Iceland,1988,43.0139833333333
Iceland,1987,38.6771833333333
Iceland,1986,41.1041583333333
Iceland,1985,41.5076666666667
Iceland,1984,31.69374166625
Iceland,1983,24.84276666575
Iceland,1982,12.35153333275
Iceland,1981,7.22418333233333
Iceland,1980,4.7976416658989
Iceland,1979,3.52599999943281
Iceland,1978,2.71110833289748
Iceland,1977,1.98869999967762
Iceland,1976,1.82171666637135
Iceland,1975,1.53694999974941
Iceland,1974,0.999516666500499
Iceland,1973,0.901341666520921
Iceland,1972,0.882603545953389
Iceland,1971,0.879999999887478
Iceland,1970,0.879999999968158
Iceland,1969,0.879999999968158
Iceland,1968,0.621666666635839
Iceland,1967,0.441666666559482
Iceland,1966,0.429999999974441
Iceland,1965,0.429999999974441
Iceland,1964,0.429999999974441
Iceland,1963,0.429999999974441
Iceland,1962,0.429999999974441
Iceland,1961,0.400833333308829
Iceland,1960,0.361904749977738
India,2023,82.5992764460784
India,2022,78.6044905829916
India,2021,73.9180128154351
India,2020,74.0995668836052
India,2019,70.4203405359551
India,2018,68.3894670935422
India,2017,65.1215686450659
India,2016,67.1953128073894
India,2015,64.1519444632786
India,2014,61.0295144607843
India,2013,58.5978454166667
India,2012,53.4372333333333
India,2011,46.6704666666667
India,2010,45.7258121212121
India,2009,48.4052666666666
India,2008,43.5051833333333
India,2007,41.3485333333333
India,2006,45.3070083333333
India,2005,44.099975
India,2004,45.3164666666666
India,2003,46.5832841666667
India,2002,48.6103191666667
India,2001,47.1864141666667
India,2000,44.941605
India,1999,43.0554283333334
India,1998,41.259365
India,1997,36.3132858333333
India,1996,35.4331733333333
India,1995,32.4270766666667
India,1994,31.3737425
India,1993,30.4932916666667
India,1992,25.9180833333333
India,1991,22.7424333333333
India,1990,17.5035
India,1989,16.2255
India,1988,13.9170833333333
India,1987,12.9615
India,1986,12.61083333325
India,1985,12.3687499995833
India,1984,11.3625833326667
India,1983,10.0988982440461
India,1982,9.45513193348639
India,1981,8.65852281709317
India,1980,7.86294470113798
India,1979,8.12579094635689
India,1978,8.19284034840393
India,1977,8.73857617131458
India,1976,8.96041272812392
India,1975,8.37589194565386
India,1974,8.1016032272183
India,1973,7.74203856214968
India,1972,7.59446837394936
India,1971,7.49193523096824
India,1970,7.5000000065
India,1969,7.5000000065
India,1968,7.5000000065
India,1967,7.5000000065
India,1966,6.35912500535913
India,1965,4.7619000037619
India,1964,4.7619000037619
India,1963,4.7619000037619
India,1962,4.7619000037619
India,1961,4.7619000037619
India,1960,4.7619000037619
Indonesia,2023,15236.8846620506
Indonesia,2022,14849.8539362105
Indonesia,2021,14308.1439011897
Indonesia,2020,14582.2034678177
Indonesia,2019,14147.6713605454
Indonesia,2018,14236.9387734818
Indonesia,2017,13380.8338788891
Indonesia,2016,13308.3268020542
Indonesia,2015,13389.4129365079
Indonesia,2014,11865.2112962963
Indonesia,2013,10461.24
Indonesia,2012,9386.62916666667
Indonesia,2011,8770.43333333333
Indonesia,2010,9090.43333333333
Indonesia,2009,10389.9375
Indonesia,2008,9698.9625
Indonesia,2007,9141.0
Indonesia,2006,9159.31666666667
Indonesia,2005,9704.74166666666
Indonesia,2004,8938.85
Indonesia,2003,8577.13333333334
Indonesia,2002,9311.19166666667
Indonesia,2001,10260.85
Indonesia,2000,8421.775
Indonesia,1999,7855.15
Indonesia,1998,10013.6225
Indonesia,1997,2909.38
Indonesia,1996,2342.29629166667
Indonesia,1995,2248.607975
Indonesia,1994,2160.753675
Indonesia,1993,2087.10386666667
Indonesia,1992,2029.92083333333
Indonesia,1991,1950.3175
Indonesia,1990,1842.81333333333
Indonesia,1989,1770.05916666667
Indonesia,1988,1685.70416666667
Indonesia,1987,1643.84833333333
Indonesia,1986,1282.55999999975
Indonesia,1985,1110.57999999967
Indonesia,1984,1025.9448333315
Indonesia,1983,909.264833332
Indonesia,1982,661.42074999925
Indonesia,1981,631.756666664167
Indonesia,1980,626.993999998583
Indonesia,1979,623.055499999083
Indonesia,1978,442.045416665917
Indonesia,1977,414.999999999
Indonesia,1976,414.999999999
Indonesia,1975,414.999999999
Indonesia,1974,415.0
Indonesia,1973,415.0
Indonesia,1972,415.0
Indonesia,1971,391.875
Indonesia,1970,362.833333333333
Indonesia,1969,326.0
Indonesia,1968,296.291666666667
Indonesia,1967,149.583333333333
Indonesia,1966,
Indonesia,1965,
Indonesia,1964,
Indonesia,1963,
Indonesia,1962,
Indonesia,1961,
Indonesia,1960,
"Iran, Islamic Rep.",2023,42000.0
"Iran, Islamic Rep.",2022,42000.0
"Iran, Islamic Rep.",2021,42000.0
"Iran, Islamic Rep.",2020,42000.0
"Iran, Islamic Rep.",2019,42000.0
"Iran, Islamic Rep.",2018,40864.329009777
"Iran, Islamic Rep.",2017,33226.2981524127
"Iran, Islamic Rep.",2016,30914.8524362967
"Iran, Islamic Rep.",2015,29011.4913770529
"Iran, Islamic Rep.",2014,25941.6641445972
"Iran, Islamic Rep.",2013,18414.4480100374
"Iran, Islamic Rep.",2012,12175.5472222222
"Iran, Islamic Rep.",2011,10616.3066439076
"Iran, Islamic Rep.",2010,10254.176470289
"Iran, Islamic Rep.",2009,9864.30245626821
"Iran, Islamic Rep.",2008,9428.52826083333
"Iran, Islamic Rep.",2007,9281.15182833334
"Iran, Islamic Rep.",2006,9170.9428775
"Iran, Islamic Rep.",2005,8963.95890666667
"Iran, Islamic Rep.",2004,8613.98942075
"Iran, Islamic Rep.",2003,8193.88751916667
"Iran, Islamic Rep.",2002,6907.03445561653
"Iran, Islamic Rep.",2001,1753.98568465785
"Iran, Islamic Rep.",2000,1764.85606929191
"Iran, Islamic Rep.",1999,1753.35494977139
"Iran, Islamic Rep.",1998,1752.28599459359
"Iran, Islamic Rep.",1997,1753.34547748286
"Iran, Islamic Rep.",1996,1751.18635583594
"Iran, Islamic Rep.",1995,1748.35024562759
"Iran, Islamic Rep.",1994,1749.17373625079
"Iran, Islamic Rep.",1993,1268.07876133881
"Iran, Islamic Rep.",1992,65.5678412857706
"Iran, Islamic Rep.",1991,67.5217300147946
"Iran, Islamic Rep.",1990,68.1123727149296
"Iran, Islamic Rep.",1989,72.0322364263672
"Iran, Islamic Rep.",1988,68.6997646296701
"Iran, Islamic Rep.",1987,71.4774357190432
"Iran, Islamic Rep.",1986,78.7787830685101
"Iran, Islamic Rep.",1985,91.0735868439752
"Iran, Islamic Rep.",1984,90.0514398915356
"Iran, Islamic Rep.",1983,86.3787358940775
"Iran, Islamic Rep.",1982,83.6226700245569
"Iran, Islamic Rep.",1981,78.3468453777361
"Iran, Islamic Rep.",1980,70.631848089676
"Iran, Islamic Rep.",1979,70.4920309761581
"Iran, Islamic Rep.",1978,70.4920309761581
"Iran, Islamic Rep.",1977,70.6337318788855
"Iran, Islamic Rep.",1976,70.2390698610516
"Iran, Islamic Rep.",1975,67.6549455324406
"Iran, Islamic Rep.",1974,67.641342246617
"Iran, Islamic Rep.",1973,68.8860419482585
"Iran, Islamic Rep.",1972,75.7499701345202
"Iran, Islamic Rep.",1971,75.7500000694375
"Iran, Islamic Rep.",1970,75.75000007575
"Iran, Islamic Rep.",1969,75.75000007575
"Iran, Islamic Rep.",1968,75.75000007575
"Iran, Islamic Rep.",1967,75.75000007575
"Iran, Islamic Rep.",1966,75.75000007575
"Iran, Islamic Rep.",1965,75.75000007575
"Iran, Islamic Rep.",1964,75.75000007575
"Iran, Islamic Rep.",1963,75.75000007575
"Iran, Islamic Rep.",1962,75.75000007575
"Iran, Islamic Rep.",1961,75.75000007575
"Iran, Islamic Rep.",1960,75.75000007575
Iraq,2023,1312.5
Iraq,2022,1450.0
Iraq,2021,1450.0
Iraq,2020,1192.0
Iraq,2019,1182.0
Iraq,2018,1182.75
Iraq,2017,1184.0
Iraq,2016,1182.0
Iraq,2015,1167.33333333333
Iraq,2014,1166.0
Iraq,2013,1166.0
Iraq,2012,1166.16666666667
Iraq,2011,1170.0
Iraq,2010,1170.0
Iraq,2009,1170.0
Iraq,2008,1193.08333333333
Iraq,2007,1254.56721858704
Iraq,2006,1467.41666666667
Iraq,2005,1472.0
Iraq,2004,1453.41666666667
Iraq,2003,
Iraq,2002,2002.37270286683
Iraq,2001,2002.40491037037
Iraq,2000,2002.40340735354
Iraq,1999,2002.3897728437
Iraq,1998,2002.38724455468
Iraq,1997,2002.38721234717
Iraq,1996,2002.38721234717
Iraq,1995,2002.38722845093
Iraq,1994,2002.38738948844
Iraq,1993,2002.38629443332
Iraq,1992,2002.38558586824
Iraq,1991,2002.38558586824
Iraq,1990,2002.38558586824
Iraq,1989,2002.38558586824
Iraq,1988,2002.38558586824
Iraq,1987,2002.38558586824
Iraq,1986,2002.38558586824
Iraq,1985,2002.38558586824
Iraq,1984,2002.38558318428
Iraq,1983,2002.38557942674
Iraq,1982,1922.92537384858
Iraq,1981,1902.26533390822
Iraq,1980,1902.26533390822
Iraq,1979,1902.26533390822
Iraq,1978,1902.26533390822
Iraq,1977,1902.26533390822
Iraq,1976,1902.26533390822
Iraq,1975,1902.26533390822
Iraq,1974,1902.26533390822
Iraq,1973,1950.84444829616
Iraq,1972,2144.56721419924
Iraq,1971,935.617835005274
Iraq,1970,0.357142999357143
Iraq,1969,0.357142999357143
Iraq,1968,0.357142999357143
Iraq,1967,0.357142999357143
Iraq,1966,0.357142999357143
Iraq,1965,0.357142999357143
Iraq,1964,0.357142999357143
Iraq,1963,0.357142999357143
Iraq,1962,0.357142999357143
Iraq,1961,0.357142999357143
Iraq,1960,0.357142999357143
Ireland,2023,0.924839558470698
Ireland,2022,0.949623753156941
Ireland,2021,0.84549413889045
Ireland,2020,0.875506396987998
Ireland,2019,0.893276257067409
Ireland,2018,0.846772667108111
Ireland,2017,0.885205508269372
Ireland,2016,0.903421436257263
Ireland,2015,0.901296423367096
Ireland,2014,0.752728196932603
Ireland,2013,0.752945122701996
Ireland,2012,0.778338120416812
Ireland,2011,0.718413898653317
Ireland,2010,0.754308990105961
Ireland,2009,0.716957702016136
Ireland,2008,0.679922680042729
Ireland,2007,0.729672399984083
Ireland,2006,0.796432730949102
Ireland,2005,0.803800192161442
Ireland,2004,0.803921647747618
Ireland,2003,0.88404792718493
Ireland,2002,1.05755899623965
Ireland,2001,1.11653308564462
Ireland,2000,1.08270508132602
Ireland,1999,0.938283072395283
Ireland,1998,0.702270998333333
Ireland,1997,0.659643126666667
Ireland,1996,0.625028368333333
Ireland,1995,0.623733075
Ireland,1994,0.668628101666667
Ireland,1993,0.677249306666667
Ireland,1992,0.587720833333333
Ireland,1991,0.6212975
Ireland,1990,0.604588333333333
Ireland,1989,0.705543333333333
Ireland,1988,0.6564675
Ireland,1987,0.672916666666667
Ireland,1986,0.743128333166667
Ireland,1985,0.945614999916667
Ireland,1984,0.922553499583333
Ireland,1983,0.804677922717774
Ireland,1982,0.704561636049961
Ireland,1981,0.621298066875603
Ireland,1980,0.486645276829587
Ireland,1979,0.488594874084431
Ireland,1978,0.521504582333333
Ireland,1977,0.573271999
Ireland,1976,0.556509832333333
Ireland,1975,0.452041165666667
Ireland,1974,0.427756439747663
Ireland,1973,0.408170945299308
Ireland,1972,0.400390461530008
Ireland,1971,0.410920220035124
Ireland,1970,0.416666999416667
Ireland,1969,0.416666999416667
Ireland,1968,0.416666999416667
Ireland,1967,0.362103332665675
Ireland,1966,0.357142999357143
Ireland,1965,0.357142999357143
Ireland,1964,0.357142999357143
Ireland,1963,0.357142999357143
Ireland,1962,0.357142999357143
Ireland,1961,0.357142999357143
Ireland,1960,0.357142999357143
Isle of Man,2023,0.804538906734353
Isle of Man,2022,0.811301715827773
Isle of Man,2021,0.727064944688322
Isle of Man,2020,0.779999576697153
Isle of Man,2019,0.783445110011929
Isle of Man,2018,0.749531540259847
Isle of Man,2017,0.776976682344123
Isle of Man,2016,0.740634463697084
Isle of Man,2015,0.654545478931426
Isle of Man,2014,0.607729626878255
Isle of Man,2013,0.639660577613477
Isle of Man,2012,0.633046988857327
Isle of Man,2011,0.624140835740495
Isle of Man,2010,0.647179345560165
Isle of Man,2009,0.641919263495996
Isle of Man,2008,0.54396625
Isle of Man,2007,0.499771666666667
Isle of Man,2006,0.543486666666667
Isle of Man,2005,0.549998333333333
Isle of Man,2004,0.54618
Isle of Man,2003,0.6124725
Isle of Man,2002,0.667223333333333
Isle of Man,2001,0.694655
Isle of Man,2000,0.660930833333333
Isle of Man,1999,0.618056845
Isle of Man,1998,0.603823594166667
Isle of Man,1997,0.610836114166667
Isle of Man,1996,0.640958255
Isle of Man,1995,0.63366812
Isle of Man,1994,0.653426604166667
Isle of Man,1993,0.666756553333333
Isle of Man,1992,0.569774166666667
Isle of Man,1991,0.567015333333333
Isle of Man,1990,0.563177166666667
Isle of Man,1989,0.61117275
Isle of Man,1988,0.562170166666667
Isle of Man,1987,0.6119265
Isle of Man,1986,0.682197333333333
Isle of Man,1985,0.77924599975
Isle of Man,1984,0.75180666625
Isle of Man,1983,0.659724582333333
Isle of Man,1982,0.572446832333333
Isle of Man,1981,0.497641332333333
Isle of Man,1980,0.430294999
Isle of Man,1979,0.472181165666667
Isle of Man,1978,0.521504582333333
Isle of Man,1977,0.573271999
Isle of Man,1976,0.556509832333333
Isle of Man,1975,0.452041165666667
Isle of Man,1974,0.427756439747663
Isle of Man,1973,0.408170945299308
Isle of Man,1972,0.400390461530008
Isle of Man,1971,0.410920237429425
Isle of Man,1970,0.416666999416667
Isle of Man,1969,0.416666999416667
Isle of Man,1968,0.416666999416667
Isle of Man,1967,0.362103332665675
Isle of Man,1966,0.357142999357143
Isle of Man,1965,0.357142999357143
Isle of Man,1964,0.357142999357143
Isle of Man,1963,0.357142999357143
Isle of Man,1962,0.357142999357143
Isle of Man,1961,0.357142999357143
Isle of Man,1960,0.357142999357143
Israel,2023,3.6673747160226
Israel,2022,3.35961440158189
Israel,2021,3.23019832251082
Israel,2020,3.44240585198793
Israel,2019,3.56452734661093
Israel,2018,3.59055812689938
Israel,2017,3.59955554812834
Israel,2016,3.84056666666667
Israel,2015,3.88683333333333
Israel,2014,3.577925
Israel,2013,3.61075833333333
Israel,2012,3.85592182539683
Israel,2011,3.5781293062201
Israel,2010,3.738975
Israel,2009,3.93233547791667
Israel,2008,3.58802119408369
Israel,2007,4.10808294905577
Israel,2006,4.45580833333334
Israel,2005,4.4877
Israel,2004,4.48198333333333
Israel,2003,4.55413333333333
Israel,2002,4.737825
Israel,2001,4.20565
Israel,2000,4.07733333333333
Israel,1999,4.13971666666667
Israel,1998,3.800075
Israel,1997,3.44935
Israel,1996,3.19165
Israel,1995,3.01129166666667
Israel,1994,3.01105520833333
Israel,1993,2.83008333333333
Israel,1992,2.45908333333333
Israel,1991,2.27910833333333
Israel,1990,2.016175
Israel,1989,1.91641666666667
Israel,1988,1.59893333333333
Israel,1987,1.59464166666667
Israel,1986,1.48784166658333
Israel,1985,1.17884933333439
Israel,1984,0.293209666667072
Israel,1983,0.0562144916660229
Israel,1982,0.0242669999990818
Israel,1981,0.0114305749992885
Israel,1980,0.00512429166568394
Israel,1979,0.00254063690827577
Israel,1978,0.00174353717363552
Israel,1977,0.0010445457989628
Israel,1976,0.000792557149185273
Israel,1975,0.000633614931146527
Israel,1974,0.000445153398230699
Israel,1973,0.00041946923065526
Israel,1972,0.000417979671411471
Israel,1971,0.000379165835522199
Israel,1970,0.000349999232782894
Israel,1969,0.000349999232782894
Israel,1968,0.000349999232782894
Israel,1967,0.000308332657439692
Israel,1966,0.000299999342371052
Israel,1965,0.000299999342371052
Israel,1964,0.000299999342371052
Israel,1963,0.000299999342371052
Israel,1962,0.000289999364288684
Israel,1961,0.000179999605382631
Israel,1960,0.000179999605382631
Italy,2023,0.924839558470698
Italy,2022,0.949623753156941
Italy,2021,0.84549413889045
Italy,2020,0.875506396987998
Italy,2019,0.893276257067409
Italy,2018,0.846772667108111
Italy,2017,0.885205508269372
Italy,2016,0.903421436257263
Italy,2015,0.901296423367096
Italy,2014,0.752728196932603
Italy,2013,0.752945122701996
Italy,2012,0.778338120416812
Italy,2011,0.718413898653317
Italy,2010,0.754308990105961
Italy,2009,0.716957702016136
Italy,2008,0.679922680042729
Italy,2007,0.729672399984083
Italy,2006,0.796432730949102
Italy,2005,0.803800192161442
Italy,2004,0.803921647747618
Italy,2003,0.88404792718493
Italy,2002,1.05755899623965
Italy,2001,1.11653308564462
Italy,2000,1.08270508132602
Italy,1999,0.938283072395283
Italy,1998,1736.20738333333
Italy,1997,1703.09690833333
Italy,1996,1542.94696666667
Italy,1995,1628.93315833333
Italy,1994,1612.44498333333
Italy,1993,1573.66586666667
Italy,1992,1232.40583333333
Italy,1991,1240.61333333333
Italy,1990,1198.10166666667
Italy,1989,1372.09333333333
Italy,1988,1301.6275
Italy,1987,1296.07
Italy,1986,1490.80999999875
Italy,1985,1909.439166664
Italy,1984,1756.96083333183
Italy,1983,1518.84833333283
Italy,1982,1352.50999999808
Italy,1981,1136.76499999958
Italy,1980,856.447499997417
Italy,1979,830.861666665917
Italy,1978,848.663333330917
Italy,1977,882.38833333125
Italy,1976,832.334999999667
Italy,1975,652.849166666
Italy,1974,650.343333331833
Italy,1973,582.995833331917
Italy,1972,583.217499999417
Italy,1971,620.359289297562
Italy,1970,625.000000625
Italy,1969,625.000000625
Italy,1968,625.000000625
Italy,1967,625.000000625
Italy,1966,625.000000625
Italy,1965,625.000000625
Italy,1964,625.000000625
Italy,1963,625.000000625
Italy,1962,625.000000625
Italy,1961,625.000000625
Italy,1960,623.98633587256
Jamaica,2023,154.158779031722
Jamaica,2022,153.426816475659
Jamaica,2021,150.790105943026
Jamaica,2020,142.402832756013
Jamaica,2019,133.31211833796
Jamaica,2018,128.87151906466
Jamaica,2017,127.964544179198
Jamaica,2016,125.095034603174
Jamaica,2015,116.969776646049
Jamaica,2014,110.934527811188
Jamaica,2013,100.39788320358
Jamaica,2012,88.7498023876452
Jamaica,2011,85.8934632022765
Jamaica,2010,87.1961463300915
Jamaica,2009,87.8941198106535
Jamaica,2008,72.7562034061521
Jamaica,2007,69.1921618494152
Jamaica,2006,65.7438575396826
Jamaica,2005,62.2807149440837
Jamaica,2004,61.1972
Jamaica,2003,57.74087375
Jamaica,2002,48.4159416666667
Jamaica,2001,45.99625
Jamaica,2000,42.9857
Jamaica,1999,39.0435166666667
Jamaica,1998,36.55
Jamaica,1997,35.4044666666667
Jamaica,1996,37.1195583333333
Jamaica,1995,35.1421166666667
Jamaica,1994,33.0859333333333
Jamaica,1993,24.94855
Jamaica,1992,22.96035
Jamaica,1991,12.115875
Jamaica,1990,7.184025
Jamaica,1989,5.74464166666667
Jamaica,1988,5.48855416666667
Jamaica,1987,5.48666666666667
Jamaica,1986,5.47783333325
Jamaica,1985,5.55855833316667
Jamaica,1984,3.94280416641667
Jamaica,1983,1.932217499
Jamaica,1982,1.781419999
Jamaica,1981,1.781419999
Jamaica,1980,1.781419999
Jamaica,1979,1.76477833266667
Jamaica,1978,1.41325833308333
Jamaica,1977,0.90909
Jamaica,1976,0.90909
Jamaica,1975,0.90909
Jamaica,1974,0.90909
Jamaica,1973,0.90909
Jamaica,1972,0.76746
Jamaica,1971,0.832801749902778
Jamaica,1970,0.833332999833333
Jamaica,1969,0.833333749833334
Jamaica,1968,0.833333999833334
Jamaica,1967,0.724206999545635
Jamaica,1966,0.714285999571429
Jamaica,1965,0.714285999571429
Jamaica,1964,0.714285999571429
Jamaica,1963,0.714285999571429
Jamaica,1962,0.714285999571429
Jamaica,1961,0.714285999571429
Jamaica,1960,0.714285999571429
Japan,2023,140.49110006234
Japan,2022,131.498140443764
Japan,2021,109.754323839417
Japan,2020,106.774582262437
Japan,2019,109.009665900863
Japan,2018,110.42317934106
Japan,2017,112.166141081871
Japan,2016,108.792900046834
Japan,2015,121.044025684011
Japan,2014,105.944781034025
Japan,2013,97.5956582776385
Japan,2012,79.7904554170065
Japan,2011,79.8070198321892
Japan,2010,87.779875
Japan,2009,93.5700890870456
Japan,2008,103.359493968254
Japan,2007,117.753529166667
Japan,2006,116.299311666667
Japan,2005,110.218211666667
Japan,2004,108.192569166667
Japan,2003,115.933464166667
Japan,2002,125.388019166667
Japan,2001,121.5289475
Japan,2000,107.765498333333
Japan,1999,113.906805
Japan,1998,130.905300666667
Japan,1997,120.9908625
Japan,1996,108.779056666667
Japan,1995,94.0595791666667
Japan,1994,102.207805833333
Japan,1993,111.197785833333
Japan,1992,126.651333333333
Japan,1991,134.706666666667
Japan,1990,144.7925
Japan,1989,137.964416666667
Japan,1988,128.151666666667
Japan,1987,144.6375
Japan,1986,168.519833333083
Japan,1985,238.53583333275
Japan,1984,237.522499999333
Japan,1983,237.511666666083
Japan,1982,249.076666665833
Japan,1981,220.53583333275
Japan,1980,226.740833332833
Japan,1979,219.139999999333
Japan,1978,210.441666666
Japan,1977,268.509999999333
Japan,1976,296.552499999167
Japan,1975,296.787499999167
Japan,1974,292.08249999925
Japan,1973,271.701666666083
Japan,1972,303.172499999
Japan,1971,350.677693533362
Japan,1970,360.000000359
Japan,1969,360.000000359
Japan,1968,360.000000359
Japan,1967,360.000000359
Japan,1966,360.000000359
Japan,1965,360.000000359
Japan,1964,360.000000359
Japan,1963,360.000000359
Japan,1962,360.000000359
Japan,1961,360.000000359
Japan,1960,360.000000359
Jordan,2023,0.71
Jordan,2022,0.71
Jordan,2021,0.71
Jordan,2020,0.71
Jordan,2019,0.71
Jordan,2018,0.71
Jordan,2017,0.71
Jordan,2016,0.71
Jordan,2015,0.71
Jordan,2014,0.71
Jordan,2013,0.71
Jordan,2012,0.71
Jordan,2011,0.71
Jordan,2010,0.71
Jordan,2009,0.71
Jordan,2008,0.70966655
Jordan,2007,0.708999766666667
Jordan,2006,0.709
Jordan,2005,0.709
Jordan,2004,0.709
Jordan,2003,0.709
Jordan,2002,0.708999833333333
Jordan,2001,0.708983174066667
Jordan,2000,0.709
Jordan,1999,0.709
Jordan,1998,0.709
Jordan,1997,0.709
Jordan,1996,0.709
Jordan,1995,0.7003775
Jordan,1994,0.698764166666667
Jordan,1993,0.692850833333333
Jordan,1992,0.679818333333333
Jordan,1991,0.680865833333333
Jordan,1990,0.663711666666667
Jordan,1989,0.574575833333333
Jordan,1988,0.3742925
Jordan,1987,0.33845875
Jordan,1986,0.349965833166667
Jordan,1985,0.39462499975
Jordan,1984,0.384464999416667
Jordan,1983,0.363079165666667
Jordan,1982,0.352491665666667
Jordan,1981,0.330433332333333
Jordan,1980,0.297924999
Jordan,1979,0.300333332333333
Jordan,1978,0.305624999
Jordan,1977,0.329266665666667
Jordan,1976,0.331983332333333
Jordan,1975,0.319791665666667
Jordan,1974,0.322091665666667
Jordan,1973,0.32857086795213
Jordan,1972,0.35714325128915
Jordan,1971,0.357142999327381
Jordan,1970,0.357142999357143
Jordan,1969,0.357142999357143
Jordan,1968,0.357142999357143
Jordan,1967,0.357142999357143
Jordan,1966,0.357142999357143
Jordan,1965,0.357142999357143
Jordan,1964,0.357142999357143
Jordan,1963,0.357142999357143
Jordan,1962,0.357142999357143
Jordan,1961,0.357142999357143
Jordan,1960,0.357142999357143
Kazakhstan,2023,456.165
Kazakhstan,2022,460.165
Kazakhstan,2021,425.9075
Kazakhstan,2020,412.953333333333
Kazakhstan,2019,382.747310606061
Kazakhstan,2018,344.705833333333
Kazakhstan,2017,326.001022727273
Kazakhstan,2016,342.16
Kazakhstan,2015,221.728333333333
Kazakhstan,2014,179.191666666667
Kazakhstan,2013,152.129166666667
Kazakhstan,2012,149.1125
Kazakhstan,2011,146.620833333333
Kazakhstan,2010,147.355
Kazakhstan,2009,147.496666666667
Kazakhstan,2008,120.299166666667
Kazakhstan,2007,122.554166666667
Kazakhstan,2006,126.089430555555
Kazakhstan,2005,132.88
Kazakhstan,2004,136.035
Kazakhstan,2003,149.575833333333
Kazakhstan,2002,153.279166666667
Kazakhstan,2001,146.735833333333
Kazakhstan,2000,142.133333333333
Kazakhstan,1999,119.523333333333
Kazakhstan,1998,78.3033333333333
Kazakhstan,1997,75.4375
Kazakhstan,1996,67.3033333333333
Kazakhstan,1995,60.95
Kazakhstan,1994,35.5383333333333
Kazakhstan,1993,
Kazakhstan,1992,
Kazakhstan,1991,
Kazakhstan,1990,
Kazakhstan,1989,
Kazakhstan,1988,
Kazakhstan,1987,
Kazakhstan,1986,
Kazakhstan,1985,
Kazakhstan,1984,
Kazakhstan,1983,
Kazakhstan,1982,
Kazakhstan,1981,
Kazakhstan,1980,
Kazakhstan,1979,
Kazakhstan,1978,
Kazakhstan,1977,
Kazakhstan,1976,
Kazakhstan,1975,
Kazakhstan,1974,
Kazakhstan,1973,
Kazakhstan,1972,
Kazakhstan,1971,
Kazakhstan,1970,
Kazakhstan,1969,
Kazakhstan,1968,
Kazakhstan,1967,
Kazakhstan,1966,
Kazakhstan,1965,
Kazakhstan,1964,
Kazakhstan,1963,
Kazakhstan,1962,
Kazakhstan,1961,
Kazakhstan,1960,
Kenya,2023,139.846383759617
Kenya,2022,117.865989201682
Kenya,2021,109.637746592367
Kenya,2020,106.450780158517
Kenya,2019,101.99129838935
Kenya,2018,101.301574049018
Kenya,2017,103.410004519014
Kenya,2016,101.504369498594
Kenya,2015,98.1784533265271
Kenya,2014,87.9221638089727
Kenya,2013,86.1228788982654
Kenya,2012,84.5296017573529
Kenya,2011,88.8107699710456
Kenya,2010,79.2331517045454
Kenya,2009,77.352012297579
Kenya,2008,69.175319816226
Kenya,2007,67.3176381242857
Kenya,2006,72.1008350178622
Kenya,2005,75.5541094514311
Kenya,2004,79.1738760642135
Kenya,2003,75.9355694444445
Kenya,2002,78.7491416666667
Kenya,2001,78.563195
Kenya,2000,76.1755416666667
Kenya,1999,70.3262166666667
Kenya,1998,60.3667
Kenya,1997,58.7318416666667
Kenya,1996,57.1148666666667
Kenya,1995,51.4298333333333
Kenya,1994,56.050575
Kenya,1993,58.0013333333333
Kenya,1992,32.2168333333333
Kenya,1991,27.5078666666667
Kenya,1990,22.9147666666667
Kenya,1989,20.5724666666667
Kenya,1988,17.7471
Kenya,1987,16.4544916666667
Kenya,1986,16.2257416665
Kenya,1985,16.4321166665
Kenya,1984,14.4138749994167
Kenya,1983,13.3115166659167
Kenya,1982,10.9223249994167
Kenya,1981,9.04749833258333
Kenya,1980,7.420187499
Kenya,1979,7.47530916566667
Kenya,1978,7.72938333233334
Kenya,1977,8.27656083241667
Kenya,1976,8.36714499916667
Kenya,1975,7.34319333233333
Kenya,1974,7.142859999
Kenya,1973,7.00119166566667
Kenya,1972,7.142859999
Kenya,1971,7.1428599977626
Kenya,1970,7.14286000614286
Kenya,1969,7.14286000614286
Kenya,1968,7.14286000614286
Kenya,1967,7.14286000614286
Kenya,1966,7.14286000614286
Kenya,1965,7.14286000614286
Kenya,1964,7.14286000614286
Kenya,1963,7.14286000614286
Kenya,1962,7.14286000614286
Kenya,1961,7.14286000614286
Kenya,1960,7.14286000614286
Kiribati,2023,1.50519106560508
Kiribati,2022,1.44166445896522
Kiribati,2021,1.33122425957081
Kiribati,2020,1.45308511847016
Kiribati,2019,1.43850654421382
Kiribati,2018,1.33841214646451
Kiribati,2017,1.30475807671592
Kiribati,2016,1.34521397601947
Kiribati,2015,1.33109026245502
Kiribati,2014,1.10936329281692
Kiribati,2013,1.03584309652054
Kiribati,2012,0.965801030658708
Kiribati,2011,0.969463201496735
Kiribati,2010,1.09015948638677
Kiribati,2009,1.28218881008452
Kiribati,2008,1.19217833333333
Kiribati,2007,1.1950725
Kiribati,2006,1.3279734405
Kiribati,2005,1.30947333333333
Kiribati,2004,1.3597525
Kiribati,2003,1.54191416666667
Kiribati,2002,1.8405625
Kiribati,2001,1.9334425
Kiribati,2000,1.72482666666667
Kiribati,1999,1.54995
Kiribati,1998,1.59182833333333
Kiribati,1997,1.34738
Kiribati,1996,1.27786333333333
Kiribati,1995,1.3490325
Kiribati,1994,1.36775083333333
Kiribati,1993,1.47056
Kiribati,1992,1.36164833333333
Kiribati,1991,1.28375583333333
Kiribati,1990,1.28105666666667
Kiribati,1989,1.26459666666667
Kiribati,1988,1.27990833333333
Kiribati,1987,1.42818
Kiribati,1986,1.49597416641667
Kiribati,1985,1.4318949995
Kiribati,1984,1.13951916591667
Kiribati,1983,1.11001499916667
Kiribati,1982,0.985862832333333
Kiribati,1981,0.870214582333333
Kiribati,1980,0.878244332333333
Kiribati,1979,0.894640915666667
Kiribati,1978,0.873659249
Kiribati,1977,0.901824999
Kiribati,1976,0.818284082333333
Kiribati,1975,0.763871249
Kiribati,1974,0.696665868638096
Kiribati,1973,0.704113907966658
Kiribati,1972,0.838697807262207
Kiribati,1971,0.882670259295548
Kiribati,1970,0.892856999892857
Kiribati,1969,0.892856999892857
Kiribati,1968,0.892856999892857
Kiribati,1967,0.892856999892857
Kiribati,1966,0.892856999892857
Kiribati,1965,0.892856999892857
Kiribati,1964,0.892856999892857
Kiribati,1963,0.892856999892857
Kiribati,1962,0.892856999892857
Kiribati,1961,0.892856999892857
Kiribati,1960,0.892856999892857
"Korea, Dem. People's Rep.",2023,
"Korea, Dem. People's Rep.",2022,
"Korea, Dem. People's Rep.",2021,
"Korea, Dem. People's Rep.",2020,
"Korea, Dem. People's Rep.",2019,
"Korea, Dem. People's Rep.",2018,
"Korea, Dem. People's Rep.",2017,
"Korea, Dem. People's Rep.",2016,
"Korea, Dem. People's Rep.",2015,
"Korea, Dem. People's Rep.",2014,
"Korea, Dem. People's Rep.",2013,
"Korea, Dem. People's Rep.",2012,
"Korea, Dem. People's Rep.",2011,
"Korea, Dem. People's Rep.",2010,
"Korea, Dem. People's Rep.",2009,
"Korea, Dem. People's Rep.",2008,
"Korea, Dem. People's Rep.",2007,
"Korea, Dem. People's Rep.",2006,
"Korea, Dem. People's Rep.",2005,
"Korea, Dem. People's Rep.",2004,
"Korea, Dem. People's Rep.",2003,
"Korea, Dem. People's Rep.",2002,
"Korea, Dem. People's Rep.",2001,
"Korea, Dem. People's Rep.",2000,
"Korea, Dem. People's Rep.",1999,
"Korea, Dem. People's Rep.",1998,
"Korea, Dem. People's Rep.",1997,
"Korea, Dem. People's Rep.",1996,
"Korea, Dem. People's Rep.",1995,
"Korea, Dem. People's Rep.",1994,
"Korea, Dem. People's Rep.",1993,
"Korea, Dem. People's Rep.",1992,
"Korea, Dem. People's Rep.",1991,
"Korea, Dem. People's Rep.",1990,
"Korea, Dem. People's Rep.",1989,
"Korea, Dem. People's Rep.",1988,
"Korea, Dem. People's Rep.",1987,
"Korea, Dem. People's Rep.",1986,
"Korea, Dem. People's Rep.",1985,
"Korea, Dem. People's Rep.",1984,
"Korea, Dem. People's Rep.",1983,
"Korea, Dem. People's Rep.",1982,
"Korea, Dem. People's Rep.",1981,
"Korea, Dem. People's Rep.",1980,
"Korea, Dem. People's Rep.",1979,
"Korea, Dem. People's Rep.",1978,
"Korea, Dem. People's Rep.",1977,
"Korea, Dem. People's Rep.",1976,
"Korea, Dem. People's Rep.",1975,
"Korea, Dem. People's Rep.",1974,
"Korea, Dem. People's Rep.",1973,
"Korea, Dem. People's Rep.",1972,
"Korea, Dem. People's Rep.",1971,
"Korea, Dem. People's Rep.",1970,
"Korea, Dem. People's Rep.",1969,
"Korea, Dem. People's Rep.",1968,
"Korea, Dem. People's Rep.",1967,
"Korea, Dem. People's Rep.",1966,
"Korea, Dem. People's Rep.",1965,
"Korea, Dem. People's Rep.",1964,
"Korea, Dem. People's Rep.",1963,
"Korea, Dem. People's Rep.",1962,
"Korea, Dem. People's Rep.",1961,
"Korea, Dem. People's Rep.",1960,
"Korea, Rep.",2023,1305.6625
"Korea, Rep.",2022,1291.44666666667
"Korea, Rep.",2021,1143.95166666667
"Korea, Rep.",2020,1180.26583333333
"Korea, Rep.",2019,1165.3575
"Korea, Rep.",2018,1100.16333333333
"Korea, Rep.",2017,1131.00083333333
"Korea, Rep.",2016,1160.7675
"Korea, Rep.",2015,1130.9525
"Korea, Rep.",2014,1052.84
"Korea, Rep.",2013,1094.9825
"Korea, Rep.",2012,1126.80666666667
"Korea, Rep.",2011,1108.23333333333
"Korea, Rep.",2010,1156.46
"Korea, Rep.",2009,1277.24583333333
"Korea, Rep.",2008,1100.12583333333
"Korea, Rep.",2007,929.375833333333
"Korea, Rep.",2006,955.340833333333
"Korea, Rep.",2005,1024.32833333333
"Korea, Rep.",2004,1146.24916666667
"Korea, Rep.",2003,1191.64583333333
"Korea, Rep.",2002,1251.6025
"Korea, Rep.",2001,1290.79
"Korea, Rep.",2000,1130.3625
"Korea, Rep.",1999,1189.43916666667
"Korea, Rep.",1998,1403.18333333333
"Korea, Rep.",1997,949.89
"Korea, Rep.",1996,804.4575
"Korea, Rep.",1995,771.254166666667
"Korea, Rep.",1994,803.771666666667
"Korea, Rep.",1993,802.538333333333
"Korea, Rep.",1992,780.670833333333
"Korea, Rep.",1991,733.329166666667
"Korea, Rep.",1990,707.765833333333
"Korea, Rep.",1989,671.455833333333
"Korea, Rep.",1988,731.463333333333
"Korea, Rep.",1987,822.564166666667
"Korea, Rep.",1986,881.455833333333
"Korea, Rep.",1985,870.02
"Korea, Rep.",1984,805.970833333334
"Korea, Rep.",1983,775.748333333333
"Korea, Rep.",1982,731.1675
"Korea, Rep.",1981,681.028333333333
"Korea, Rep.",1980,607.716666666666
"Korea, Rep.",1979,484.0
"Korea, Rep.",1978,484.0
"Korea, Rep.",1977,484.0
"Korea, Rep.",1976,484.0
"Korea, Rep.",1975,484.0
"Korea, Rep.",1974,404.4725
"Korea, Rep.",1973,398.321666666666
"Korea, Rep.",1972,392.894166666666
"Korea, Rep.",1971,347.1475
"Korea, Rep.",1970,310.555833333333
"Korea, Rep.",1969,288.241666666667
"Korea, Rep.",1968,276.643333333333
"Korea, Rep.",1967,270.511666666667
"Korea, Rep.",1966,271.134166666667
"Korea, Rep.",1965,266.27
"Korea, Rep.",1964,213.846666666667
"Korea, Rep.",1963,130.0
"Korea, Rep.",1962,130.0
"Korea, Rep.",1961,124.791666666667
"Korea, Rep.",1960,63.125
Kosovo,2023,0.924709622987356
Kosovo,2022,0.950915533962108
Kosovo,2021,0.845376564367945
Kosovo,2020,0.877475207233012
Kosovo,2019,0.893215581479226
Kosovo,2018,0.846772667108096
Kosovo,2017,0.88520550826938
Kosovo,2016,0.903421436257288
Kosovo,2015,0.901296423367096
Kosovo,2014,0.752728196932591
Kosovo,2013,0.752945122702002
Kosovo,2012,0.778338120416812
Kosovo,2011,0.718413898653322
Kosovo,2010,0.754308990105979
Kosovo,2009,0.716957702016136
Kosovo,2008,0.679922680042729
Kosovo,2007,0.729672399984088
Kosovo,2006,0.796432730949096
Kosovo,2005,0.803800192161416
Kosovo,2004,0.803921647747605
Kosovo,2003,0.884047927184961
Kosovo,2002,1.05755899623965
Kosovo,2001,
Kosovo,2000,
Kosovo,1999,
Kosovo,1998,
Kosovo,1997,
Kosovo,1996,
Kosovo,1995,
Kosovo,1994,
Kosovo,1993,
Kosovo,1992,
Kosovo,1991,
Kosovo,1990,
Kosovo,1989,
Kosovo,1988,
Kosovo,1987,
Kosovo,1986,
Kosovo,1985,
Kosovo,1984,
Kosovo,1983,
Kosovo,1982,
Kosovo,1981,
Kosovo,1980,
Kosovo,1979,
Kosovo,1978,
Kosovo,1977,
Kosovo,1976,
Kosovo,1975,
Kosovo,1974,
Kosovo,1973,
Kosovo,1972,
Kosovo,1971,
Kosovo,1970,
Kosovo,1969,
Kosovo,1968,
Kosovo,1967,
Kosovo,1966,
Kosovo,1965,
Kosovo,1964,
Kosovo,1963,
Kosovo,1962,
Kosovo,1961,
Kosovo,1960,
Kuwait,2023,0.30718535125088
Kuwait,2022,0.306250154417753
Kuwait,2021,0.301643110769949
Kuwait,2020,0.306233121756716
Kuwait,2019,0.303611163035755
Kuwait,2018,0.301956493524177
Kuwait,2017,0.303349758333333
Kuwait,2016,0.302137441178496
Kuwait,2015,0.300852025
Kuwait,2014,0.284567141666667
Kuwait,2013,0.283589441666667
Kuwait,2012,0.279935558333333
Kuwait,2011,0.275978944444444
Kuwait,2010,0.286606591666667
Kuwait,2009,0.287785416666667
Kuwait,2008,0.268828366666667
Kuwait,2007,0.284213958333333
Kuwait,2006,0.290176225
Kuwait,2005,0.292
Kuwait,2004,0.2947
Kuwait,2003,0.298011521083333
Kuwait,2002,0.303914251666667
Kuwait,2001,0.306681666666667
Kuwait,2000,0.306751583333333
Kuwait,1999,0.304414666666667
Kuwait,1998,0.30475564
Kuwait,1997,0.303348835
Kuwait,1996,0.299408563333333
Kuwait,1995,0.298447720833333
Kuwait,1994,0.296870315
Kuwait,1993,0.3018386
Kuwait,1992,0.293222666666667
Kuwait,1991,0.284268576951504
Kuwait,1990,0.288455
Kuwait,1989,0.293779416666667
Kuwait,1988,0.27902925
Kuwait,1987,0.27866325
Kuwait,1986,0.290594666583333
Kuwait,1985,0.300753249916667
Kuwait,1984,0.296061916166667
Kuwait,1983,0.291476665666667
Kuwait,1982,0.287910999
Kuwait,1981,0.278785332333333
Kuwait,1980,0.270297415666667
Kuwait,1979,0.276366082333333
Kuwait,1978,0.275052749
Kuwait,1977,0.286565999
Kuwait,1976,0.292387415666667
Kuwait,1975,0.290032332333333
Kuwait,1974,0.293151415666667
Kuwait,1973,0.296572315572002
Kuwait,1972,0.328948797864023
Kuwait,1971,0.356097713860093
Kuwait,1970,0.357142999357143
Kuwait,1969,0.357142999357143
Kuwait,1968,0.357142999357143
Kuwait,1967,0.357142999357143
Kuwait,1966,0.357142999357143
Kuwait,1965,0.357142999357143
Kuwait,1964,0.357142999357143
Kuwait,1963,0.357142999357143
Kuwait,1962,0.357142999357143
Kuwait,1961,0.357142999357143
Kuwait,1960,0.357142999357143
Kyrgyz Republic,2023,87.8561255862776
Kyrgyz Republic,2022,84.1162225704045
Kyrgyz Republic,2021,84.6408220065285
Kyrgyz Republic,2020,77.3461127039303
Kyrgyz Republic,2019,69.7893491807476
Kyrgyz Republic,2018,68.840320327701
Kyrgyz Republic,2017,68.866667859063
Kyrgyz Republic,2016,69.9140658252997
Kyrgyz Republic,2015,64.4621082725294
Kyrgyz Republic,2014,53.654058312852
Kyrgyz Republic,2013,48.4380590087726
Kyrgyz Republic,2012,47.0044791422568
Kyrgyz Republic,2011,46.1439013172043
Kyrgyz Republic,2010,45.9642614008139
Kyrgyz Republic,2009,42.9041083333333
Kyrgyz Republic,2008,36.5745916666667
Kyrgyz Republic,2007,37.3162568055556
Kyrgyz Republic,2006,40.1528999454205
Kyrgyz Republic,2005,41.0118205059348
Kyrgyz Republic,2004,42.6499416666667
Kyrgyz Republic,2003,43.648375
Kyrgyz Republic,2002,46.9370666666667
Kyrgyz Republic,2001,48.3779583333333
Kyrgyz Republic,2000,47.7038333333333
Kyrgyz Republic,1999,39.0077333333333
Kyrgyz Republic,1998,20.8375666666667
Kyrgyz Republic,1997,17.3624916666667
Kyrgyz Republic,1996,12.8095583333333
Kyrgyz Republic,1995,10.8218833333333
Kyrgyz Republic,1994,10.8416833333333
Kyrgyz Republic,1993,
Kyrgyz Republic,1992,
Kyrgyz Republic,1991,
Kyrgyz Republic,1990,
Kyrgyz Republic,1989,
Kyrgyz Republic,1988,
Kyrgyz Republic,1987,
Kyrgyz Republic,1986,
Kyrgyz Republic,1985,
Kyrgyz Republic,1984,
Kyrgyz Republic,1983,
Kyrgyz Republic,1982,
Kyrgyz Republic,1981,
Kyrgyz Republic,1980,
Kyrgyz Republic,1979,
Kyrgyz Republic,1978,
Kyrgyz Republic,1977,
Kyrgyz Republic,1976,
Kyrgyz Republic,1975,
Kyrgyz Republic,1974,
Kyrgyz Republic,1973,
Kyrgyz Republic,1972,
Kyrgyz Republic,1971,
Kyrgyz Republic,1970,
Kyrgyz Republic,1969,
Kyrgyz Republic,1968,
Kyrgyz Republic,1967,
Kyrgyz Republic,1966,
Kyrgyz Republic,1965,
Kyrgyz Republic,1964,
Kyrgyz Republic,1963,
Kyrgyz Republic,1962,
Kyrgyz Republic,1961,
Kyrgyz Republic,1960,
Lao PDR,2023,17688.8735909054
Lao PDR,2022,14035.2266926511
Lao PDR,2021,9697.91578947368
Lao PDR,2020,9045.78783382479
Lao PDR,2019,8679.40909309671
Lao PDR,2018,8401.33476613966
Lao PDR,2017,8244.84318921019
Lao PDR,2016,8124.36675616228
Lao PDR,2015,8127.61059846586
Lao PDR,2014,8042.42157002354
Lao PDR,2013,7833.22998982965
Lao PDR,2012,8006.58203188054
Lao PDR,2011,8029.2625550619
Lao PDR,2010,8254.16302973342
Lao PDR,2009,8511.35116305693
Lao PDR,2008,8740.18140302543
Lao PDR,2007,9602.72881820274
Lao PDR,2006,10153.6240754273
Lao PDR,2005,10655.1666666667
Lao PDR,2004,10585.375
Lao PDR,2003,10569.0375
Lao PDR,2002,10056.3333333333
Lao PDR,2001,8954.58333333333
Lao PDR,2000,7887.64333333333
Lao PDR,1999,7102.025
Lao PDR,1998,3298.33333333333
Lao PDR,1997,1259.97916666667
Lao PDR,1996,921.021666666667
Lao PDR,1995,804.690820071722
Lao PDR,1994,717.666647496299
Lao PDR,1993,716.249980867475
Lao PDR,1992,716.08331420526
Lao PDR,1991,702.083314579229
Lao PDR,1990,707.749981094527
Lao PDR,1989,591.499984199806
Lao PDR,1988,400.374989305152
Lao PDR,1987,187.499994991486
Lao PDR,1986,94.9999974623527
Lao PDR,1985,54.9999985308358
Lao PDR,1984,34.9999990650773
Lao PDR,1983,34.9999990650773
Lao PDR,1982,34.9999990650773
Lao PDR,1981,21.666666087905
Lao PDR,1980,9.99999973287923
Lao PDR,1979,367.499990183312
Lao PDR,1978,333.333324429308
Lao PDR,1977,199.999994657585
Lao PDR,1976,429.167267947816
Lao PDR,1975,725.001402202333
Lao PDR,1974,600.00116044331
Lao PDR,1973,600.00116044331
Lao PDR,1972,510.000986376814
Lao PDR,1971,240.000464177324
Lao PDR,1970,240.000464177324
Lao PDR,1969,240.000464177324
Lao PDR,1968,240.000464177324
Lao PDR,1967,240.000464177324
Lao PDR,1966,240.000464177324
Lao PDR,1965,240.000464177324
Lao PDR,1964,240.000464177324
Lao PDR,1963,80.0001547257747
Lao PDR,1962,80.0001547257747
Lao PDR,1961,80.0001547257747
Lao PDR,1960,80.0001547257747
Latvia,2023,0.924839558470698
Latvia,2022,0.949623753156941
Latvia,2021,0.84549413889045
Latvia,2020,0.875506396987998
Latvia,2019,0.893276257067409
Latvia,2018,0.846772667108111
Latvia,2017,0.885205508269372
Latvia,2016,0.903421436257263
Latvia,2015,0.901296423367096
Latvia,2014,0.752728196932603
Latvia,2013,0.529391666666667
Latvia,2012,0.546875
Latvia,2011,0.501233333333333
Latvia,2010,0.530475
Latvia,2009,0.50555
Latvia,2008,0.480816666666667
Latvia,2007,0.513791666666667
Latvia,2006,0.560408333333333
Latvia,2005,0.564716666666667
Latvia,2004,0.540233333333333
Latvia,2003,0.571475
Latvia,2002,0.618191666666667
Latvia,2001,0.627916666666667
Latvia,2000,0.6065
Latvia,1999,0.585166666666667
Latvia,1998,0.589833333333333
Latvia,1997,0.580916666666667
Latvia,1996,0.55075
Latvia,1995,0.527583333333333
Latvia,1994,0.55975
Latvia,1993,0.675333333333333
Latvia,1992,0.736466666666666
Latvia,1991,
Latvia,1990,
Latvia,1989,
Latvia,1988,
Latvia,1987,
Latvia,1986,
Latvia,1985,
Latvia,1984,
Latvia,1983,
Latvia,1982,
Latvia,1981,
Latvia,1980,
Latvia,1979,
Latvia,1978,
Latvia,1977,
Latvia,1976,
Latvia,1975,
Latvia,1974,
Latvia,1973,
Latvia,1972,
Latvia,1971,
Latvia,1970,
Latvia,1969,
Latvia,1968,
Latvia,1967,
Latvia,1966,
Latvia,1965,
Latvia,1964,
Latvia,1963,
Latvia,1962,
Latvia,1961,
Latvia,1960,
Lebanon,2023,
Lebanon,2022,1507.5
Lebanon,2021,1507.5
Lebanon,2020,1507.5
Lebanon,2019,1507.5
Lebanon,2018,1507.5
Lebanon,2017,1507.5
Lebanon,2016,1507.5
Lebanon,2015,1507.5
Lebanon,2014,1507.5
Lebanon,2013,1507.5
Lebanon,2012,1507.5
Lebanon,2011,1507.5
Lebanon,2010,1507.5
Lebanon,2009,1507.5
Lebanon,2008,1507.5
Lebanon,2007,1507.5
Lebanon,2006,1507.5
Lebanon,2005,1507.5
Lebanon,2004,1507.5
Lebanon,2003,1507.5
Lebanon,2002,1507.5
Lebanon,2001,1507.5
Lebanon,2000,1507.5
Lebanon,1999,1507.5
Lebanon,1998,1516.13166666667
Lebanon,1997,1539.45
Lebanon,1996,1571.44416666667
Lebanon,1995,1621.41333333333
Lebanon,1994,1680.07333333333
Lebanon,1993,1741.36333333333
Lebanon,1992,1712.79083333333
Lebanon,1991,928.2275
Lebanon,1990,695.089166666667
Lebanon,1989,496.689166666667
Lebanon,1988,409.23
Lebanon,1987,224.596333333333
Lebanon,1986,38.3699166665833
Lebanon,1985,16.4170249996667
Lebanon,1984,6.51109166625
Lebanon,1983,4.52816666566667
Lebanon,1982,4.74353333233333
Lebanon,1981,4.313874999
Lebanon,1980,3.43610833233333
Lebanon,1979,3.242749999
Lebanon,1978,2.955374999
Lebanon,1977,3.06895833233333
Lebanon,1976,2.87159166591667
Lebanon,1975,2.30198333241667
Lebanon,1974,2.32775833241667
Lebanon,1973,2.61039999908333
Lebanon,1972,3.05071666566667
Lebanon,1971,3.22773333233333
Lebanon,1970,3.26898333233333
Lebanon,1969,3.25458333233333
Lebanon,1968,3.156824999
Lebanon,1967,3.20451666566667
Lebanon,1966,3.130749999
Lebanon,1965,3.071849999
Lebanon,1964,3.07365833233333
Lebanon,1963,3.09729166566667
Lebanon,1962,3.00904166566667
Lebanon,1961,3.07861666566667
Lebanon,1960,3.169349999
Lesotho,2023,18.4502441785
Lesotho,2022,16.3558534845
Lesotho,2021,14.7786782139167
Lesotho,2020,16.4591053903333
Lesotho,2019,14.4484270548333
Lesotho,2018,13.2339264715833
Lesotho,2017,13.3238014244992
Lesotho,2016,14.7096108855267
Lesotho,2015,12.7589308811644
Lesotho,2014,10.8526555687831
Lesotho,2013,9.65505606913526
Lesotho,2012,8.20996862659331
Lesotho,2011,7.26113213232735
Lesotho,2010,7.32122196115288
Lesotho,2009,8.47367415824888
Lesotho,2008,8.26122333333333
Lesotho,2007,7.045365
Lesotho,2006,6.77154916666667
Lesotho,2005,6.35932833333333
Lesotho,2004,6.4596925
Lesotho,2003,7.56474916666667
Lesotho,2002,10.5407466666667
Lesotho,2001,8.60918083333333
Lesotho,2000,6.93982833333333
Lesotho,1999,6.10948416666667
Lesotho,1998,5.52828416666667
Lesotho,1997,4.60796166666667
Lesotho,1996,4.29934916666667
Lesotho,1995,3.627085
Lesotho,1994,3.55079833333333
Lesotho,1993,3.26774158333333
Lesotho,1992,2.85201416666667
Lesotho,1991,2.761315
Lesotho,1990,2.58732083333333
Lesotho,1989,2.6226775
Lesotho,1988,2.2734675
Lesotho,1987,2.03603333333333
Lesotho,1986,2.28503166641667
Lesotho,1985,2.22867499941667
Lesotho,1984,1.47527749975
Lesotho,1983,1.11409999975
Lesotho,1982,1.08581583308333
Lesotho,1981,0.877578942758154
Lesotho,1980,0.778833737276041
Lesotho,1979,0.842022601934943
Lesotho,1978,0.869565218147448
Lesotho,1977,0.869565218147448
Lesotho,1976,0.869565218147448
Lesotho,1975,0.739507755296336
Lesotho,1974,0.679477003570251
Lesotho,1973,0.693959098021092
Lesotho,1972,0.768725237196027
Lesotho,1971,0.715216916321429
Lesotho,1970,0.714285999714286
Lesotho,1969,0.714285999714286
Lesotho,1968,0.714285999714286
Lesotho,1967,0.714285999714286
Lesotho,1966,0.714285999714286
Lesotho,1965,0.714285999714286
Lesotho,1964,0.714285999714286
Lesotho,1963,0.714285999714286
Lesotho,1962,0.714285999714286
Lesotho,1961,0.714285999714286
Lesotho,1960,0.714285999714286
Liberia,2023,
Liberia,2022,152.933756840022
Liberia,2021,166.153700752442
Liberia,2020,191.517957643463
Liberia,2019,186.429744551072
Liberia,2018,144.055575801282
Liberia,2017,112.706666666667
Liberia,2016,94.4272435897436
Liberia,2015,86.1883665716999
Liberia,2014,83.8925
Liberia,2013,77.52
Liberia,2012,73.5147720797721
Liberia,2011,72.2266666666667
Liberia,2010,71.4033333333333
Liberia,2009,68.2866666666667
Liberia,2008,63.2075
Liberia,2007,61.2722222222222
Liberia,2006,58.0133333333333
Liberia,2005,57.0958333333333
Liberia,2004,54.9058333333333
Liberia,2003,59.3788333333333
Liberia,2002,61.7541666666667
Liberia,2001,48.591908993784
Liberia,2000,40.9025
Liberia,1999,41.9025
Liberia,1998,41.5075
Liberia,1997,50.57
Liberia,1996,46.8375
Liberia,1995,49.8383333333333
Liberia,1994,46.4387280920379
Liberia,1993,46.4387280920379
Liberia,1992,46.4387280920379
Liberia,1991,46.4387280920379
Liberia,1990,46.4387280920379
Liberia,1989,46.4387280920379
Liberia,1988,46.4387280920379
Liberia,1987,46.4387280920379
Liberia,1986,46.4387280920379
Liberia,1985,46.4387280920379
Liberia,1984,46.4387280726884
Liberia,1983,46.4387280455991
Liberia,1982,46.4387280455991
Liberia,1981,46.4387280455991
Liberia,1980,46.4387280455991
Liberia,1979,46.4387280455991
Liberia,1978,46.4387280455991
Liberia,1977,46.4387280455991
Liberia,1976,46.4387280455991
Liberia,1975,46.4387280455991
Liberia,1974,23.7193640227995
Liberia,1973,0.999999999916667
Liberia,1972,1.0
Liberia,1971,0.999999999916667
Liberia,1970,1.0
Liberia,1969,1.0
Liberia,1968,1.0
Liberia,1967,1.0
Liberia,1966,1.0
Liberia,1965,1.0
Liberia,1964,1.0
Liberia,1963,1.0
Liberia,1962,1.0
Liberia,1961,1.0
Liberia,1960,1.0
Libya,2023,4.81288333333334
Libya,2022,4.813175
Libya,2021,4.514425
Libya,2020,1.38866668346465
Libya,2019,1.39826289736928
Libya,2018,1.36496666666667
Libya,2017,1.3938200108235
Libya,2016,1.39036867889833
Libya,2015,1.38120985962103
Libya,2014,1.27240206718888
Libya,2013,1.27169182111774
Libya,2012,1.26165963821484
Libya,2011,1.22415249460346
Libya,2010,1.26678941001316
Libya,2009,1.25353448862568
Libya,2008,1.22356239341867
Libya,2007,1.26264486767833
Libya,2006,1.31357162479067
Libya,2005,1.30838482391592
Libya,2004,1.30496614426767
Libya,2003,1.29294412808415
Libya,2002,1.27067917397333
Libya,2001,0.605064253623333
Libya,2000,0.512189613308333
Libya,1999,0.463810768619975
Libya,1998,0.467574437452601
Libya,1997,0.460866115311545
Libya,1996,0.436799769214902
Libya,1995,0.418144934349807
Libya,1994,0.348368210137774
Libya,1993,0.304370218790316
Libya,1992,0.281553354124583
Libya,1991,0.2807283172785
Libya,1990,0.283177189703
Libya,1989,0.29960165611425
Libya,1988,0.285766198804
Libya,1987,0.29702864435075
Libya,1986,0.315395802539234
Libya,1985,0.296053
Libya,1984,0.296052999583333
Libya,1983,0.296052999083333
Libya,1982,0.296052999
Libya,1981,0.296051749
Libya,1980,0.296050749
Libya,1979,0.296050999
Libya,1978,0.296050999
Libya,1977,0.296050999
Libya,1976,0.296050999
Libya,1975,0.296050999
Libya,1974,0.296050999
Libya,1973,0.300025999
Libya,1972,0.328946999
Libya,1971,0.356325749
Libya,1970,0.357142999
Libya,1969,0.357142999
Libya,1968,0.357142999
Libya,1967,0.357142999
Libya,1966,0.357142999
Libya,1965,0.357142999
Libya,1964,0.357142999
Libya,1963,0.357142999
Libya,1962,0.357142999
Libya,1961,0.357142999
Libya,1960,0.357142999
Liechtenstein,2023,
Liechtenstein,2022,
Liechtenstein,2021,
Liechtenstein,2020,
Liechtenstein,2019,
Liechtenstein,2018,
Liechtenstein,2017,
Liechtenstein,2016,
Liechtenstein,2015,
Liechtenstein,2014,
Liechtenstein,2013,
Liechtenstein,2012,
Liechtenstein,2011,
Liechtenstein,2010,
Liechtenstein,2009,
Liechtenstein,2008,
Liechtenstein,2007,
Liechtenstein,2006,
Liechtenstein,2005,
Liechtenstein,2004,
Liechtenstein,2003,
Liechtenstein,2002,
Liechtenstein,2001,
Liechtenstein,2000,
Liechtenstein,1999,
Liechtenstein,1998,
Liechtenstein,1997,
Liechtenstein,1996,
Liechtenstein,1995,
Liechtenstein,1994,
Liechtenstein,1993,
Liechtenstein,1992,
Liechtenstein,1991,
Liechtenstein,1990,
Liechtenstein,1989,
Liechtenstein,1988,
Liechtenstein,1987,
Liechtenstein,1986,
Liechtenstein,1985,
Liechtenstein,1984,
Liechtenstein,1983,
Liechtenstein,1982,
Liechtenstein,1981,
Liechtenstein,1980,
Liechtenstein,1979,
Liechtenstein,1978,
Liechtenstein,1977,
Liechtenstein,1976,
Liechtenstein,1975,
Liechtenstein,1974,
Liechtenstein,1973,
Liechtenstein,1972,
Liechtenstein,1971,
Liechtenstein,1970,
Liechtenstein,1969,
Liechtenstein,1968,
Liechtenstein,1967,
Liechtenstein,1966,
Liechtenstein,1965,
Liechtenstein,1964,
Liechtenstein,1963,
Liechtenstein,1962,
Liechtenstein,1961,
Liechtenstein,1960,
Lithuania,2023,0.924839558470698
Lithuania,2022,0.949623753156941
Lithuania,2021,0.84549413889045
Lithuania,2020,0.875506396987998
Lithuania,2019,0.893276257067409
Lithuania,2018,0.846772667108111
Lithuania,2017,0.885205508269372
Lithuania,2016,0.903421436257263
Lithuania,2015,0.901296423367096
Lithuania,2014,2.60029166666667
Lithuania,2013,2.60100833333333
Lithuania,2012,2.68629166666667
Lithuania,2011,2.4811
Lithuania,2010,2.60633333333333
Lithuania,2009,2.48403333333333
Lithuania,2008,2.357075
Lithuania,2007,2.523725
Lithuania,2006,2.752225
Lithuania,2005,2.774025
Lithuania,2004,2.78059166666667
Lithuania,2003,3.06086666666667
Lithuania,2002,3.67695833333333
Lithuania,2001,4.0
Lithuania,2000,4.0
Lithuania,1999,4.0
Lithuania,1998,4.0
Lithuania,1997,4.0
Lithuania,1996,4.0
Lithuania,1995,4.0
Lithuania,1994,3.97775
Lithuania,1993,4.34406333333333
Lithuania,1992,1.77275
Lithuania,1991,
Lithuania,1990,
Lithuania,1989,
Lithuania,1988,
Lithuania,1987,
Lithuania,1986,
Lithuania,1985,
Lithuania,1984,
Lithuania,1983,
Lithuania,1982,
Lithuania,1981,
Lithuania,1980,
Lithuania,1979,
Lithuania,1978,
Lithuania,1977,
Lithuania,1976,
Lithuania,1975,
Lithuania,1974,
Lithuania,1973,
Lithuania,1972,
Lithuania,1971,
Lithuania,1970,
Lithuania,1969,
Lithuania,1968,
Lithuania,1967,
Lithuania,1966,
Lithuania,1965,
Lithuania,1964,
Lithuania,1963,
Lithuania,1962,
Lithuania,1961,
Lithuania,1960,
Luxembourg,2023,0.924839558470698
Luxembourg,2022,0.949623753156941
Luxembourg,2021,0.84549413889045
Luxembourg,2020,0.875506396987998
Luxembourg,2019,0.893276257067409
Luxembourg,2018,0.846772667108111
Luxembourg,2017,0.885205508269372
Luxembourg,2016,0.903421436257263
Luxembourg,2015,0.901296423367096
Luxembourg,2014,0.752728196932603
Luxembourg,2013,0.752945122701996
Luxembourg,2012,0.778338120416812
Luxembourg,2011,0.718413898653317
Luxembourg,2010,0.754308990105961
Luxembourg,2009,0.716957702016136
Luxembourg,2008,0.679922680042729
Luxembourg,2007,0.729672399984083
Luxembourg,2006,0.796432730949102
Luxembourg,2005,0.803800192161442
Luxembourg,2004,0.803921647747618
Luxembourg,2003,0.88404792718493
Luxembourg,2002,1.05755899623965
Luxembourg,2001,1.11653308564462
Luxembourg,2000,1.08270508132602
Luxembourg,1999,0.938283072395283
Luxembourg,1998,36.2986408333333
Luxembourg,1997,35.7738908333333
Luxembourg,1996,30.9615133333333
Luxembourg,1995,29.4800166666667
Luxembourg,1994,33.4564975
Luxembourg,1993,34.5965208333333
Luxembourg,1992,32.1495
Luxembourg,1991,34.14825
Luxembourg,1990,33.4179166666667
Luxembourg,1989,39.404
Luxembourg,1988,36.7683333333333
Luxembourg,1987,37.3340833333333
Luxembourg,1986,44.6719166666667
Luxembourg,1985,59.378
Luxembourg,1984,57.7839166664167
Luxembourg,1983,51.1316666658333
Luxembourg,1982,45.6905833323333
Luxembourg,1981,37.1292499991667
Luxembourg,1980,29.24166666575
Luxembourg,1979,29.3186666656667
Luxembourg,1978,31.4920833323333
Luxembourg,1977,35.842749999
Luxembourg,1976,38.6051666656667
Luxembourg,1975,36.7789166656667
Luxembourg,1974,38.951499999
Luxembourg,1973,38.976499999
Luxembourg,1972,44.0145833323333
Luxembourg,1971,49.0569774216899
Luxembourg,1970,50.000000049
Luxembourg,1969,50.000000049
Luxembourg,1968,50.000000049
Luxembourg,1967,50.000000049
Luxembourg,1966,50.000000049
Luxembourg,1965,50.000000049
Luxembourg,1964,50.000000049
Luxembourg,1963,50.000000049
Luxembourg,1962,50.000000049
Luxembourg,1961,50.000000049
Luxembourg,1960,50.000000049
"Macao SAR, China",2023,8.06339008333333
"Macao SAR, China",2022,8.06520608333333
"Macao SAR, China",2021,8.00553175
"Macao SAR, China",2020,7.98906191666666
"Macao SAR, China",2019,8.07047033333333
"Macao SAR, China",2018,8.07250741666667
"Macao SAR, China",2017,8.026001
"Macao SAR, China",2016,7.99506425
"Macao SAR, China",2015,7.98496041666667
"Macao SAR, China",2014,7.987129
"Macao SAR, China",2013,7.98925533333333
"Macao SAR, China",2012,7.9898635
"Macao SAR, China",2011,8.01820833333333
"Macao SAR, China",2010,8.00221666666667
"Macao SAR, China",2009,7.98428333333333
"Macao SAR, China",2008,8.02010991666667
"Macao SAR, China",2007,8.03585391666667
"Macao SAR, China",2006,8.00142616666667
"Macao SAR, China",2005,8.01106458333333
"Macao SAR, China",2004,8.02217108333333
"Macao SAR, China",2003,8.02124116666667
"Macao SAR, China",2002,8.03343333333333
"Macao SAR, China",2001,8.0335
"Macao SAR, China",2000,8.0259
"Macao SAR, China",1999,7.99185
"Macao SAR, China",1998,7.97876666666667
"Macao SAR, China",1997,7.97529166666667
"Macao SAR, China",1996,7.9664
"Macao SAR, China",1995,7.96775833333333
"Macao SAR, China",1994,7.96028333333333
"Macao SAR, China",1993,7.96755
"Macao SAR, China",1992,7.97234166666667
"Macao SAR, China",1991,8.00425
"Macao SAR, China",1990,8.02099166666667
"Macao SAR, China",1989,8.03388333333333
"Macao SAR, China",1988,8.04059166666667
"Macao SAR, China",1987,8.00980833333333
"Macao SAR, China",1986,8.01315833333333
"Macao SAR, China",1985,7.99884166666666
"Macao SAR, China",1984,8.03535
"Macao SAR, China",1983,7.464166666
"Macao SAR, China",1982,6.2258333325
"Macao SAR, China",1981,5.75166666583333
"Macao SAR, China",1980,5.09499999908333
"Macao SAR, China",1979,5.17666666566667
"Macao SAR, China",1978,5.02916666575
"Macao SAR, China",1977,5.57378531
"Macao SAR, China",1976,6.061448986
"Macao SAR, China",1975,5.12643735416667
"Macao SAR, China",1974,5.03976404083333
"Macao SAR, China",1973,4.92875475283333
"Macao SAR, China",1972,5.714561403
"Macao SAR, China",1971,5.94736842066667
"Macao SAR, China",1970,6.05140350825
"Macao SAR, China",1969,6.03614035041667
"Macao SAR, China",1968,6.07157894683333
"Macao SAR, China",1967,6.075789473
"Macao SAR, China",1966,
"Macao SAR, China",1965,
"Macao SAR, China",1964,
"Macao SAR, China",1963,
"Macao SAR, China",1962,
"Macao SAR, China",1961,
"Macao SAR, China",1960,
Madagascar,2023,4429.57921419022
Madagascar,2022,4096.11618374535
Madagascar,2021,3829.97784932976
Madagascar,2020,3787.75405817574
Madagascar,2019,3618.32185816072
Madagascar,2018,3334.75225490196
Madagascar,2017,3116.11
Madagascar,2016,3176.53916666667
Madagascar,2015,2933.50833333333
Madagascar,2014,2414.81166666667
Madagascar,2013,2206.91416666667
Madagascar,2012,2194.96666666667
Madagascar,2011,2025.1175
Madagascar,2010,2089.95
Madagascar,2009,1956.20583333333
Madagascar,2008,1708.37083333333
Madagascar,2007,1873.87666666667
Madagascar,2006,2142.30166666667
Madagascar,2005,2003.02583333333
Madagascar,2004,1868.85783333333
Madagascar,2003,1238.32766666667
Madagascar,2002,1366.39116666667
Madagascar,2001,1317.69883333333
Madagascar,2000,1353.49616666667
Madagascar,1999,1256.755
Madagascar,1998,1088.27966666667
Madagascar,1997,1018.17716666667
Madagascar,1996,812.250333333334
Madagascar,1995,853.126333333333
Madagascar,1994,613.467166666666
Madagascar,1993,382.7565
Madagascar,1992,372.793333333334
Madagascar,1991,367.072
Madagascar,1990,298.829333333333
Madagascar,1989,320.6875
Madagascar,1988,281.421333333333
Madagascar,1987,213.842666666667
Madagascar,1986,135.268166666667
Madagascar,1985,132.4955
Madagascar,1984,115.3285
Madagascar,1983,86.0898333333333
Madagascar,1982,69.9471666641667
Madagascar,1981,54.3460833258333
Madagascar,1980,42.2557499908333
Madagascar,1979,42.5441666608333
Madagascar,1978,45.1309999933333
Madagascar,1977,49.1357499925
Madagascar,1976,47.7899166633333
Madagascar,1975,42.8624166633333
Madagascar,1974,48.14075
Madagascar,1973,44.5776666666667
Madagascar,1972,50.4053333316666
Madagascar,1971,55.4263250500801
Madagascar,1970,55.5419000555419
Madagascar,1969,51.9419750520327
Madagascar,1968,49.3706000495261
Madagascar,1967,49.3706000495261
Madagascar,1966,49.3706000495261
Madagascar,1965,49.3706000495261
Madagascar,1964,49.3706000495261
Madagascar,1963,49.3706000495261
Madagascar,1962,49.3706000495261
Madagascar,1961,49.3706000495261
Madagascar,1960,49.3706000495261
Malawi,2023,1161.09436666667
Malawi,2022,949.039016666667
Malawi,2021,805.899650132837
Malawi,2020,749.527493882201
Malawi,2019,745.540667877372
Malawi,2018,732.333333333333
Malawi,2017,730.2725
Malawi,2016,718.005
Malawi,2015,499.605833333333
Malawi,2014,424.896666666666
Malawi,2013,364.405833333333
Malawi,2012,249.106666666667
Malawi,2011,156.515833333333
Malawi,2010,150.485833333333
Malawi,2009,141.168333333333
Malawi,2008,140.521666666667
Malawi,2007,139.9575
Malawi,2006,136.0125
Malawi,2005,118.42
Malawi,2004,108.897508333333
Malawi,2003,97.432475
Malawi,2002,76.6866083333334
Malawi,2001,72.1973333333333
Malawi,2000,59.5438083333334
Malawi,1999,44.0881416666667
Malawi,1998,31.0726833333333
Malawi,1997,16.444175
Malawi,1996,15.3084666666667
Malawi,1995,15.2837416666667
Malawi,1994,8.736405
Malawi,1993,4.40277833333333
Malawi,1992,3.60327541666667
Malawi,1991,2.8033125
Malawi,1990,2.72888166666667
Malawi,1989,2.75952416666667
Malawi,1988,2.56130083333333
Malawi,1987,2.2087425
Malawi,1986,1.86107333308333
Malawi,1985,1.71909666625
Malawi,1984,1.4133799995
Malawi,1983,1.17476333241667
Malawi,1982,1.05550908241667
Malawi,1981,0.895299082333334
Malawi,1980,0.812095665666667
Malawi,1979,0.816877915666666
Malawi,1978,0.843745082333333
Malawi,1977,0.902928082333334
Malawi,1976,0.913011415666667
Malawi,1975,0.863833499
Malawi,1974,0.841203415666667
Malawi,1973,0.819262165666667
Malawi,1972,0.801557908669424
Malawi,1971,0.83089400256529
Malawi,1970,0.833332999833333
Malawi,1969,0.833332999833333
Malawi,1968,0.833332999833333
Malawi,1967,0.72420586859354
Malawi,1966,0.714285142428914
Malawi,1965,0.714285142428914
Malawi,1964,0.714285142428914
Malawi,1963,0.714285142428914
Malawi,1962,0.714285142428914
Malawi,1961,0.714285142428914
Malawi,1960,0.714285142428914
Malaysia,2023,4.56062343240897
Malaysia,2022,4.40107634540072
Malaysia,2021,4.14329759817721
Malaysia,2020,4.20348194851884
Malaysia,2019,4.14246973569731
Malaysia,2018,4.03513013706806
Malaysia,2017,4.30044087761124
Malaysia,2016,4.14830066287879
Malaysia,2015,3.90550026302768
Malaysia,2014,3.27285974643047
Malaysia,2013,3.15090855009724
Malaysia,2012,3.08880086662188
Malaysia,2011,3.06000301052058
Malaysia,2010,3.22108691472175
Malaysia,2009,3.52450291070644
Malaysia,2008,3.33583333333333
Malaysia,2007,3.43756938226247
Malaysia,2006,3.66817695833333
Malaysia,2005,3.78709166666667
Malaysia,2004,3.8
Malaysia,2003,3.8
Malaysia,2002,3.8
Malaysia,2001,3.8
Malaysia,2000,3.8
Malaysia,1999,3.8
Malaysia,1998,3.924375
Malaysia,1997,2.81319166666667
Malaysia,1996,2.5159425
Malaysia,1995,2.50440416666667
Malaysia,1994,2.62425666666667
Malaysia,1993,2.574095
Malaysia,1992,2.54738333333333
Malaysia,1991,2.75006666666667
Malaysia,1990,2.704875
Malaysia,1989,2.70884166666667
Malaysia,1988,2.61878333333333
Malaysia,1987,2.51963833333333
Malaysia,1986,2.58144166666667
Malaysia,1985,2.48304166666667
Malaysia,1984,2.34364166616667
Malaysia,1983,2.32124999916667
Malaysia,1982,2.33539166583333
Malaysia,1981,2.30412499916667
Malaysia,1980,2.17688333241667
Malaysia,1979,2.18844166591667
Malaysia,1978,2.31604166575
Malaysia,1977,2.46128333241667
Malaysia,1976,2.54157499916667
Malaysia,1975,2.39378333316667
Malaysia,1974,2.40706666591667
Malaysia,1973,2.44332965486198
Malaysia,1972,2.81955586834381
Malaysia,1971,3.05226042980931
Malaysia,1970,3.06122000206122
Malaysia,1969,3.06122000206122
Malaysia,1968,3.06122000206122
Malaysia,1967,3.06122000206122
Malaysia,1966,3.06122000206122
Malaysia,1965,3.06122000206122
Malaysia,1964,3.06122000206122
Malaysia,1963,3.06122000206122
Malaysia,1962,3.06122000206122
Malaysia,1961,3.06122000206122
Malaysia,1960,3.06122000206122
Maldives,2023,15.3867943548387
Maldives,2022,15.386625
Maldives,2021,15.3726984126984
Maldives,2020,15.3812695278705
Maldives,2019,15.3820419226831
Maldives,2018,15.3908372695852
Maldives,2017,15.3869685099846
Maldives,2016,15.3684076818158
Maldives,2015,15.3663312211982
Maldives,2014,15.3803935180893
Maldives,2013,15.3667100302841
Maldives,2012,15.3648353163596
Maldives,2011,14.6020084036964
Maldives,2010,12.8
Maldives,2009,12.8
Maldives,2008,12.8
Maldives,2007,12.8
Maldives,2006,12.8
Maldives,2005,12.8
Maldives,2004,12.8
Maldives,2003,12.8
Maldives,2002,12.8
Maldives,2001,12.2420833333333
Maldives,2000,11.77
Maldives,1999,11.77
Maldives,1998,11.77
Maldives,1997,11.77
Maldives,1996,11.77
Maldives,1995,11.77
Maldives,1994,11.58575
Maldives,1993,10.9569916666667
Maldives,1992,10.5691666666667
Maldives,1991,10.2526666666667
Maldives,1990,9.55174166666667
Maldives,1989,9.04083333333333
Maldives,1988,8.78458333333333
Maldives,1987,9.223
Maldives,1986,7.15073333333333
Maldives,1985,7.09808333333333
Maldives,1984,7.04999999958333
Maldives,1983,7.049999999
Maldives,1982,7.17366666566667
Maldives,1981,7.549999999
Maldives,1980,7.549999999
Maldives,1979,7.48858333233333
Maldives,1978,8.96874999941667
Maldives,1977,8.7667499995
Maldives,1976,8.36466666633333
Maldives,1975,5.76483333233333
Maldives,1974,3.929999999
Maldives,1973,3.98566666566667
Maldives,1972,4.374999999
Maldives,1971,4.73441666566667
Maldives,1970,4.749999999
Maldives,1969,4.749999999
Maldives,1968,4.749999999
Maldives,1967,4.76090833630158
Maldives,1966,4.7619000037619
Maldives,1965,4.7619000037619
Maldives,1964,4.7619000037619
Maldives,1963,4.7619000037619
Maldives,1962,4.7619000037619
Maldives,1961,4.7619000037619
Maldives,1960,4.7619000037619
Mali,2023,606.569750165917
Mali,2022,623.759700911182
Mali,2021,554.530675033104
Mali,2020,575.586004510945
Mali,2019,585.911013180369
Mali,2018,555.446458398226
Mali,2017,580.656749587858
Mali,2016,592.605615063022
Mali,2015,591.21169798261
Mali,2014,493.757329875312
Mali,2013,493.899623852237
Mali,2012,510.556338454251
Mali,2011,471.248625718937
Mali,2010,494.794262222947
Mali,2009,470.293423341398
Mali,2008,446.000041432788
Mali,2007,478.633718476363
Mali,2006,522.425624895176
Mali,2005,527.258362649626
Mali,2004,527.338032291576
Mali,2003,579.897426172466
Mali,2002,693.713226496374
Mali,2001,732.397693260228
Mali,2000,710.207977031367
Mali,1999,615.473349319164
Mali,1998,589.951774567332
Mali,1997,583.669372353396
Mali,1996,511.552430272516
Mali,1995,499.14842590131
Mali,1994,555.204695655697
Mali,1993,283.162579500018
Mali,1992,264.691800750579
Mali,1991,282.10690880882
Mali,1990,272.264787954393
Mali,1989,319.008299487903
Mali,1988,297.848218819378
Mali,1987,300.536562401478
Mali,1986,346.305903554493
Mali,1985,449.262962711607
Mali,1984,436.956665788008
Mali,1983,381.066036024628
Mali,1982,328.60625269899
Mali,1981,271.731452550327
Mali,1980,211.279555414705
Mali,1979,212.721644262377
Mali,1978,225.655860233957
Mali,1977,245.679686566576
Mali,1976,238.950494267059
Mali,1975,214.312900341219
Mali,1974,240.704667637823
Mali,1973,222.889183053227
Mali,1972,252.027627462649
Mali,1971,275.356456685332
Mali,1970,276.403137026845
Mali,1969,259.960574351236
Mali,1968,247.564693756951
Mali,1967,246.000937791281
Mali,1966,245.678436557644
Mali,1965,245.060934207708
Mali,1964,245.027184079042
Mali,1963,245.016350696075
Mali,1962,245.013850686544
Mali,1961,245.26010162116
Mali,1960,245.195101398359
Malta,2023,0.924839558470698
Malta,2022,0.949623753156941
Malta,2021,0.84549413889045
Malta,2020,0.875506396987998
Malta,2019,0.893276257067409
Malta,2018,0.846772667108111
Malta,2017,0.885205508269372
Malta,2016,0.903421436257263
Malta,2015,0.901296423367096
Malta,2014,0.752728196932603
Malta,2013,0.752945122701996
Malta,2012,0.778338120416812
Malta,2011,0.718413898653317
Malta,2010,0.754308990105961
Malta,2009,0.716957702016136
Malta,2008,0.679922680042729
Malta,2007,0.311675
Malta,2006,0.340893885583333
Malta,2005,0.34577739225
Malta,2004,0.344663179985486
Malta,2003,0.377233333333333
Malta,2002,0.43362033825
Malta,2001,0.450041566666667
Malta,2000,0.438149991666667
Malta,1999,0.398898395
Malta,1998,0.388459510833333
Malta,1997,0.385966125
Malta,1996,0.360455868333333
Malta,1995,0.35305875
Malta,1994,0.377921083333333
Malta,1993,0.382289333333333
Malta,1992,0.318923333333333
Malta,1991,0.3232425
Malta,1990,0.31779
Malta,1989,0.3484925
Malta,1988,0.330856666666667
Malta,1987,0.345491666666667
Malta,1986,0.392992499833333
Malta,1985,0.469154999833333
Malta,1984,0.461034165916667
Malta,1983,0.432449165666667
Malta,1982,0.412142499
Malta,1981,0.386700832333333
Malta,1980,0.345426665666667
Malta,1979,0.358469999
Malta,1978,0.385383332333333
Malta,1977,0.422309165666667
Malta,1976,0.425135832333333
Malta,1975,0.384783332333333
Malta,1974,0.385481665666667
Malta,1973,0.368796665666667
Malta,1972,0.381576665666667
Malta,1971,0.407107525940943
Malta,1970,0.416666999416667
Malta,1969,0.416666999416667
Malta,1968,0.416666999416667
Malta,1967,0.362103332665675
Malta,1966,0.357142999357143
Malta,1965,0.357142999357143
Malta,1964,0.357142999357143
Malta,1963,0.357142999357143
Malta,1962,0.357142999357143
Malta,1961,0.357142999357143
Malta,1960,0.357142999357143
Marshall Islands,2023,1.0
Marshall Islands,2022,1.0
Marshall Islands,2021,1.0
Marshall Islands,2020,1.0
Marshall Islands,2019,1.0
Marshall Islands,2018,1.0
Marshall Islands,2017,1.0
Marshall Islands,2016,1.0
Marshall Islands,2015,1.0
Marshall Islands,2014,1.0
Marshall Islands,2013,1.0
Marshall Islands,2012,1.0
Marshall Islands,2011,1.0
Marshall Islands,2010,1.0
Marshall Islands,2009,1.0
Marshall Islands,2008,1.0
Marshall Islands,2007,1.0
Marshall Islands,2006,1.0
Marshall Islands,2005,1.0
Marshall Islands,2004,1.0
Marshall Islands,2003,1.0
Marshall Islands,2002,1.0
Marshall Islands,2001,1.0
Marshall Islands,2000,1.0
Marshall Islands,1999,1.0
Marshall Islands,1998,1.0
Marshall Islands,1997,1.0
Marshall Islands,1996,1.0
Marshall Islands,1995,1.0
Marshall Islands,1994,1.0
Marshall Islands,1993,1.0
Marshall Islands,1992,1.0
Marshall Islands,1991,1.0
Marshall Islands,1990,1.0
Marshall Islands,1989,1.0
Marshall Islands,1988,1.0
Marshall Islands,1987,1.0
Marshall Islands,1986,1.0
Marshall Islands,1985,1.0
Marshall Islands,1984,1.0
Marshall Islands,1983,1.0
Marshall Islands,1982,1.0
Marshall Islands,1981,1.0
Marshall Islands,1980,1.0
Marshall Islands,1979,1.0
Marshall Islands,1978,1.0
Marshall Islands,1977,1.0
Marshall Islands,1976,1.0
Marshall Islands,1975,1.0
Marshall Islands,1974,1.0
Marshall Islands,1973,1.0
Marshall Islands,1972,1.0
Marshall Islands,1971,1.0
Marshall Islands,1970,1.0
Marshall Islands,1969,1.0
Marshall Islands,1968,1.0
Marshall Islands,1967,1.0
Marshall Islands,1966,1.0
Marshall Islands,1965,1.0
Marshall Islands,1964,1.0
Marshall Islands,1963,1.0
Marshall Islands,1962,1.0
Marshall Islands,1961,1.0
Marshall Islands,1960,1.0
Mauritania,2023,36.4891666666666
Mauritania,2022,36.935
Mauritania,2021,36.0633333333333
Mauritania,2020,37.1891666666667
Mauritania,2019,36.6908333333334
Mauritania,2018,35.6775
Mauritania,2017,35.7944166666667
Mauritania,2016,35.2370833333334
Mauritania,2015,32.4671666666667
Mauritania,2014,30.2725
Mauritania,2013,30.0681666666667
Mauritania,2012,29.662
Mauritania,2011,28.1118333333333
Mauritania,2010,27.5894166666667
Mauritania,2009,26.2365833333333
Mauritania,2008,23.8203333333333
Mauritania,2007,25.8586666666667
Mauritania,2006,26.86
Mauritania,2005,26.5528333333333
Mauritania,2004,
Mauritania,2003,26.303
Mauritania,2002,27.1739166666667
Mauritania,2001,25.5629166666667
Mauritania,2000,23.8923333333333
Mauritania,1999,20.9514166666667
Mauritania,1998,18.8475833333333
Mauritania,1997,15.1853333333333
Mauritania,1996,13.7221666666667
Mauritania,1995,12.9768333333333
Mauritania,1994,12.3575
Mauritania,1993,12.0805833333333
Mauritania,1992,8.702675
Mauritania,1991,8.19458333333334
Mauritania,1990,8.0609
Mauritania,1989,8.3051
Mauritania,1988,7.52608333333333
Mauritania,1987,7.38783333333333
Mauritania,1986,7.43749999998334
Mauritania,1985,7.70849999995833
Mauritania,1984,6.38033333328334
Mauritania,1983,5.48116666656667
Mauritania,1982,5.17691666666667
Mauritania,1981,4.82958333333333
Mauritania,1980,4.59140833325
Mauritania,1979,4.58925
Mauritania,1978,4.61625
Mauritania,1977,4.558708333325
Mauritania,1976,4.5022249999
Mauritania,1975,4.3104249999
Mauritania,1974,4.53333333323333
Mauritania,1973,4.45776666666667
Mauritania,1972,5.04053333316666
Mauritania,1971,5.54263250491634
Mauritania,1970,5.55419000545419
Mauritania,1969,5.19415731998417
Mauritania,1968,4.93699111607702
Mauritania,1967,4.93699111607702
Mauritania,1966,4.93699111607702
Mauritania,1965,4.93699111607702
Mauritania,1964,4.93699111607702
Mauritania,1963,4.93699111607702
Mauritania,1962,4.93699111607702
Mauritania,1961,4.93699111607702
Mauritania,1960,4.93699111607702
Mauritius,2023,45.267225
Mauritius,2022,44.182775
Mauritius,2021,41.6921333333333
Mauritius,2020,39.3469333333333
Mauritius,2019,35.4735166666667
Mauritius,2018,33.93445
Mauritius,2017,34.4814083333333
Mauritius,2016,35.5418833333333
Mauritius,2015,35.0567
Mauritius,2014,30.6216166666667
Mauritius,2013,30.7013583333333
Mauritius,2012,30.0499716666667
Mauritius,2011,28.70595
Mauritius,2010,30.7844
Mauritius,2009,31.9598
Mauritius,2008,28.4528375
Mauritius,2007,31.31365625
Mauritius,2006,31.7080666666667
Mauritius,2005,29.4962333333333
Mauritius,2004,27.4985166666667
Mauritius,2003,27.901475
Mauritius,2002,29.962
Mauritius,2001,29.1292583333333
Mauritius,2000,26.2495583333333
Mauritius,1999,25.1858083333333
Mauritius,1998,23.99265
Mauritius,1997,21.0572583333333
Mauritius,1996,17.9480666666667
Mauritius,1995,17.3863166666667
Mauritius,1994,17.9603666666667
Mauritius,1993,17.648025
Mauritius,1992,15.5632083333333
Mauritius,1991,15.6523083333333
Mauritius,1990,14.8634666666667
Mauritius,1989,15.2497666666667
Mauritius,1988,13.437725
Mauritius,1987,12.8782166666667
Mauritius,1986,13.4663583333333
Mauritius,1985,15.4424833331667
Mauritius,1984,13.8003333328333
Mauritius,1983,11.7061999994167
Mauritius,1982,10.8725499995833
Mauritius,1981,8.93654166608333
Mauritius,1980,7.68429166566666
Mauritius,1979,6.30810833233333
Mauritius,1978,6.163274999
Mauritius,1977,6.60730833233333
Mauritius,1976,6.681524999
Mauritius,1975,6.02679733471396
Mauritius,1974,5.70307507263003
Mauritius,1973,5.44226571275832
Mauritius,1972,5.33852618760598
Mauritius,1971,5.4857589225245
Mauritius,1970,5.55555000455555
Mauritius,1969,5.55555000455555
Mauritius,1968,5.55555000455555
Mauritius,1967,4.82803750343121
Mauritius,1966,4.7619000037619
Mauritius,1965,4.7619000037619
Mauritius,1964,4.7619000037619
Mauritius,1963,4.7619000037619
Mauritius,1962,4.7619000037619
Mauritius,1961,4.7619000037619
Mauritius,1960,4.7619000037619
Mexico,2023,17.7587166666667
Mexico,2022,20.12735
Mexico,2021,20.2724083333333
Mexico,2020,21.4856083333333
Mexico,2019,19.2636333333333
Mexico,2018,19.2443416666667
Mexico,2017,18.9265166666667
Mexico,2016,18.6640583333333
Mexico,2015,15.8482666666667
Mexico,2014,13.29245
Mexico,2013,12.7719916666667
Mexico,2012,13.1694583333333
Mexico,2011,12.423325
Mexico,2010,12.6360083333333
Mexico,2009,13.513475
Mexico,2008,11.1297166666667
Mexico,2007,10.9281916666667
Mexico,2006,10.8992416666667
Mexico,2005,10.8978916666667
Mexico,2004,11.2859666666667
Mexico,2003,10.7890191666667
Mexico,2002,9.65595833333333
Mexico,2001,9.34234166666667
Mexico,2000,9.45555833333333
Mexico,1999,9.5603975
Mexico,1998,9.13604175
Mexico,1997,7.91846
Mexico,1996,7.59944841666667
Mexico,1995,6.419425
Mexico,1994,3.37511666666667
Mexico,1993,3.11561666666667
Mexico,1992,3.09489833333333
Mexico,1991,3.01843
Mexico,1990,2.81259916666667
Mexico,1989,2.4614725
Mexico,1988,2.273105
Mexico,1987,1.3781825
Mexico,1986,0.611772583333
Mexico,1985,0.256871583333167
Mexico,1984,0.167827583332667
Mexico,1983,0.1200935833325
Mexico,1982,0.05640169999925
Mexico,1981,0.0245145999990833
Mexico,1980,0.0229510083323333
Mexico,1979,0.0228053833323333
Mexico,1978,0.0227672833323333
Mexico,1977,0.02257286666575
Mexico,1976,0.0154258499996667
Mexico,1975,0.0125
Mexico,1974,0.0124999689192605
Mexico,1973,0.0124999519112712
Mexico,1972,0.0125000230379199
Mexico,1971,0.0125000000114583
Mexico,1970,0.0125000000125
Mexico,1969,0.0125000000125
Mexico,1968,0.0125000000125
Mexico,1967,0.0125000000125
Mexico,1966,0.0125000000125
Mexico,1965,0.0125000000125
Mexico,1964,0.0125000000125
Mexico,1963,0.0125000000125
Mexico,1962,0.0125000000125
Mexico,1961,0.0125000000125
Mexico,1960,0.0125000000125
"Micronesia, Fed. Sts.",2023,1.0
"Micronesia, Fed. Sts.",2022,1.0
"Micronesia, Fed. Sts.",2021,1.0
"Micronesia, Fed. Sts.",2020,1.0
"Micronesia, Fed. Sts.",2019,1.0
"Micronesia, Fed. Sts.",2018,1.0
"Micronesia, Fed. Sts.",2017,1.0
"Micronesia, Fed. Sts.",2016,1.0
"Micronesia, Fed. Sts.",2015,1.0
"Micronesia, Fed. Sts.",2014,1.0
"Micronesia, Fed. Sts.",2013,1.0
"Micronesia, Fed. Sts.",2012,1.0
"Micronesia, Fed. Sts.",2011,1.0
"Micronesia, Fed. Sts.",2010,1.0
"Micronesia, Fed. Sts.",2009,1.0
"Micronesia, Fed. Sts.",2008,1.0
"Micronesia, Fed. Sts.",2007,1.0
"Micronesia, Fed. Sts.",2006,1.0
"Micronesia, Fed. Sts.",2005,1.0
"Micronesia, Fed. Sts.",2004,1.0
"Micronesia, Fed. Sts.",2003,1.0
"Micronesia, Fed. Sts.",2002,1.0
"Micronesia, Fed. Sts.",2001,1.0
"Micronesia, Fed. Sts.",2000,1.0
"Micronesia, Fed. Sts.",1999,1.0
"Micronesia, Fed. Sts.",1998,1.0
"Micronesia, Fed. Sts.",1997,1.0
"Micronesia, Fed. Sts.",1996,1.0
"Micronesia, Fed. Sts.",1995,1.0
"Micronesia, Fed. Sts.",1994,1.0
"Micronesia, Fed. Sts.",1993,1.0
"Micronesia, Fed. Sts.",1992,1.0
"Micronesia, Fed. Sts.",1991,1.0
"Micronesia, Fed. Sts.",1990,1.0
"Micronesia, Fed. Sts.",1989,1.0
"Micronesia, Fed. Sts.",1988,1.0
"Micronesia, Fed. Sts.",1987,1.0
"Micronesia, Fed. Sts.",1986,1.0
"Micronesia, Fed. Sts.",1985,1.0
"Micronesia, Fed. Sts.",1984,1.0
"Micronesia, Fed. Sts.",1983,1.0
"Micronesia, Fed. Sts.",1982,1.0
"Micronesia, Fed. Sts.",1981,1.0
"Micronesia, Fed. Sts.",1980,1.0
"Micronesia, Fed. Sts.",1979,1.0
"Micronesia, Fed. Sts.",1978,1.0
"Micronesia, Fed. Sts.",1977,1.0
"Micronesia, Fed. Sts.",1976,1.0
"Micronesia, Fed. Sts.",1975,1.0
"Micronesia, Fed. Sts.",1974,1.0
"Micronesia, Fed. Sts.",1973,1.0
"Micronesia, Fed. Sts.",1972,1.0
"Micronesia, Fed. Sts.",1971,1.0
"Micronesia, Fed. Sts.",1970,1.0
"Micronesia, Fed. Sts.",1969,1.0
"Micronesia, Fed. Sts.",1968,1.0
"Micronesia, Fed. Sts.",1967,1.0
"Micronesia, Fed. Sts.",1966,1.0
"Micronesia, Fed. Sts.",1965,1.0
"Micronesia, Fed. Sts.",1964,1.0
"Micronesia, Fed. Sts.",1963,1.0
"Micronesia, Fed. Sts.",1962,1.0
"Micronesia, Fed. Sts.",1961,1.0
"Micronesia, Fed. Sts.",1960,1.0
Moldova,2023,18.1639377592166
Moldova,2022,18.8971896198157
Moldova,2021,17.6804661418331
Moldova,2020,17.3218352091831
Moldova,2019,17.5734688664875
Moldova,2018,16.8020517223502
Moldova,2017,18.4990348873528
Moldova,2016,19.923827563342
Moldova,2015,18.8184751452893
Moldova,2014,14.0356300499232
Moldova,2013,12.5867562314388
Moldova,2012,12.1114368159066
Moldova,2011,11.7386124865591
Moldova,2010,12.3692609613415
Moldova,2009,11.1095754339478
Moldova,2008,10.3920436827957
Moldova,2007,12.1399449731183
Moldova,2006,13.1310583333333
Moldova,2005,12.599625
Moldova,2004,12.3297166666667
Moldova,2003,13.9448833333333
Moldova,2002,13.5704975
Moldova,2001,12.8651416666667
Moldova,2000,12.4342166666667
Moldova,1999,10.5158083333333
Moldova,1998,5.3707
Moldova,1997,4.62358333333333
Moldova,1996,4.60448333333334
Moldova,1995,4.4958
Moldova,1994,
Moldova,1993,
Moldova,1992,
Moldova,1991,
Moldova,1990,
Moldova,1989,
Moldova,1988,
Moldova,1987,
Moldova,1986,
Moldova,1985,
Moldova,1984,
Moldova,1983,
Moldova,1982,
Moldova,1981,
Moldova,1980,
Moldova,1979,
Moldova,1978,
Moldova,1977,
Moldova,1976,
Moldova,1975,
Moldova,1974,
Moldova,1973,
Moldova,1972,
Moldova,1971,
Moldova,1970,
Moldova,1969,
Moldova,1968,
Moldova,1967,
Moldova,1966,
Moldova,1965,
Moldova,1964,
Moldova,1963,
Moldova,1962,
Moldova,1961,
Moldova,1960,
Monaco,2023,0.924839558470698
Monaco,2022,0.949623753156941
Monaco,2021,0.84549413889045
Monaco,2020,0.875506396987998
Monaco,2019,0.893276257067409
Monaco,2018,0.846772667108111
Monaco,2017,0.885205508269372
Monaco,2016,0.903421436257263
Monaco,2015,0.901296423367096
Monaco,2014,0.752728196932603
Monaco,2013,0.752945122701996
Monaco,2012,0.778338120416812
Monaco,2011,0.718413898653317
Monaco,2010,0.754308990105961
Monaco,2009,0.716957702016136
Monaco,2008,0.679922680042729
Monaco,2007,0.729672399984083
Monaco,2006,0.796432730949102
Monaco,2005,0.803800192161442
Monaco,2004,0.803921647747618
Monaco,2003,0.88404792718493
Monaco,2002,1.05755899623965
Monaco,2001,1.11653308564462
Monaco,2000,1.08270508132602
Monaco,1999,0.938283072395283
Monaco,1998,5.89951566666667
Monaco,1997,5.83669166666667
Monaco,1996,5.1155225
Monaco,1995,4.9914825
Monaco,1994,5.552045
Monaco,1993,5.66323
Monaco,1992,5.29381583333333
Monaco,1991,5.64211666666667
Monaco,1990,5.445275
Monaco,1989,6.38014166666667
Monaco,1988,5.95694166666667
Monaco,1987,6.01070833333333
Monaco,1986,6.92609166666667
Monaco,1985,8.98522499975
Monaco,1984,8.73909999958333
Monaco,1983,7.62129166575
Monaco,1982,6.57209999908333
Monaco,1981,5.43460833258333
Monaco,1980,4.22557499908333
Monaco,1979,4.25441666608333
Monaco,1978,4.51309999933333
Monaco,1977,4.90517332253217
Monaco,1976,4.8028783632131
Monaco,1975,4.28779951537657
Monaco,1974,4.80961847285583
Monaco,1973,4.45277967399083
Monaco,1972,5.04454451564062
Monaco,1971,5.54060135472093
Monaco,1970,5.55419000455419
Monaco,1969,5.1941975041942
Monaco,1968,4.93706000393706
Monaco,1967,4.93706000393706
Monaco,1966,4.93706000393706
Monaco,1965,4.93706000393706
Monaco,1964,4.93706000393706
Monaco,1963,4.93706000393706
Monaco,1962,4.93706000393706
Monaco,1961,4.93706000393706
Monaco,1960,4.93706000393706
Mongolia,2023,3465.73653626198
Mongolia,2022,3140.67788364809
Mongolia,2021,2849.2886145414
Mongolia,2020,2813.28983532639
Mongolia,2019,2663.54139820163
Mongolia,2018,2472.48405114235
Mongolia,2017,2439.77720111244
Mongolia,2016,2140.29086406116
Mongolia,2015,1970.30916666667
Mongolia,2014,1817.93870833333
Mongolia,2013,1523.9275
Mongolia,2012,1357.58
Mongolia,2011,1265.51583333333
Mongolia,2010,1357.06416666667
Mongolia,2009,1437.795
Mongolia,2008,1165.80416666667
Mongolia,2007,1170.40083333333
Mongolia,2006,1179.69916666667
Mongolia,2005,1205.24666666667
Mongolia,2004,1185.2975
Mongolia,2003,1146.5425
Mongolia,2002,1110.31
Mongolia,2001,1097.6975
Mongolia,2000,1076.66666666667
Mongolia,1999,1021.8675
Mongolia,1998,840.828333333333
Mongolia,1997,789.9925
Mongolia,1996,548.403333333333
Mongolia,1995,448.612633333334
Mongolia,1994,412.721416666667
Mongolia,1993,295.010525833333
Mongolia,1992,35.8333333333333
Mongolia,1991,8.01166666666667
Mongolia,1990,
Mongolia,1989,
Mongolia,1988,
Mongolia,1987,
Mongolia,1986,
Mongolia,1985,
Mongolia,1984,
Mongolia,1983,
Mongolia,1982,
Mongolia,1981,
Mongolia,1980,
Mongolia,1979,
Mongolia,1978,
Mongolia,1977,
Mongolia,1976,
Mongolia,1975,
Mongolia,1974,
Mongolia,1973,
Mongolia,1972,
Mongolia,1971,
Mongolia,1970,
Mongolia,1969,
Mongolia,1968,
Mongolia,1967,
Mongolia,1966,
Mongolia,1965,
Mongolia,1964,
Mongolia,1963,
Mongolia,1962,
Mongolia,1961,
Mongolia,1960,
Montenegro,2023,0.924709622987356
Montenegro,2022,0.950915533962108
Montenegro,2021,0.845376564367945
Montenegro,2020,0.877475207233012
Montenegro,2019,0.893215581479226
Montenegro,2018,0.846772667108096
Montenegro,2017,0.88520550826938
Montenegro,2016,0.903421436257288
Montenegro,2015,0.901296423367096
Montenegro,2014,0.752728196932591
Montenegro,2013,0.752945122702002
Montenegro,2012,0.778338120416812
Montenegro,2011,0.718413898653322
Montenegro,2010,0.754308990105979
Montenegro,2009,0.716957702016136
Montenegro,2008,0.679922680042729
Montenegro,2007,0.729672399984088
Montenegro,2006,0.796432730949096
Montenegro,2005,0.803800192161416
Montenegro,2004,0.803921647747605
Montenegro,2003,0.884047927184961
Montenegro,2002,1.05755899623965
Montenegro,2001,1.11653308564468
Montenegro,2000,1.08270508132601
Montenegro,1999,0.938283072395239
Montenegro,1998,
Montenegro,1997,
Montenegro,1996,
Montenegro,1995,
Montenegro,1994,
Montenegro,1993,
Montenegro,1992,
Montenegro,1991,
Montenegro,1990,
Montenegro,1989,
Montenegro,1988,
Montenegro,1987,
Montenegro,1986,
Montenegro,1985,
Montenegro,1984,
Montenegro,1983,
Montenegro,1982,
Montenegro,1981,
Montenegro,1980,
Montenegro,1979,
Montenegro,1978,
Montenegro,1977,
Montenegro,1976,
Montenegro,1975,
Montenegro,1974,
Montenegro,1973,
Montenegro,1972,
Montenegro,1971,
Montenegro,1970,
Montenegro,1969,
Montenegro,1968,
Montenegro,1967,
Montenegro,1966,
Montenegro,1965,
Montenegro,1964,
Montenegro,1963,
Montenegro,1962,
Montenegro,1961,
Montenegro,1960,
Morocco,2023,10.1314260970897
Morocco,2022,10.1606602430359
Morocco,2021,8.98848402414138
Morocco,2020,9.49684732221969
Morocco,2019,9.61707609950743
Morocco,2018,9.38610242091972
Morocco,2017,9.6919978888289
Morocco,2016,9.8074760315025
Morocco,2015,9.76434827950111
Morocco,2014,8.40633668826152
Morocco,2013,8.4055039167443
Morocco,2012,8.62844458333333
Morocco,2011,8.089875
Morocco,2010,8.41715833333333
Morocco,2009,8.0571
Morocco,2008,7.750325
Morocco,2007,8.19233333333333
Morocco,2006,8.79558333333333
Morocco,2005,8.86500833333334
Morocco,2004,8.86801666666667
Morocco,2003,9.57438333333333
Morocco,2002,11.0205833333333
Morocco,2001,11.302975
Morocco,2000,10.6256361666667
Morocco,1999,9.80441916666667
Morocco,1998,9.60441583333333
Morocco,1997,9.52710666666667
Morocco,1996,8.71587583333333
Morocco,1995,8.54023583333334
Morocco,1994,9.202715
Morocco,1993,9.29870916666667
Morocco,1992,8.537875
Morocco,1991,8.70655
Morocco,1990,8.24234166666666
Morocco,1989,8.48817
Morocco,1988,8.20915
Morocco,1987,8.359225
Morocco,1986,9.10444166641667
Morocco,1985,10.0624941664167
Morocco,1984,8.81053583275
Morocco,1983,7.11132333233333
Morocco,1982,6.023022499
Morocco,1981,5.17229583233333
Morocco,1980,3.93664583233334
Morocco,1979,3.89913416566667
Morocco,1978,4.16667083233333
Morocco,1977,4.50334583233333
Morocco,1976,4.419312499
Morocco,1975,4.052487499
Morocco,1974,4.36976666566667
Morocco,1973,4.10692083233334
Morocco,1972,4.59248032014095
Morocco,1971,5.04995885361156
Morocco,1970,5.06049000406049
Morocco,1969,5.06049000406049
Morocco,1968,5.06049000406049
Morocco,1967,5.06049000406049
Morocco,1966,5.06049000406049
Morocco,1965,5.06049000406049
Morocco,1964,5.06049000406049
Morocco,1963,5.06049000406049
Morocco,1962,5.06049000406049
Morocco,1961,5.06049000406049
Morocco,1960,5.06049000406049
Mozambique,2023,63.8858333333333
Mozambique,2022,63.8508333333333
Mozambique,2021,65.465
Mozambique,2020,69.465
Mozambique,2019,62.5483333333333
Mozambique,2018,60.3262076432022
Mozambique,2017,63.584322913399
Mozambique,2016,63.0562327310371
Mozambique,2015,39.9824741465406
Mozambique,2014,31.3526877009443
Mozambique,2013,30.1041110929498
Mozambique,2012,28.3729844798921
Mozambique,2011,29.0675999319775
Mozambique,2010,33.9600988006908
Mozambique,2009,27.518299963925
Mozambique,2008,24.3006424728653
Mozambique,2007,25.8403414502164
Mozambique,2006,25.4007791666667
Mozambique,2005,23.060965
Mozambique,2004,22.5813425
Mozambique,2003,23.7822675
Mozambique,2002,23.6779566666667
Mozambique,2001,20.7036408333333
Mozambique,2000,15.22725
Mozambique,1999,12.7751116666667
Mozambique,1998,11.8745833333333
Mozambique,1997,11.5435833333333
Mozambique,1996,11.29375
Mozambique,1995,9.02433333333333
Mozambique,1994,6.03858833333334
Mozambique,1993,3.87423666666667
Mozambique,1992,2.51655416666667
Mozambique,1991,1.4344675
Mozambique,1990,0.929088833333333
Mozambique,1989,0.744918083333333
Mozambique,1988,0.524644666666667
Mozambique,1987,0.29073125
Mozambique,1986,0.0404289166666667
Mozambique,1985,0.0431806666666667
Mozambique,1984,0.04244275
Mozambique,1983,0.0401833333333333
Mozambique,1982,0.03776975
Mozambique,1981,0.0353495
Mozambique,1980,0.03240025
Mozambique,1979,0.03
Mozambique,1978,0.03
Mozambique,1977,0.0304072499998333
Mozambique,1976,0.0302290833325833
Mozambique,1975,0.025552749999
Mozambique,1974,0.0254081666656667
Mozambique,1973,0.0245151666664167
Mozambique,1972,0.0270534166665
Mozambique,1971,0.0283120833498542
Mozambique,1970,0.02875000002875
Mozambique,1969,0.02875000002875
Mozambique,1968,0.02875000002875
Mozambique,1967,0.02875000002875
Mozambique,1966,0.02875000002875
Mozambique,1965,0.02875000002875
Mozambique,1964,0.02875000002875
Mozambique,1963,0.02875000002875
Mozambique,1962,0.02875000002875
Mozambique,1961,0.02875000002875
Mozambique,1960,0.02875000002875
Myanmar,2023,2100.0
Myanmar,2022,1932.54333333333
Myanmar,2021,1615.36666666667
Myanmar,2020,1381.61916666667
Myanmar,2019,1518.25511666667
Myanmar,2018,1429.80797520107
Myanmar,2017,1360.35870704085
Myanmar,2016,1234.86951666667
Myanmar,2015,1162.61532862554
Myanmar,2014,984.345747560046
Myanmar,2013,933.570456356879
Myanmar,2012,640.653416666667
Myanmar,2011,5.44410833333334
Myanmar,2010,5.63488333333333
Myanmar,2009,5.57636666666667
Myanmar,2008,5.44145
Myanmar,2007,5.61688333333333
Myanmar,2006,5.84294166666666
Myanmar,2005,5.81816666666667
Myanmar,2004,5.80583333333333
Myanmar,2003,6.138925
Myanmar,2002,6.64208333333333
Myanmar,2001,6.74890833333333
Myanmar,2000,6.516725
Myanmar,1999,6.28579166666667
Myanmar,1998,6.34315833333334
Myanmar,1997,6.24183333333333
Myanmar,1996,5.91756666666667
Myanmar,1995,5.66704166666667
Myanmar,1994,5.9749125
Myanmar,1993,6.15696666666667
Myanmar,1992,6.10453333333333
Myanmar,1991,6.2837
Myanmar,1990,6.33855833333334
Myanmar,1989,6.7049
Myanmar,1988,6.39454166666667
Myanmar,1987,6.65345
Myanmar,1986,7.330375
Myanmar,1985,8.47484999941667
Myanmar,1984,8.30326697052076
Myanmar,1983,7.96039689644153
Myanmar,1982,7.7090637830332
Myanmar,1981,7.2203372662332
Myanmar,1980,6.53814232241653
Myanmar,1979,6.58576139284986
Myanmar,1978,6.79826043109987
Myanmar,1977,7.06759975909211
Myanmar,1976,6.7067493564076
Myanmar,1975,6.37939932447487
Myanmar,1974,4.86252447287798
Myanmar,1973,4.93105531492483
Myanmar,1972,5.45949394997596
Myanmar,1971,4.7648426288663
Myanmar,1970,4.7619000037619
Myanmar,1969,4.7619000037619
Myanmar,1968,4.7619000037619
Myanmar,1967,4.7619000037619
Myanmar,1966,4.7619000037619
Myanmar,1965,4.7619000037619
Myanmar,1964,4.7619000037619
Myanmar,1963,4.7619000037619
Myanmar,1962,4.7619000037619
Myanmar,1961,4.7619000037619
Myanmar,1960,4.7619000037619
Namibia,2023,18.4463083333333
Namibia,2022,16.3558583333333
Namibia,2021,14.778675
Namibia,2020,16.4632666666667
Namibia,2019,14.4486904166667
Namibia,2018,13.2339416666667
Namibia,2017,13.3129
Namibia,2016,14.7087666666667
Namibia,2015,12.8819208333333
Namibia,2014,10.8428875
Namibia,2013,9.750075
Namibia,2012,8.19377083333334
Namibia,2011,7.300025
Namibia,2010,7.33025
Namibia,2009,8.52281983333333
Namibia,2008,8.25174166666667
Namibia,2007,7.05439166666666
Namibia,2006,6.76715
Namibia,2005,6.37711666666667
Namibia,2004,6.4596925
Namibia,2003,7.56474916666667
Namibia,2002,10.5407466666667
Namibia,2001,8.60918083333334
Namibia,2000,6.93982833333333
Namibia,1999,6.10948416666667
Namibia,1998,5.52828416666667
Namibia,1997,4.60796166666667
Namibia,1996,4.29934916666667
Namibia,1995,3.627085
Namibia,1994,3.55079833333334
Namibia,1993,3.26774158333333
Namibia,1992,2.85201416666667
Namibia,1991,2.761315
Namibia,1990,2.58732083333333
Namibia,1989,2.6226775
Namibia,1988,2.2734675
Namibia,1987,2.03603333333333
Namibia,1986,2.28503166641667
Namibia,1985,2.22867499941667
Namibia,1984,1.47527749975
Namibia,1983,1.11409999975
Namibia,1982,1.08581583308333
Namibia,1981,0.877578942758154
Namibia,1980,0.778833737276042
Namibia,1979,0.842022601934943
Namibia,1978,0.869565218147448
Namibia,1977,0.869565218147448
Namibia,1976,0.869565218147448
Namibia,1975,0.739507755296336
Namibia,1974,0.679477003570251
Namibia,1973,0.694114137583751
Namibia,1972,0.772828411038462
Namibia,1971,0.713047571920986
Namibia,1970,0.716413520036936
Namibia,1969,0.718057125427679
Namibia,1968,0.716998156110197
Namibia,1967,0.717049619137688
Namibia,1966,0.716983431633873
Namibia,1965,0.71633440114268
Namibia,1964,0.717258646245895
Namibia,1963,0.715287185250261
Namibia,1962,0.713265494271677
Namibia,1961,
Namibia,1960,
Nauru,2023,1.50519106560508
Nauru,2022,1.44166445896522
Nauru,2021,1.33122425957081
Nauru,2020,1.45308511847016
Nauru,2019,1.43850654421382
Nauru,2018,1.33841214646451
Nauru,2017,1.30475807671592
Nauru,2016,1.34521397601947
Nauru,2015,1.33109026245502
Nauru,2014,1.10936329281692
Nauru,2013,1.03584309652054
Nauru,2012,0.965801030658708
Nauru,2011,0.969463201496735
Nauru,2010,1.09015948638677
Nauru,2009,1.28218881008452
Nauru,2008,1.19217833333333
Nauru,2007,1.1950725
Nauru,2006,1.3279734405
Nauru,2005,1.30947333333333
Nauru,2004,1.3597525
Nauru,2003,1.54191416666667
Nauru,2002,1.8405625
Nauru,2001,1.9334425
Nauru,2000,1.72482666666667
Nauru,1999,1.54995
Nauru,1998,1.59182833333333
Nauru,1997,1.34738
Nauru,1996,1.27786333333333
Nauru,1995,1.3490325
Nauru,1994,1.36775083333333
Nauru,1993,1.47056
Nauru,1992,1.36164833333333
Nauru,1991,1.28375583333333
Nauru,1990,1.28105666666667
Nauru,1989,1.26459666666667
Nauru,1988,1.27990833333333
Nauru,1987,1.42818
Nauru,1986,1.49597416641667
Nauru,1985,1.4318949995
Nauru,1984,1.13951916591667
Nauru,1983,1.11001499916667
Nauru,1982,0.985862832333333
Nauru,1981,0.870214582333333
Nauru,1980,0.878244332333333
Nauru,1979,0.894640915666667
Nauru,1978,0.873659249
Nauru,1977,0.901824999
Nauru,1976,0.818284082333333
Nauru,1975,0.763871249
Nauru,1974,0.696665868638096
Nauru,1973,0.704113907966658
Nauru,1972,0.838697807262207
Nauru,1971,0.882670259295548
Nauru,1970,0.892856999892857
Nauru,1969,0.892856999892857
Nauru,1968,0.892856999892857
Nauru,1967,0.892856999892857
Nauru,1966,0.892856999892857
Nauru,1965,0.892856999892857
Nauru,1964,0.892856999892857
Nauru,1963,0.892856999892857
Nauru,1962,0.892856999892857
Nauru,1961,0.892856999892857
Nauru,1960,0.892856999892857
Nepal,2023,132.115460088756
Nepal,2022,125.199457792609
Nepal,2021,118.134081604947
Nepal,2020,118.345187275986
Nepal,2019,112.609482758621
Nepal,2018,108.930134109273
Nepal,2017,104.511885242862
Nepal,2016,107.383815174654
Nepal,2015,102.405134331356
Nepal,2014,97.5548421567946
Nepal,2013,93.0843938075485
Nepal,2012,85.2257559923835
Nepal,2011,74.02
Nepal,2010,73.2623590158046
Nepal,2009,77.5734307390156
Nepal,2008,69.761695
Nepal,2007,66.4150275
Nepal,2006,72.7556058333333
Nepal,2005,71.3675
Nepal,2004,73.6735966666667
Nepal,2003,76.1414475
Nepal,2002,77.8766191666667
Nepal,2001,74.94925
Nepal,2000,71.0937958333333
Nepal,1999,68.2393708333334
Nepal,1998,65.9757875
Nepal,1997,58.0095491666667
Nepal,1996,56.6919525
Nepal,1995,51.8903333333334
Nepal,1994,49.3975183333333
Nepal,1993,48.607165
Nepal,1992,42.7175
Nepal,1991,37.255
Nepal,1990,29.3691666666667
Nepal,1989,27.1888333333333
Nepal,1988,23.28925
Nepal,1987,21.8191666666667
Nepal,1986,21.2298333331667
Nepal,1985,18.2464166665
Nepal,1984,16.4594166663333
Nepal,1983,14.5452499994167
Nepal,1982,13.2438333324167
Nepal,1981,12.336333333
Nepal,1980,12.0
Nepal,1979,12.0
Nepal,1978,12.1105
Nepal,1977,12.5
Nepal,1976,12.5
Nepal,1975,11.0028333325
Nepal,1974,10.559999999
Nepal,1973,10.5001666658333
Nepal,1972,10.125
Nepal,1971,10.1250040303417
Nepal,1970,10.125000010125
Nepal,1969,10.125000010125
Nepal,1968,10.125000010125
Nepal,1967,8.0341666738675
Nepal,1966,7.61725000661725
Nepal,1965,7.619000006619
Nepal,1964,7.619000006619
Nepal,1963,7.619000006619
Nepal,1962,7.619000006619
Nepal,1961,7.619000006619
Nepal,1960,7.5000000065
Netherlands,2023,0.924839558470698
Netherlands,2022,0.949623753156941
Netherlands,2021,0.84549413889045
Netherlands,2020,0.875506396987998
Netherlands,2019,0.893276257067409
Netherlands,2018,0.846772667108111
Netherlands,2017,0.885205508269372
Netherlands,2016,0.903421436257263
Netherlands,2015,0.901296423367096
Netherlands,2014,0.752728196932603
Netherlands,2013,0.752945122701996
Netherlands,2012,0.778338120416812
Netherlands,2011,0.718413898653317
Netherlands,2010,0.754308990105961
Netherlands,2009,0.716957702016136
Netherlands,2008,0.679922680042729
Netherlands,2007,0.729672399984083
Netherlands,2006,0.796432730949102
Netherlands,2005,0.803800192161442
Netherlands,2004,0.803921647747618
Netherlands,2003,0.88404792718493
Netherlands,2002,1.05755899623965
Netherlands,2001,1.11653308564462
Netherlands,2000,1.08270508132602
Netherlands,1999,0.938283072395283
Netherlands,1998,1.983733
Netherlands,1997,1.95126991666667
Netherlands,1996,1.68589675
Netherlands,1995,1.60567525
Netherlands,1994,1.81999508333333
Netherlands,1993,1.85730516666667
Netherlands,1992,1.75846633333333
Netherlands,1991,1.86966666666667
Netherlands,1990,1.82094166666667
Netherlands,1989,2.1207375
Netherlands,1988,1.97658333333333
Netherlands,1987,2.0257
Netherlands,1986,2.45002499991667
Netherlands,1985,3.3214
Netherlands,1984,3.20868333291667
Netherlands,1983,2.854124999
Netherlands,1982,2.67020833241667
Netherlands,1981,2.49519999908333
Netherlands,1980,1.98811666591667
Netherlands,1979,2.00599166575
Netherlands,1978,2.16358333258333
Netherlands,1977,2.45424999908333
Netherlands,1976,2.64394166566667
Netherlands,1975,2.52899166575
Netherlands,1974,2.68838333233333
Netherlands,1973,2.79554999908333
Netherlands,1972,3.209499999
Netherlands,1971,3.51708053888963
Netherlands,1970,3.62000000262
Netherlands,1969,3.62000000262
Netherlands,1968,3.62000000262
Netherlands,1967,3.62000000262
Netherlands,1966,3.62000000262
Netherlands,1965,3.62000000262
Netherlands,1964,3.62000000262
Netherlands,1963,3.62000000262
Netherlands,1962,3.62000000262
Netherlands,1961,3.65000000265
Netherlands,1960,3.8000000028
New Caledonia,2023,110.34717131744
New Caledonia,2022,113.474367224106
New Caledonia,2021,100.880222566186
New Caledonia,2020,104.710608186968
New Caledonia,2019,106.588933804405
New Caledonia,2018,101.046821879543
New Caledonia,2017,105.633078151149
New Caledonia,2016,107.806815805024
New Caledonia,2015,107.553234404315
New Caledonia,2014,89.8243353779009
New Caledonia,2013,89.8502214987385
New Caledonia,2012,92.8804110841429
New Caledonia,2011,85.7295518299287
New Caledonia,2010,90.0129741146296
New Caledonia,2009,85.5557814096789
New Caledonia,2008,81.1363292780549
New Caledonia,2007,87.0730479331812
New Caledonia,2006,95.0396717197982
New Caledonia,2005,95.9188433909485
New Caledonia,2004,95.9333368925229
New Caledonia,2003,105.494942032458
New Caledonia,2002,126.200312871571
New Caledonia,2001,133.237791216225
New Caledonia,2000,129.201037953271
New Caledonia,1999,111.966914110147
New Caledonia,1998,107.2638139482
New Caledonia,1997,106.121560545
New Caledonia,1996,93.0094069905
New Caledonia,1995,90.7541365185
New Caledonia,1994,100.946171781
New Caledonia,1993,102.967715214
New Caledonia,1992,96.2511007185
New Caledonia,1991,102.58383681
New Caledonia,1990,99.004900995
New Caledonia,1989,116.002459755
New Caledonia,1988,108.307921995
New Caledonia,1987,109.285496775
New Caledonia,1986,125.928813465
New Caledonia,1985,163.367563900455
New Caledonia,1984,158.892568372424
New Caledonia,1983,138.568800808333
New Caledonia,1982,119.492607763333
New Caledonia,1981,98.8109617813635
New Caledonia,1980,76.8285595141078
New Caledonia,1979,77.3529529351395
New Caledonia,1978,82.0562815633657
New Caledonia,1977,89.3376379164501
New Caledonia,1976,86.8906706741604
New Caledonia,1975,77.9315887246532
New Caledonia,1974,87.5285488301859
New Caledonia,1973,81.0502219755422
New Caledonia,1972,91.6459689519292
New Caledonia,1971,100.689451223571
New Caledonia,1970,100.985000099985
New Caledonia,1969,94.44000009344
New Caledonia,1968,89.765000088765
New Caledonia,1967,89.765000088765
New Caledonia,1966,89.765000088765
New Caledonia,1965,89.765000088765
New Caledonia,1964,89.765000088765
New Caledonia,1963,89.765000088765
New Caledonia,1962,89.765000088765
New Caledonia,1961,89.765000088765
New Caledonia,1960,89.765000088765
New Zealand,2023,1.62843333333333
New Zealand,2022,1.57718333333333
New Zealand,2021,1.4138
New Zealand,2020,1.54205833333333
New Zealand,2019,1.517875
New Zealand,2018,1.44525833333333
New Zealand,2017,1.40740833333333
New Zealand,2016,1.436525
New Zealand,2015,1.433975
New Zealand,2014,1.20543333333333
New Zealand,2013,1.21940797394829
New Zealand,2012,1.23428365501329
New Zealand,2011,1.26581069673447
New Zealand,2010,1.38783382768108
New Zealand,2009,1.60087729521946
New Zealand,2008,1.4227268095265
New Zealand,2007,1.36067522852426
New Zealand,2006,1.54205575669681
New Zealand,2005,1.42027345661433
New Zealand,2004,1.50868127077323
New Zealand,2003,1.72209914639778
New Zealand,2002,2.16219083333333
New Zealand,2001,2.37875083333333
New Zealand,2000,2.20114916666667
New Zealand,1999,1.88961389919167
New Zealand,1998,1.86824916666667
New Zealand,1997,1.51242083333333
New Zealand,1996,1.4548475
New Zealand,1995,1.52387666666667
New Zealand,1994,1.68652166666667
New Zealand,1993,1.85051333333333
New Zealand,1992,1.86179166666667
New Zealand,1991,1.73351416666667
New Zealand,1990,1.67620333333333
New Zealand,1989,1.67214833333333
New Zealand,1988,1.52640083333333
New Zealand,1987,1.69456083333333
New Zealand,1986,1.91316083308333
New Zealand,1985,2.02337249966667
New Zealand,1984,1.76399249916667
New Zealand,1983,1.49677333233333
New Zealand,1982,1.33260833233333
New Zealand,1981,1.15279499925
New Zealand,1980,1.02667999916667
New Zealand,1979,0.978502499
New Zealand,1978,0.964424999
New Zealand,1977,1.03031165084621
New Zealand,1976,1.00488878965051
New Zealand,1975,0.832307219423307
New Zealand,1974,0.715402588665368
New Zealand,1973,0.736812125513138
New Zealand,1972,0.836680053547523
New Zealand,1971,0.880607194603159
New Zealand,1970,0.892856999892857
New Zealand,1969,0.892856999892857
New Zealand,1968,0.892856999892857
New Zealand,1967,0.733665583007067
New Zealand,1966,0.719193999719194
New Zealand,1965,0.719193999719194
New Zealand,1964,0.719193999719194
New Zealand,1963,0.719193999719194
New Zealand,1962,0.719193999719194
New Zealand,1961,0.715514156084816
New Zealand,1960,0.714287986064378
Nicaragua,2023,36.4411942796586
Nicaragua,2022,35.874421141967
Nicaragua,2021,35.1710166666667
Nicaragua,2020,34.3421221197024
Nicaragua,2019,33.121745265284
Nicaragua,2018,31.5532123338754
Nicaragua,2017,30.0509413442878
Nicaragua,2016,28.6209624101588
Nicaragua,2015,27.2568449404762
Nicaragua,2014,25.9589003667435
Nicaragua,2013,24.7227641666667
Nicaragua,2012,23.5466635310839
Nicaragua,2011,22.4242706163594
Nicaragua,2010,21.3564486834358
Nicaragua,2009,20.3394818701997
Nicaragua,2008,19.3718964065011
Nicaragua,2007,18.4485061597542
Nicaragua,2006,17.5699984318996
Nicaragua,2005,16.7333295340502
Nicaragua,2004,15.9372473164627
Nicaragua,2003,15.1046433333333
Nicaragua,2002,14.25132525
Nicaragua,2001,13.3719416666667
Nicaragua,2000,12.6843916666667
Nicaragua,1999,11.80925
Nicaragua,1998,10.5819166666667
Nicaragua,1997,9.44808333333333
Nicaragua,1996,8.4355
Nicaragua,1995,7.54559166666667
Nicaragua,1994,6.722875
Nicaragua,1993,5.62040833333333
Nicaragua,1992,5.0
Nicaragua,1991,4.27082828333333
Nicaragua,1990,0.140922416666667
Nicaragua,1989,0.0031309
Nicaragua,1988,5.39462392816092e-05
Nicaragua,1987,2.05293103448276e-08
Nicaragua,1986,1.95028448275862e-08
Nicaragua,1985,7.7730323275862e-09
Nicaragua,1984,2.94766681034483e-09
Nicaragua,1983,2.94766681034483e-09
Nicaragua,1982,2.9474224137931e-09
Nicaragua,1981,2.9474224137931e-09
Nicaragua,1980,2.9474224137931e-09
Nicaragua,1979,2.78825671551724e-09
Nicaragua,1978,2.06064418965517e-09
Nicaragua,1977,2.06064418965517e-09
Nicaragua,1976,2.06064418965517e-09
Nicaragua,1975,2.06064418965517e-09
Nicaragua,1974,2.06064418965517e-09
Nicaragua,1973,2.06061975e-09
Nicaragua,1972,2.06064418965517e-09
Nicaragua,1971,2.06064418965517e-09
Nicaragua,1970,2.06064418965517e-09
Nicaragua,1969,2.06064418965517e-09
Nicaragua,1968,2.06064418965517e-09
Nicaragua,1967,2.06064418965517e-09
Nicaragua,1966,2.06064418965517e-09
Nicaragua,1965,2.06064418965517e-09
Nicaragua,1964,2.06064418965517e-09
Nicaragua,1963,2.06064418965517e-09
Nicaragua,1962,2.06064418965517e-09
Nicaragua,1961,2.06064418965517e-09
Nicaragua,1960,2.06064418965517e-09
Niger,2023,606.569750165917
Niger,2022,623.759700911182
Niger,2021,554.530675033104
Niger,2020,575.586004510945
Niger,2019,585.911013180369
Niger,2018,555.446458398226
Niger,2017,580.656749587858
Niger,2016,592.605615063022
Niger,2015,591.21169798261
Niger,2014,493.757329875312
Niger,2013,493.899623852237
Niger,2012,510.556338454251
Niger,2011,471.248625718937
Niger,2010,494.794262222947
Niger,2009,470.293423341398
Niger,2008,446.000041432788
Niger,2007,478.633718476363
Niger,2006,522.425624895176
Niger,2005,527.258362649626
Niger,2004,527.338032291576
Niger,2003,579.897426172466
Niger,2002,693.713226496374
Niger,2001,732.397693260228
Niger,2000,710.207977031367
Niger,1999,615.473349319164
Niger,1998,589.951774567332
Niger,1997,583.669372353396
Niger,1996,511.552430272516
Niger,1995,499.14842590131
Niger,1994,555.204695655697
Niger,1993,283.162579500018
Niger,1992,264.691800750579
Niger,1991,282.10690880882
Niger,1990,272.264787954393
Niger,1989,319.008299487903
Niger,1988,297.848218819378
Niger,1987,300.536562401478
Niger,1986,346.305903554493
Niger,1985,449.262962711607
Niger,1984,436.956665788008
Niger,1983,381.066036024628
Niger,1982,328.60625269899
Niger,1981,271.731452550327
Niger,1980,211.279555414705
Niger,1979,212.721644262377
Niger,1978,225.655860233957
Niger,1977,245.679686566576
Niger,1976,238.950494267059
Niger,1975,214.312900341219
Niger,1974,240.704667637823
Niger,1973,222.889183053227
Niger,1972,252.027627462649
Niger,1971,275.356456685332
Niger,1970,276.403137026845
Niger,1969,259.960574351236
Niger,1968,247.564693756951
Niger,1967,246.000937791281
Niger,1966,245.678436557644
Niger,1965,245.060934207708
Niger,1964,245.027184079042
Niger,1963,245.016350696075
Niger,1962,245.013850686544
Niger,1961,245.26010162116
Niger,1960,245.195101398359
Nigeria,2023,
Nigeria,2022,425.979158066857
Nigeria,2021,401.152029220779
Nigeria,2020,358.810797258297
Nigeria,2019,306.920951495223
Nigeria,2018,306.083688245234
Nigeria,2017,305.790109160005
Nigeria,2016,253.492
Nigeria,2015,192.440333333333
Nigeria,2014,158.552641666667
Nigeria,2013,157.311666666667
Nigeria,2012,157.5
Nigeria,2011,153.8625
Nigeria,2010,150.2975
Nigeria,2009,148.88
Nigeria,2008,118.566666666667
Nigeria,2007,125.808108333333
Nigeria,2006,128.651666666667
Nigeria,2005,131.274333333333
Nigeria,2004,132.888025
Nigeria,2003,129.22235
Nigeria,2002,120.578158333333
Nigeria,2001,111.23125
Nigeria,2000,101.697333333333
Nigeria,1999,92.3381
Nigeria,1998,21.886
Nigeria,1997,21.88605
Nigeria,1996,21.884425
Nigeria,1995,21.8952583333333
Nigeria,1994,21.996
Nigeria,1993,22.0654
Nigeria,1992,17.298425
Nigeria,1991,9.90949166666667
Nigeria,1990,8.038285
Nigeria,1989,7.364735
Nigeria,1988,4.53696666666667
Nigeria,1987,4.0160373443363
Nigeria,1986,1.75452300407481
Nigeria,1985,0.893774083333333
Nigeria,1984,0.766527449112392
Nigeria,1983,0.724409851151573
Nigeria,1982,0.673461261528524
Nigeria,1981,0.617708175028805
Nigeria,1980,0.546780891916083
Nigeria,1979,0.604007374017144
Nigeria,1978,0.635271994265801
Nigeria,1977,0.644701062141186
Nigeria,1976,0.626601003665369
Nigeria,1975,0.615501553350787
Nigeria,1974,0.630282046248239
Nigeria,1973,0.657894999
Nigeria,1972,0.657894999
Nigeria,1971,0.712855832988096
Nigeria,1970,0.714285999714286
Nigeria,1969,0.714285999714286
Nigeria,1968,0.714285999714286
Nigeria,1967,0.714285999714286
Nigeria,1966,0.714285999714286
Nigeria,1965,0.714285999714286
Nigeria,1964,0.714285999714286
Nigeria,1963,0.714285999714286
Nigeria,1962,0.714285999714286
Nigeria,1961,0.714285999714286
Nigeria,1960,0.714285999714286
North Macedonia,2023,56.9471916666667
North Macedonia,2022,58.5743916666667
North Macedonia,2021,52.1021583333333
North Macedonia,2020,54.144325
North Macedonia,2019,54.9472
North Macedonia,2018,52.1071083333333
North Macedonia,2017,54.6654583333333
North Macedonia,2016,55.731725
North Macedonia,2015,55.537075
North Macedonia,2014,46.4371308333333
North Macedonia,2013,46.3953416666667
North Macedonia,2012,47.89025
North Macedonia,2011,44.230825
North Macedonia,2010,46.4853916666667
North Macedonia,2009,44.100575
North Macedonia,2008,41.8676833333333
North Macedonia,2007,44.7298166666667
North Macedonia,2006,48.8017666666667
North Macedonia,2005,49.2836833333333
North Macedonia,2004,49.4099333333333
North Macedonia,2003,54.3222583333333
North Macedonia,2002,64.3497916666667
North Macedonia,2001,68.0371333333333
North Macedonia,2000,65.9038666666666
North Macedonia,1999,56.9018283333333
North Macedonia,1998,54.4617333333333
North Macedonia,1997,50.00355
North Macedonia,1996,39.981075
North Macedonia,1995,37.8817583333333
North Macedonia,1994,43.2631833333333
North Macedonia,1993,
North Macedonia,1992,
North Macedonia,1991,
North Macedonia,1990,
North Macedonia,1989,
North Macedonia,1988,
North Macedonia,1987,
North Macedonia,1986,
North Macedonia,1985,
North Macedonia,1984,
North Macedonia,1983,
North Macedonia,1982,
North Macedonia,1981,
North Macedonia,1980,
North Macedonia,1979,
North Macedonia,1978,
North Macedonia,1977,
North Macedonia,1976,
North Macedonia,1975,
North Macedonia,1974,
North Macedonia,1973,
North Macedonia,1972,
North Macedonia,1971,
North Macedonia,1970,
North Macedonia,1969,
North Macedonia,1968,
North Macedonia,1967,
North Macedonia,1966,
North Macedonia,1965,
North Macedonia,1964,
North Macedonia,1963,
North Macedonia,1962,
North Macedonia,1961,
North Macedonia,1960,
Northern Mariana Islands,2023,1.0
Northern Mariana Islands,2022,1.0
Northern Mariana Islands,2021,1.0
Northern Mariana Islands,2020,1.0
Northern Mariana Islands,2019,1.0
Northern Mariana Islands,2018,1.0
Northern Mariana Islands,2017,1.0
Northern Mariana Islands,2016,1.0
Northern Mariana Islands,2015,1.0
Northern Mariana Islands,2014,1.0
Northern Mariana Islands,2013,1.0
Northern Mariana Islands,2012,1.0
Northern Mariana Islands,2011,1.0
Northern Mariana Islands,2010,1.0
Northern Mariana Islands,2009,1.0
Northern Mariana Islands,2008,1.0
Northern Mariana Islands,2007,1.0
Northern Mariana Islands,2006,1.0
Northern Mariana Islands,2005,1.0
Northern Mariana Islands,2004,1.0
Northern Mariana Islands,2003,1.0
Northern Mariana Islands,2002,1.0
Northern Mariana Islands,2001,1.0
Northern Mariana Islands,2000,1.0
Northern Mariana Islands,1999,1.0
Northern Mariana Islands,1998,1.0
Northern Mariana Islands,1997,1.0
Northern Mariana Islands,1996,1.0
Northern Mariana Islands,1995,1.0
Northern Mariana Islands,1994,1.0
Northern Mariana Islands,1993,1.0
Northern Mariana Islands,1992,1.0
Northern Mariana Islands,1991,1.0
Northern Mariana Islands,1990,1.0
Northern Mariana Islands,1989,1.0
Northern Mariana Islands,1988,1.0
Northern Mariana Islands,1987,1.0
Northern Mariana Islands,1986,1.0
Northern Mariana Islands,1985,1.0
Northern Mariana Islands,1984,1.0
Northern Mariana Islands,1983,1.0
Northern Mariana Islands,1982,1.0
Northern Mariana Islands,1981,1.0
Northern Mariana Islands,1980,1.0
Northern Mariana Islands,1979,1.0
Northern Mariana Islands,1978,1.0
Northern Mariana Islands,1977,1.0
Northern Mariana Islands,1976,1.0
Northern Mariana Islands,1975,1.0
Northern Mariana Islands,1974,1.0
Northern Mariana Islands,1973,1.0
Northern Mariana Islands,1972,1.0
Northern Mariana Islands,1971,1.0
Northern Mariana Islands,1970,1.0
Northern Mariana Islands,1969,1.0
Northern Mariana Islands,1968,1.0
Northern Mariana Islands,1967,1.0
Northern Mariana Islands,1966,1.0
Northern Mariana Islands,1965,1.0
Northern Mariana Islands,1964,1.0
Northern Mariana Islands,1963,1.0
Northern Mariana Islands,1962,1.0
Northern Mariana Islands,1961,1.0
Northern Mariana Islands,1960,1.0
Norway,2023,10.5633333333333
Norway,2022,9.61416666666667
Norway,2021,8.59
Norway,2020,9.41583333333334
Norway,2019,8.8
Norway,2018,8.1325
Norway,2017,8.27166666666666
Norway,2016,8.4
Norway,2015,8.06416666666667
Norway,2014,6.30166666666667
Norway,2013,5.875
Norway,2012,5.8175
Norway,2011,5.60460730676328
Norway,2010,6.04416666666666
Norway,2009,6.28833333333333
Norway,2008,5.64
Norway,2007,5.86166666666666
Norway,2006,6.41333333333333
Norway,2005,6.4425
Norway,2004,6.74083333333333
Norway,2003,7.08021666666667
Norway,2002,7.98377883333333
Norway,2001,8.99165416666667
Norway,2000,8.80184166666667
Norway,1999,7.79917166666667
Norway,1998,7.5450975
Norway,1997,7.07340083333334
Norway,1996,6.44980833333333
Norway,1995,6.33515666666667
Norway,1994,7.05758416666667
Norway,1993,7.09412916666667
Norway,1992,6.21450083333333
Norway,1991,6.4829425
Norway,1990,6.25974166666667
Norway,1989,6.9045
Norway,1988,6.51698333333333
Norway,1987,6.73745
Norway,1986,7.39474166666667
Norway,1985,8.59723333308333
Norway,1984,8.16145833258333
Norway,1983,7.29636666566667
Norway,1982,6.45403333233333
Norway,1981,5.73950833233333
Norway,1980,4.939224999
Norway,1979,5.06406666566667
Norway,1978,5.242249999
Norway,1977,5.323499999
Norway,1976,5.45651666566667
Norway,1975,5.22694166566667
Norway,1974,5.53970833233333
Norway,1973,5.76583333233333
Norway,1972,6.58824917226787
Norway,1971,7.05590547080103
Norway,1970,7.14286000614286
Norway,1969,7.14286000614286
Norway,1968,7.14286000614286
Norway,1967,7.14286000614286
Norway,1966,7.14286000614286
Norway,1965,7.14286000614286
Norway,1964,7.14286000614286
Norway,1963,7.14286000614286
Norway,1962,7.14286000614286
Norway,1961,7.14286000614286
Norway,1960,7.14286000614286
Oman,2023,0.3845
Oman,2022,0.3845
Oman,2021,0.3845
Oman,2020,0.3845
Oman,2019,0.3845
Oman,2018,0.3845
Oman,2017,0.3845
Oman,2016,0.3845
Oman,2015,0.3845
Oman,2014,0.3845
Oman,2013,0.3845
Oman,2012,0.3845
Oman,2011,0.3845
Oman,2010,0.3845
Oman,2009,0.3845
Oman,2008,0.3845
Oman,2007,0.3845
Oman,2006,0.3845
Oman,2005,0.3845
Oman,2004,0.3845
Oman,2003,0.3845
Oman,2002,0.3845
Oman,2001,0.3845
Oman,2000,0.3845
Oman,1999,0.3845
Oman,1998,0.3845
Oman,1997,0.3845
Oman,1996,0.3845
Oman,1995,0.3845
Oman,1994,0.3845
Oman,1993,0.3845
Oman,1992,0.3845
Oman,1991,0.3845
Oman,1990,0.3845
Oman,1989,0.3845
Oman,1988,0.3845
Oman,1987,0.3845
Oman,1986,0.381981916666667
Oman,1985,0.345395
Oman,1984,0.345397499583333
Oman,1983,0.345399999
Oman,1982,0.345399999
Oman,1981,0.345399999
Oman,1980,0.345399999
Oman,1979,0.345399999
Oman,1978,0.345399999
Oman,1977,0.345399999
Oman,1976,0.345399999
Oman,1975,0.345399999
Oman,1974,0.345399999
Oman,1973,0.350676165666667
Oman,1972,0.383772999
Oman,1971,0.41544749932071
Oman,1970,0.416666999416667
Oman,1969,0.416666999416667
Oman,1968,0.416666999416667
Oman,1967,0.362103332665675
Oman,1966,0.357142999357143
Oman,1965,0.357142999357143
Oman,1964,0.357142999357143
Oman,1963,0.357142999357143
Oman,1962,0.357142999357143
Oman,1961,0.357142999357143
Oman,1960,0.357142999357143
Pakistan,2023,280.356111655149
Pakistan,2022,204.867187469982
Pakistan,2021,162.906253747418
Pakistan,2020,161.838479684718
Pakistan,2019,150.036253839864
Pakistan,2018,121.824068875756
Pakistan,2017,105.455162087938
Pakistan,2016,104.769117033301
Pakistan,2015,102.769271604675
Pakistan,2014,101.100088423521
Pakistan,2013,101.628899206349
Pakistan,2012,93.3951972222222
Pakistan,2011,86.3433833333333
Pakistan,2010,85.1938163257576
Pakistan,2009,81.7128916666666
Pakistan,2008,70.4080333333333
Pakistan,2007,60.7385158333334
Pakistan,2006,60.271335
Pakistan,2005,59.514475
Pakistan,2004,58.2578633333333
Pakistan,2003,57.7519966666667
Pakistan,2002,59.7237816666667
Pakistan,2001,61.9271616666666
Pakistan,2000,53.6481865
Pakistan,1999,49.5006915833333
Pakistan,1998,45.0466666666667
Pakistan,1997,41.111525
Pakistan,1996,36.0786833333333
Pakistan,1995,31.6426833333333
Pakistan,1994,30.5665916666667
Pakistan,1993,28.1071833333333
Pakistan,1992,25.0827916666667
Pakistan,1991,23.8007666666667
Pakistan,1990,21.707375
Pakistan,1989,20.5414916666667
Pakistan,1988,18.0032916666667
Pakistan,1987,17.3988
Pakistan,1986,16.6475083330833
Pakistan,1985,15.92839166625
Pakistan,1984,14.0463333330833
Pakistan,1983,13.1169749993333
Pakistan,1982,11.8474666658333
Pakistan,1981,9.9
Pakistan,1980,9.9
Pakistan,1979,9.9
Pakistan,1978,9.9
Pakistan,1977,9.9
Pakistan,1976,9.9
Pakistan,1975,9.9
Pakistan,1974,9.9
Pakistan,1973,9.99424999991667
Pakistan,1972,8.68138258259937
Pakistan,1971,4.76190000336508
Pakistan,1970,4.7619000037619
Pakistan,1969,4.7619000037619
Pakistan,1968,4.7619000037619
Pakistan,1967,4.7619000037619
Pakistan,1966,4.7619000037619
Pakistan,1965,4.7619000037619
Pakistan,1964,4.7619000037619
Pakistan,1963,4.7619000037619
Pakistan,1962,4.7619000037619
Pakistan,1961,4.7619000037619
Pakistan,1960,4.7619000037619
Palau,2023,1.0
Palau,2022,1.0
Palau,2021,1.0
Palau,2020,1.0
Palau,2019,1.0
Palau,2018,1.0
Palau,2017,1.0
Palau,2016,1.0
Palau,2015,1.0
Palau,2014,1.0
Palau,2013,1.0
Palau,2012,1.0
Palau,2011,1.0
Palau,2010,1.0
Palau,2009,1.0
Palau,2008,1.0
Palau,2007,1.0
Palau,2006,1.0
Palau,2005,1.0
Palau,2004,
Palau,2003,
Palau,2002,
Palau,2001,
Palau,2000,
Palau,1999,
Palau,1998,
Palau,1997,
Palau,1996,
Palau,1995,
Palau,1994,
Palau,1993,
Palau,1992,
Palau,1991,
Palau,1990,
Palau,1989,
Palau,1988,
Palau,1987,
Palau,1986,
Palau,1985,
Palau,1984,
Palau,1983,
Palau,1982,
Palau,1981,
Palau,1980,
Palau,1979,
Palau,1978,
Palau,1977,
Palau,1976,
Palau,1975,
Palau,1974,
Palau,1973,
Palau,1972,
Palau,1971,
Palau,1970,
Palau,1969,
Palau,1968,
Palau,1967,
Palau,1966,
Palau,1965,
Palau,1964,
Palau,1963,
Palau,1962,
Palau,1961,
Palau,1960,
Panama,2023,1.0
Panama,2022,1.0
Panama,2021,1.0
Panama,2020,1.0
Panama,2019,1.0
Panama,2018,1.0
Panama,2017,1.0
Panama,2016,1.0
Panama,2015,1.0
Panama,2014,1.0
Panama,2013,1.0
Panama,2012,1.0
Panama,2011,1.0
Panama,2010,1.0
Panama,2009,1.0
Panama,2008,1.0
Panama,2007,1.0
Panama,2006,1.0
Panama,2005,1.0
Panama,2004,1.0
Panama,2003,1.0
Panama,2002,1.0
Panama,2001,1.0
Panama,2000,1.0
Panama,1999,1.0
Panama,1998,1.0
Panama,1997,1.0
Panama,1996,1.0
Panama,1995,1.0
Panama,1994,1.0
Panama,1993,1.0
Panama,1992,1.0
Panama,1991,1.0
Panama,1990,1.0
Panama,1989,1.0
Panama,1988,1.0
Panama,1987,1.0
Panama,1986,1.0
Panama,1985,1.0
Panama,1984,1.0
Panama,1983,1.0
Panama,1982,1.0
Panama,1981,1.0
Panama,1980,1.0
Panama,1979,1.0
Panama,1978,1.0
Panama,1977,1.0
Panama,1976,1.0
Panama,1975,1.0
Panama,1974,1.0
Panama,1973,1.0
Panama,1972,1.0
Panama,1971,1.0
Panama,1970,1.0
Panama,1969,1.0
Panama,1968,1.0
Panama,1967,1.0
Panama,1966,1.0
Panama,1965,1.0
Panama,1964,1.0
Panama,1963,1.0
Panama,1962,1.0
Panama,1961,1.0
Panama,1960,1.0
Papua New Guinea,2023,3.58962274932016
Papua New Guinea,2022,3.51922970506745
Papua New Guinea,2021,3.50877192982456
Papua New Guinea,2020,3.45997438644787
Papua New Guinea,2019,3.38753768145423
Papua New Guinea,2018,3.2934630812508
Papua New Guinea,2017,3.18878838289617
Papua New Guinea,2016,3.13302930185604
Papua New Guinea,2015,2.76841166666667
Papua New Guinea,2014,2.461385
Papua New Guinea,2013,2.24451
Papua New Guinea,2012,2.08364833902548
Papua New Guinea,2011,2.37096994940423
Papua New Guinea,2010,2.71929416666667
Papua New Guinea,2009,2.75514333333333
Papua New Guinea,2008,2.70008833333333
Papua New Guinea,2007,2.96534583333333
Papua New Guinea,2006,3.05673478733333
Papua New Guinea,2005,3.10194980033333
Papua New Guinea,2004,3.2225401036692
Papua New Guinea,2003,3.563452875
Papua New Guinea,2002,3.89522080166667
Papua New Guinea,2001,3.38871506458333
Papua New Guinea,2000,2.78215666666667
Papua New Guinea,1999,2.5707725
Papua New Guinea,1998,2.07359166666667
Papua New Guinea,1997,1.43797166666667
Papua New Guinea,1996,1.319075
Papua New Guinea,1995,1.27984166666667
Papua New Guinea,1994,1.01134
Papua New Guinea,1993,0.978176666666667
Papua New Guinea,1992,0.964663333333334
Papua New Guinea,1991,0.951709166666667
Papua New Guinea,1990,0.955
Papua New Guinea,1989,0.8587975
Papua New Guinea,1988,0.8670525
Papua New Guinea,1987,0.907899166666667
Papua New Guinea,1986,0.971414166666667
Papua New Guinea,1985,1.00031416641667
Papua New Guinea,1984,0.89855166625
Papua New Guinea,1983,0.836145832333333
Papua New Guinea,1982,0.738458332333333
Papua New Guinea,1981,0.672967499
Papua New Guinea,1980,0.670945832333333
Papua New Guinea,1979,0.711757499
Papua New Guinea,1978,0.708924999
Papua New Guinea,1977,0.791408332333334
Papua New Guinea,1976,0.792807499
Papua New Guinea,1975,0.763893332333333
Papua New Guinea,1974,0.696665868638096
Papua New Guinea,1973,0.704113907966658
Papua New Guinea,1972,0.835038973751367
Papua New Guinea,1971,0.882758271248973
Papua New Guinea,1970,0.892856999892857
Papua New Guinea,1969,0.892856999892857
Papua New Guinea,1968,0.892856999892857
Papua New Guinea,1967,0.892856999892857
Papua New Guinea,1966,0.892856999892857
Papua New Guinea,1965,0.892856999892857
Papua New Guinea,1964,0.892856999892857
Papua New Guinea,1963,0.892856999892857
Papua New Guinea,1962,0.892856999892857
Papua New Guinea,1961,0.892856999892857
Papua New Guinea,1960,0.892856999892857
Paraguay,2023,7288.87205374128
Paraguay,2022,6982.75237776692
Paraguay,2021,6774.16273484849
Paraguay,2020,6771.09742519652
Paraguay,2019,6240.72207844257
Paraguay,2018,5732.10455572912
Paraguay,2017,5618.9334516428
Paraguay,2016,5670.54089799784
Paraguay,2015,5204.92080811087
Paraguay,2014,4462.18528829093
Paraguay,2013,4303.88256599819
Paraguay,2012,4421.65928640414
Paraguay,2011,4193.8023075919
Paraguay,2010,4758.43012878788
Paraguay,2009,4966.68229650212
Paraguay,2008,4363.29160824492
Paraguay,2007,5032.71157647908
Paraguay,2006,5635.09393939394
Paraguay,2005,6177.9349469697
Paraguay,2004,5974.5775
Paraguay,2003,6424.33916666667
Paraguay,2002,5716.25833333333
Paraguay,2001,4105.925
Paraguay,2000,3486.35333333333
Paraguay,1999,3119.07333333333
Paraguay,1998,2726.49
Paraguay,1997,2177.8625
Paraguay,1996,2056.81166666667
Paraguay,1995,1963.01916666667
Paraguay,1994,1904.76083333333
Paraguay,1993,1744.34583333333
Paraguay,1992,1500.25833333333
Paraguay,1991,1325.18333333333
Paraguay,1990,1229.80833333333
Paraguay,1989,1056.21666666667
Paraguay,1988,550.0
Paraguay,1987,550.0
Paraguay,1986,339.166666666667
Paraguay,1985,306.666666666667
Paraguay,1984,201.0
Paraguay,1983,126.0
Paraguay,1982,126.0
Paraguay,1981,126.0
Paraguay,1980,126.0
Paraguay,1979,126.0
Paraguay,1978,126.0
Paraguay,1977,126.0
Paraguay,1976,126.0
Paraguay,1975,126.0
Paraguay,1974,126.0
Paraguay,1973,126.0
Paraguay,1972,126.0
Paraguay,1971,126.0
Paraguay,1970,126.0
Paraguay,1969,126.0
Paraguay,1968,126.0
Paraguay,1967,126.0
Paraguay,1966,126.0
Paraguay,1965,126.0
Paraguay,1964,126.0
Paraguay,1963,126.0
Paraguay,1962,126.0
Paraguay,1961,126.0
Paraguay,1960,123.166666666667
Peru,2023,3.74382620959376
Peru,2022,3.83518137473542
Peru,2021,3.88055413137587
Peru,2020,3.4949411976912
Peru,2019,3.3372655465368
Peru,2018,3.28660269803296
Peru,2017,3.2604884908321
Peru,2016,3.37506158720665
Peru,2015,3.18443924152237
Peru,2014,2.83904413780664
Peru,2013,2.70189902597403
Peru,2012,2.63758641774892
Peru,2011,2.7541
Peru,2010,2.825125
Peru,2009,3.01150833333333
Peru,2008,2.92440833333333
Peru,2007,3.12804457735247
Peru,2006,3.27403250265816
Peru,2005,3.29584166666667
Peru,2004,3.413175
Peru,2003,3.478467
Peru,2002,3.5165
Peru,2001,3.50683333333333
Peru,2000,3.49
Peru,1999,3.38333333333333
Peru,1998,2.93
Peru,1997,2.66416666666667
Peru,1996,2.45333333333333
Peru,1995,2.25333333333333
Peru,1994,2.195
Peru,1993,1.98831891666667
Peru,1992,1.24583333333333
Peru,1991,0.7725
Peru,1990,0.187885579166667
Peru,1989,0.0026661875
Peru,1988,0.000128831666666667
Peru,1987,1.68358333333333e-05
Peru,1986,1.39475e-05
Peru,1985,1.09749424999999e-05
Peru,1984,3.46685416666492e-06
Peru,1983,1.62863416666367e-06
Peru,1982,6.97566749997667e-07
Peru,1981,4.223179999985e-07
Peru,1980,2.88855249998667e-07
Peru,1979,2.24718916665667e-07
Peru,1978,1.5634883333275e-07
Peru,1977,8.42348333325833e-08
Peru,1976,5.57558333329166e-08
Peru,1975,4.03708333325833e-08
Peru,1974,3.8699999999e-08
Peru,1973,3.8699999999e-08
Peru,1972,3.8699999999e-08
Peru,1971,3.8699999999e-08
Peru,1970,3.8699999999e-08
Peru,1969,3.8699999999e-08
Peru,1968,3.8699999999e-08
Peru,1967,3.02483333323333e-08
Peru,1966,2.6819999999e-08
Peru,1965,2.6819999999e-08
Peru,1964,2.6819999999e-08
Peru,1963,2.6819999999e-08
Peru,1962,2.6819999999e-08
Peru,1961,2.681666666575e-08
Peru,1960,2.72991666659167e-08
Philippines,2023,55.630363223193
Philippines,2022,54.477785837205
Philippines,2021,49.2545977288412
Philippines,2020,49.6240960026328
Philippines,2019,51.7957826517332
Philippines,2018,52.6614299539683
Philippines,2017,50.4037197937177
Philippines,2016,47.4924638585099
Philippines,2015,45.5028399421431
Philippines,2014,44.3951543042097
Philippines,2013,42.4461848306739
Philippines,2012,42.2287947349434
Philippines,2011,43.3131369237488
Philippines,2010,45.1096641800896
Philippines,2009,47.6796884535091
Philippines,2008,44.32328760941
Philippines,2007,46.148391177755
Philippines,2006,51.3142725
Philippines,2005,55.0854916666666
Philippines,2004,56.0399166666666
Philippines,2003,54.2033333333333
Philippines,2002,51.6035666666667
Philippines,2001,50.99265
Philippines,2000,44.19225
Philippines,1999,39.0889833333333
Philippines,1998,40.89305
Philippines,1997,29.4706583333333
Philippines,1996,26.2161
Philippines,1995,25.7144666666667
Philippines,1994,26.4171666666667
Philippines,1993,27.1198416666667
Philippines,1992,25.5124916666667
Philippines,1991,27.4786333333333
Philippines,1990,24.3105
Philippines,1989,21.7366833333333
Philippines,1988,21.094675
Philippines,1987,20.567675
Philippines,1986,20.3856833333333
Philippines,1985,18.6073416665
Philippines,1984,16.6987083329167
Philippines,1983,11.1127166658333
Philippines,1982,8.53999999941667
Philippines,1981,7.89964999908333
Philippines,1980,7.51143333233333
Philippines,1979,7.377549999
Philippines,1978,7.3657583325
Philippines,1977,7.402824999
Philippines,1976,7.44025833233333
Philippines,1975,7.247899999
Philippines,1974,6.78787499941667
Philippines,1973,6.75628333233333
Philippines,1972,6.67484166575
Philippines,1971,6.43170833233333
Philippines,1970,5.904349999325
Philippines,1969,3.9000000029
Philippines,1968,3.9000000029
Philippines,1967,3.9000000029
Philippines,1966,3.9000000029
Philippines,1965,3.90917334748487
Philippines,1964,3.91000728790168
Philippines,1963,3.9104231462456
Philippines,1962,3.72785157761872
Philippines,1961,2.01999798408241
Philippines,1960,2.01499848831181
Poland,2023,4.20366666666667
Poland,2022,4.45775833333333
Poland,2021,3.86191666666667
Poland,2020,3.89974166666667
Poland,2019,3.839375
Poland,2018,3.61171666666667
Poland,2017,3.77933333333333
Poland,2016,3.94278333333334
Poland,2015,3.7695
Poland,2014,3.15454166666667
Poland,2013,3.16061666666667
Poland,2012,3.25654166666667
Poland,2011,2.96284777777778
Poland,2010,3.0153
Poland,2009,3.12014166666667
Poland,2008,2.40924166666667
Poland,2007,2.76795
Poland,2006,3.10315833333333
Poland,2005,3.23548333333333
Poland,2004,3.65764166666667
Poland,2003,3.889075
Poland,2002,4.08003333333333
Poland,2001,4.0939
Poland,2000,4.346075
Poland,1999,3.96710833333333
Poland,1998,3.4754
Poland,1997,3.27929166666667
Poland,1996,2.6961
Poland,1995,2.42498333333333
Poland,1994,2.27227666666667
Poland,1993,1.81149666666667
Poland,1992,1.36264333333333
Poland,1991,1.05760583333333
Poland,1990,0.95
Poland,1989,0.143918416666667
Poland,1988,0.0430545833333333
Poland,1987,0.02650825
Poland,1986,0.0175286666666667
Poland,1985,0.0147141666666333
Poland,1984,0.01132399999995
Poland,1983,0.00915499999996667
Poland,1982,0.00848241666664167
Poland,1981,0.00511525
Poland,1980,0.00442166666666667
Poland,1979,0.00332
Poland,1978,0.000581
Poland,1977,0.000332
Poland,1976,0.000332
Poland,1975,0.000332
Poland,1974,0.0003319999999
Poland,1973,0.0003349999999
Poland,1972,0.0003679999999
Poland,1971,0.000389333333233333
Poland,1970,0.0004
Poland,1969,0.0003999999999
Poland,1968,0.0003999999999
Poland,1967,0.0003999999999
Poland,1966,0.0003999999999
Poland,1965,0.0003999999999
Poland,1964,0.0003999999999
Poland,1963,0.0003999999999
Poland,1962,0.0003999999999
Poland,1961,0.0003999999999
Poland,1960,0.0003999999999
Portugal,2023,0.924839558470698
Portugal,2022,0.949623753156941
Portugal,2021,0.84549413889045
Portugal,2020,0.875506396987998
Portugal,2019,0.893276257067409
Portugal,2018,0.846772667108111
Portugal,2017,0.885205508269372
Portugal,2016,0.903421436257263
Portugal,2015,0.901296423367096
Portugal,2014,0.752728196932603
Portugal,2013,0.752945122701996
Portugal,2012,0.778338120416812
Portugal,2011,0.718413898653317
Portugal,2010,0.754308990105961
Portugal,2009,0.716957702016136
Portugal,2008,0.679922680042729
Portugal,2007,0.729672399984083
Portugal,2006,0.796432730949102
Portugal,2005,0.803800192161442
Portugal,2004,0.803921647747618
Portugal,2003,0.88404792718493
Portugal,2002,1.05755899623965
Portugal,2001,1.11653308564462
Portugal,2000,1.08270508132602
Portugal,1999,0.938283072395283
Portugal,1998,180.10448
Portugal,1997,175.312445
Portugal,1996,154.243661666667
Portugal,1995,151.105528333333
Portugal,1994,165.992776666667
Portugal,1993,160.800185833333
Portugal,1992,134.997833333333
Portugal,1991,144.482
Portugal,1990,142.55475
Portugal,1989,157.45825
Portugal,1988,143.953916666667
Portugal,1987,140.882416666667
Portugal,1986,149.58675
Portugal,1985,170.3946666665
Portugal,1984,146.390333332917
Portugal,1983,110.779833332583
Portugal,1982,79.4733333328333
Portugal,1981,61.54637499925
Portugal,1980,50.0621333323333
Portugal,1979,48.9234666656667
Portugal,1978,43.9373333325833
Portugal,1977,38.276949999
Portugal,1976,30.2290833325833
Portugal,1975,25.552749999
Portugal,1974,25.4081666656667
Portugal,1973,24.5151666664167
Portugal,1972,27.0534166665
Portugal,1971,28.3601702876561
Portugal,1970,28.75000002875
Portugal,1969,28.75000002875
Portugal,1968,28.75000002875
Portugal,1967,28.75000002875
Portugal,1966,28.75000002875
Portugal,1965,28.75000002875
Portugal,1964,28.75000002875
Portugal,1963,28.75000002875
Portugal,1962,28.75000002875
Portugal,1961,28.75000002875
Portugal,1960,28.75000002875
Puerto Rico,2023,1.0
Puerto Rico,2022,1.0
Puerto Rico,2021,1.0
Puerto Rico,2020,1.0
Puerto Rico,2019,1.0
Puerto Rico,2018,1.0
Puerto Rico,2017,1.0
Puerto Rico,2016,1.0
Puerto Rico,2015,1.0
Puerto Rico,2014,1.0
Puerto Rico,2013,1.0
Puerto Rico,2012,1.0
Puerto Rico,2011,1.0
Puerto Rico,2010,1.0
Puerto Rico,2009,1.0
Puerto Rico,2008,1.0
Puerto Rico,2007,1.0
Puerto Rico,2006,1.0
Puerto Rico,2005,1.0
Puerto Rico,2004,1.0
Puerto Rico,2003,1.0
Puerto Rico,2002,1.0
Puerto Rico,2001,1.0
Puerto Rico,2000,1.0
Puerto Rico,1999,1.0
Puerto Rico,1998,1.0
Puerto Rico,1997,1.0
Puerto Rico,1996,1.0
Puerto Rico,1995,1.0
Puerto Rico,1994,1.0
Puerto Rico,1993,1.0
Puerto Rico,1992,1.0
Puerto Rico,1991,1.0
Puerto Rico,1990,1.0
Puerto Rico,1989,1.0
Puerto Rico,1988,1.0
Puerto Rico,1987,1.0
Puerto Rico,1986,1.0
Puerto Rico,1985,1.0
Puerto Rico,1984,1.0
Puerto Rico,1983,1.0
Puerto Rico,1982,1.0
Puerto Rico,1981,1.0
Puerto Rico,1980,1.0
Puerto Rico,1979,1.0
Puerto Rico,1978,1.0
Puerto Rico,1977,1.0
Puerto Rico,1976,1.0
Puerto Rico,1975,1.0
Puerto Rico,1974,1.0
Puerto Rico,1973,1.0
Puerto Rico,1972,1.0
Puerto Rico,1971,1.0
Puerto Rico,1970,1.0
Puerto Rico,1969,1.0
Puerto Rico,1968,1.0
Puerto Rico,1967,1.0
Puerto Rico,1966,1.0
Puerto Rico,1965,1.0
Puerto Rico,1964,1.0
Puerto Rico,1963,1.0
Puerto Rico,1962,1.0
Puerto Rico,1961,1.0
Puerto Rico,1960,1.0
Qatar,2023,3.64
Qatar,2022,3.64
Qatar,2021,3.64
Qatar,2020,3.64
Qatar,2019,3.64
Qatar,2018,3.64
Qatar,2017,3.64
Qatar,2016,3.64
Qatar,2015,3.64
Qatar,2014,3.64
Qatar,2013,3.64
Qatar,2012,3.64
Qatar,2011,3.64
Qatar,2010,3.64
Qatar,2009,3.64
Qatar,2008,3.64
Qatar,2007,3.64
Qatar,2006,3.64
Qatar,2005,3.64
Qatar,2004,3.64
Qatar,2003,3.64
Qatar,2002,3.64
Qatar,2001,3.64
Qatar,2000,3.64
Qatar,1999,3.64
Qatar,1998,3.64
Qatar,1997,3.64
Qatar,1996,3.64
Qatar,1995,3.64
Qatar,1994,3.64
Qatar,1993,3.64
Qatar,1992,3.64
Qatar,1991,3.64
Qatar,1990,3.64
Qatar,1989,3.64
Qatar,1988,3.64
Qatar,1987,3.64
Qatar,1986,3.64
Qatar,1985,3.64
Qatar,1984,3.63999999958333
Qatar,1983,3.639999999
Qatar,1982,3.639999999
Qatar,1981,3.639999999
Qatar,1980,3.65696666566667
Qatar,1979,3.773324999
Qatar,1978,3.876899999
Qatar,1977,3.95901666566667
Qatar,1976,3.96343333233333
Qatar,1975,3.93071666566667
Qatar,1974,3.947399999
Qatar,1973,3.99629355042679
Qatar,1972,4.38597784250488
Qatar,1971,4.74796288486442
Qatar,1970,4.7619000037619
Qatar,1969,4.7619000037619
Qatar,1968,4.7619000037619
Qatar,1967,4.7619000037619
Qatar,1966,4.7619000037619
Qatar,1965,
Qatar,1964,
Qatar,1963,
Qatar,1962,
Qatar,1961,
Qatar,1960,
Romania,2023,4.57429166666667
Romania,2022,4.688475
Romania,2021,4.16041666666666
Romania,2020,4.24399166666667
Romania,2019,4.237925
Romania,2018,3.94161666666667
Romania,2017,4.05249166666666
Romania,2016,4.05918333333333
Romania,2015,4.00566666666666
Romania,2014,3.349175
Romania,2013,3.32791666666667
Romania,2012,3.4682
Romania,2011,3.04860833333333
Romania,2010,3.1779
Romania,2009,3.049325
Romania,2008,2.51885833333333
Romania,2007,2.43825
Romania,2006,2.80898333333333
Romania,2005,2.91365316666667
Romania,2004,3.26365683333333
Romania,2003,3.32000708333333
Romania,2002,3.305543
Romania,2001,2.90607916666667
Romania,2000,2.17087208333333
Romania,1999,1.53328375
Romania,1998,0.887557583333333
Romania,1997,0.716794333333334
Romania,1996,0.30842175
Romania,1995,0.203327583333333
Romania,1994,0.165508583333333
Romania,1993,0.0760050833333333
Romania,1992,0.0307953333333333
Romania,1991,0.007638725
Romania,1990,0.00224320833333333
Romania,1989,0.00149215833333333
Romania,1988,0.00142769166666667
Romania,1987,0.0014557
Romania,1986,0.00161534166665
Romania,1985,0.001714141666625
Romania,1984,0.002128016666625
Romania,1983,0.00171784999995
Romania,1982,0.0015
Romania,1981,0.0015
Romania,1980,0.0018
Romania,1979,0.0018
Romania,1978,0.00183602499999167
Romania,1977,0.002
Romania,1976,0.002
Romania,1975,0.002
Romania,1974,0.002
Romania,1973,0.00187941666665833
Romania,1972,0.0005529999999
Romania,1971,0.0005999999999
Romania,1970,0.0005999999999
Romania,1969,0.0005999999999
Romania,1968,0.0005999999999
Romania,1967,0.0005999999999
Romania,1966,0.0005999999999
Romania,1965,0.0005999999999
Romania,1964,0.0005999999999
Romania,1963,0.0005999999999
Romania,1962,0.0005999999999
Romania,1961,0.0005999999999
Romania,1960,0.0005999999999
Russian Federation,2023,85.1620083333333
Russian Federation,2022,68.4849416666667
Russian Federation,2021,73.65435
Russian Federation,2020,72.1049083333333
Russian Federation,2019,64.7376583333333
Russian Federation,2018,62.6681333333334
Russian Federation,2017,58.3428011851719
Russian Federation,2016,67.0559333333333
Russian Federation,2015,60.9376501088951
Russian Federation,2014,38.3782071444168
Russian Federation,2013,31.8371436402813
Russian Federation,2012,30.8398313519917
Russian Federation,2011,29.3823413709302
Russian Federation,2010,30.3679153383059
Russian Federation,2009,31.7403583333333
Russian Federation,2008,24.852875
Russian Federation,2007,25.5808453675404
Russian Federation,2006,27.1909583333333
Russian Federation,2005,28.2844416666667
Russian Federation,2004,28.8137416666667
Russian Federation,2003,30.692025
Russian Federation,2002,31.3484833333333
Russian Federation,2001,29.168525
Russian Federation,2000,28.1291666666667
Russian Federation,1999,24.6199
Russian Federation,1998,9.70508333333333
Russian Federation,1997,5.78483333333334
Russian Federation,1996,5.12083333333333
Russian Federation,1995,
Russian Federation,1994,
Russian Federation,1993,0.991666666666667
Russian Federation,1992,
Russian Federation,1991,
Russian Federation,1990,
Russian Federation,1989,
Russian Federation,1988,
Russian Federation,1987,
Russian Federation,1986,
Russian Federation,1985,
Russian Federation,1984,
Russian Federation,1983,
Russian Federation,1982,
Russian Federation,1981,
Russian Federation,1980,
Russian Federation,1979,
Russian Federation,1978,
Russian Federation,1977,
Russian Federation,1976,
Russian Federation,1975,
Russian Federation,1974,
Russian Federation,1973,
Russian Federation,1972,
Russian Federation,1971,
Russian Federation,1970,
Russian Federation,1969,
Russian Federation,1968,
Russian Federation,1967,
Russian Federation,1966,
Russian Federation,1965,
Russian Federation,1964,
Russian Federation,1963,
Russian Federation,1962,
Russian Federation,1961,
Russian Federation,1960,
Rwanda,2023,1160.09869425
Rwanda,2022,1030.30829974206
Rwanda,2021,988.624806551768
Rwanda,2020,943.278048166667
Rwanda,2019,899.350509
Rwanda,2018,861.093412166667
Rwanda,2017,831.55433975
Rwanda,2016,787.25152175
Rwanda,2015,719.8595555
Rwanda,2014,682.4377953875
Rwanda,2013,646.6359745
Rwanda,2012,614.295142416667
Rwanda,2011,600.30651975
Rwanda,2010,583.130906583333
Rwanda,2009,568.281326833334
Rwanda,2008,546.848653166667
Rwanda,2007,546.955
Rwanda,2006,551.710333333334
Rwanda,2005,557.82264075
Rwanda,2004,577.448974583333
Rwanda,2003,537.65498475
Rwanda,2002,475.365241666667
Rwanda,2001,442.991891666667
Rwanda,2000,389.696216666666
Rwanda,1999,333.941925
Rwanda,1998,312.314091666667
Rwanda,1997,301.529816666667
Rwanda,1996,306.82
Rwanda,1995,262.1822632586
Rwanda,1994,140.703847467575
Rwanda,1993,144.237020537225
Rwanda,1992,133.938583325
Rwanda,1991,125.1642483
Rwanda,1990,83.7040975583333
Rwanda,1989,80.148978175
Rwanda,1988,76.4477377333333
Rwanda,1987,79.4606499916667
Rwanda,1986,87.5909168166667
Rwanda,1985,101.244670649548
Rwanda,1984,100.232891523645
Rwanda,1983,96.09393524729
Rwanda,1982,93.0599674389567
Rwanda,1981,87.1603050389567
Rwanda,1980,86.063879888
Rwanda,1979,86.6907065546667
Rwanda,1978,89.4879065546667
Rwanda,1977,95.9350932213333
Rwanda,1976,97.0123465546667
Rwanda,1975,92.2772665546667
Rwanda,1974,92.3017565556667
Rwanda,1973,83.9219999
Rwanda,1972,92.1049999
Rwanda,1971,99.7073332333333
Rwanda,1970,99.9999999
Rwanda,1969,99.9999999
Rwanda,1968,99.9999999
Rwanda,1967,99.9999999
Rwanda,1966,87.4999999125
Rwanda,1965,49.99999995
Rwanda,1964,49.99999995
Rwanda,1963,49.99999995
Rwanda,1962,49.99999995
Rwanda,1961,49.99999995
Rwanda,1960,49.99999995
Samoa,2023,2.73843913026323
Samoa,2022,2.68899764734059
Samoa,2021,2.55609234207843
Samoa,2020,2.66496084519696
Samoa,2019,2.64882632186605
Samoa,2018,2.58727995057261
Samoa,2017,2.55437711641037
Samoa,2016,2.56492967258212
Samoa,2015,2.5608736880983
Samoa,2014,2.33176884618308
Samoa,2013,2.31090003482576
Samoa,2012,2.29231194992329
Samoa,2011,2.3174720118126
Samoa,2010,2.48465658452338
Samoa,2009,2.73077850953731
Samoa,2008,2.64417628032353
Samoa,2007,2.61657247247996
Samoa,2006,2.77929404469672
Samoa,2005,2.71033673441667
Samoa,2004,2.78072343066667
Samoa,2003,2.97323765833333
Samoa,2002,3.3762581025
Samoa,2001,3.4780400715
Samoa,2000,3.286361525
Samoa,1999,3.013152
Samoa,1998,2.94768683333333
Samoa,1997,2.55937166666667
Samoa,1996,2.46217291666667
Samoa,1995,2.47340416666667
Samoa,1994,2.53503716666667
Samoa,1993,2.56860341666667
Samoa,1992,2.46630833333333
Samoa,1991,2.39962233333333
Samoa,1990,2.30985166666667
Samoa,1989,2.27019166666667
Samoa,1988,2.08043666666667
Samoa,1987,2.12174833333333
Samoa,1986,2.23575999991667
Samoa,1985,2.24527333308333
Samoa,1984,1.86230583283333
Samoa,1983,1.54913083308333
Samoa,1982,1.20733249908333
Samoa,1981,1.03408499908333
Samoa,1980,0.919306665666667
Samoa,1979,0.826158332333333
Samoa,1978,0.736332832333333
Samoa,1977,0.786077499
Samoa,1976,0.795365499
Samoa,1975,0.632788583166667
Samoa,1974,0.60658
Samoa,1973,0.6149525
Samoa,1972,0.67543
Samoa,1971,0.718959734378283
Samoa,1970,0.72106999972107
Samoa,1969,0.72106999972107
Samoa,1968,0.72106999972107
Samoa,1967,0.719503333052837
Samoa,1966,0.71918999971919
Samoa,1965,0.71918999971919
Samoa,1964,0.71918999971919
Samoa,1963,0.71918999971919
Samoa,1962,0.71918999971919
Samoa,1961,0.715514999715515
Samoa,1960,0.71428999971429
San Marino,2023,0.924709622987356
San Marino,2022,0.950915533962108
San Marino,2021,0.845376564367945
San Marino,2020,0.877475207233012
San Marino,2019,0.893215581479226
San Marino,2018,0.846772667108096
San Marino,2017,0.88520550826938
San Marino,2016,0.903421436257288
San Marino,2015,0.901296423367096
San Marino,2014,0.752728196932591
San Marino,2013,0.752945122702002
San Marino,2012,0.778338120416812
San Marino,2011,0.718413898653322
San Marino,2010,0.754308990105979
San Marino,2009,0.716957702016136
San Marino,2008,0.679922680042729
San Marino,2007,0.729672399984088
San Marino,2006,0.796432730949096
San Marino,2005,0.803800192161416
San Marino,2004,0.803921647747605
San Marino,2003,0.884047927184961
San Marino,2002,1.05755899623965
San Marino,2001,1.11653308564468
San Marino,2000,1.08270508132601
San Marino,1999,0.938283072395239
San Marino,1998,1736.20738333333
San Marino,1997,1703.09690833333
San Marino,1996,1542.94696666667
San Marino,1995,1628.93315833333
San Marino,1994,1612.44498333333
San Marino,1993,1573.66586666667
San Marino,1992,1232.40583333333
San Marino,1991,1240.61333333333
San Marino,1990,1198.10166666667
San Marino,1989,1372.09333333333
San Marino,1988,1301.6275
San Marino,1987,1296.07
San Marino,1986,1490.80999999875
San Marino,1985,1909.439166664
San Marino,1984,1756.96083333183
San Marino,1983,1518.84833333283
San Marino,1982,1352.50999999808
San Marino,1981,1136.76499999958
San Marino,1980,856.447499997417
San Marino,1979,830.861666665917
San Marino,1978,848.663333330917
San Marino,1977,882.38833333125
San Marino,1976,832.334999999667
San Marino,1975,652.849166666
San Marino,1974,650.343333331833
San Marino,1973,582.995833331917
San Marino,1972,583.217499999417
San Marino,1971,
San Marino,1970,
San Marino,1969,
San Marino,1968,
San Marino,1967,
San Marino,1966,
San Marino,1965,
San Marino,1964,
San Marino,1963,
San Marino,1962,
San Marino,1961,
San Marino,1960,
Sao Tome and Principe,2023,22.6584247888496
Sao Tome and Principe,2022,23.2904039548641
Sao Tome and Principe,2021,20.7104015163031
Sao Tome and Principe,2020,21.5070590993582
Sao Tome and Principe,2019,21.8847418164689
Sao Tome and Principe,2018,20.7508592370914
Sao Tome and Principe,2017,21.7411383607116
Sao Tome and Principe,2016,22.1488606347838
Sao Tome and Principe,2015,22.0906445602113
Sao Tome and Principe,2014,18.4664030495763
Sao Tome and Principe,2013,18.4499526248781
Sao Tome and Principe,2012,19.0684168084153
Sao Tome and Principe,2011,17.6229350058197
Sao Tome and Principe,2010,18.498601323751
Sao Tome and Principe,2009,16.2084512541667
Sao Tome and Principe,2008,14.6952016666667
Sao Tome and Principe,2007,13.536755
Sao Tome and Principe,2006,12.4486425
Sao Tome and Principe,2005,10.5579703333333
Sao Tome and Principe,2004,9.90232416666667
Sao Tome and Principe,2003,9.34758333333333
Sao Tome and Principe,2002,9.088325
Sao Tome and Principe,2001,8.84210916666667
Sao Tome and Principe,2000,7.97817166666666
Sao Tome and Principe,1999,7.11895833333333
Sao Tome and Principe,1998,6.88324283333333
Sao Tome and Principe,1997,4.55250591666667
Sao Tome and Principe,1996,2.20316358333333
Sao Tome and Principe,1995,1.42034183333333
Sao Tome and Principe,1994,0.732628166666667
Sao Tome and Principe,1993,0.429854166666667
Sao Tome and Principe,1992,0.321337083333333
Sao Tome and Principe,1991,
Sao Tome and Principe,1990,0.143330916666667
Sao Tome and Principe,1989,0.12467225
Sao Tome and Principe,1988,0.0863433333333333
Sao Tome and Principe,1987,0.0542112152376878
Sao Tome and Principe,1986,0.0385890122281718
Sao Tome and Principe,1985,0.0446043888483533
Sao Tome and Principe,1984,0.0441586673955886
Sao Tome and Principe,1983,0.0423351984738253
Sao Tome and Principe,1982,0.0409986020334229
Sao Tome and Principe,1981,0.0383994644452316
Sao Tome and Principe,1980,0.0347713987737202
Sao Tome and Principe,1979,0.0350245835666349
Sao Tome and Principe,1978,0.0361547244398969
Sao Tome and Principe,1977,0.0375580709605855
Sao Tome and Principe,1976,0.0302290833333333
Sao Tome and Principe,1975,0.0255432499999167
Sao Tome and Principe,1974,0.0254081666665833
Sao Tome and Principe,1973,0.0245151666665833
Sao Tome and Principe,1972,0.0270534166666667
Sao Tome and Principe,1971,0.0283601702878227
Sao Tome and Principe,1970,0.02875000002875
Sao Tome and Principe,1969,0.02875000002875
Sao Tome and Principe,1968,0.02875000002875
Sao Tome and Principe,1967,0.02875000002875
Sao Tome and Principe,1966,0.02875000002875
Sao Tome and Principe,1965,0.02875000002875
Sao Tome and Principe,1964,0.02875000002875
Sao Tome and Principe,1963,0.02875000002875
Sao Tome and Principe,1962,0.02875000002875
Sao Tome and Principe,1961,0.02875000002875
Sao Tome and Principe,1960,0.02875000002875
Saudi Arabia,2023,3.75
Saudi Arabia,2022,3.75
Saudi Arabia,2021,3.75
Saudi Arabia,2020,3.75
Saudi Arabia,2019,3.75
Saudi Arabia,2018,3.75
Saudi Arabia,2017,3.75
Saudi Arabia,2016,3.75
Saudi Arabia,2015,3.75
Saudi Arabia,2014,3.75
Saudi Arabia,2013,3.75
Saudi Arabia,2012,3.75
Saudi Arabia,2011,3.75
Saudi Arabia,2010,3.75
Saudi Arabia,2009,3.75
Saudi Arabia,2008,3.75
Saudi Arabia,2007,3.75
Saudi Arabia,2006,3.75
Saudi Arabia,2005,3.75
Saudi Arabia,2004,3.75
Saudi Arabia,2003,3.75
Saudi Arabia,2002,3.75
Saudi Arabia,2001,3.75
Saudi Arabia,2000,3.75
Saudi Arabia,1999,3.75
Saudi Arabia,1998,3.75
Saudi Arabia,1997,3.75
Saudi Arabia,1996,3.75
Saudi Arabia,1995,3.75
Saudi Arabia,1994,3.75
Saudi Arabia,1993,3.75
Saudi Arabia,1992,3.75
Saudi Arabia,1991,3.75
Saudi Arabia,1990,3.75
Saudi Arabia,1989,3.75
Saudi Arabia,1988,3.75
Saudi Arabia,1987,3.75
Saudi Arabia,1986,3.70625
Saudi Arabia,1985,3.62213583316667
Saudi Arabia,1984,3.523810833
Saudi Arabia,1983,3.45475916575
Saudi Arabia,1982,3.42817083241667
Saudi Arabia,1981,3.38250833258333
Saudi Arabia,1980,3.32674166566667
Saudi Arabia,1979,3.36083666566667
Saudi Arabia,1978,3.39956166566667
Saudi Arabia,1977,3.525064999
Saudi Arabia,1976,3.529999999
Saudi Arabia,1975,3.517612499
Saudi Arabia,1974,3.549999999
Saudi Arabia,1973,3.70658904010294
Saudi Arabia,1972,4.14475320586966
Saudi Arabia,1971,4.48682941297145
Saudi Arabia,1970,4.5000000035
Saudi Arabia,1969,4.5000000035
Saudi Arabia,1968,4.5000000035
Saudi Arabia,1967,4.5000000035
Saudi Arabia,1966,4.5000000035
Saudi Arabia,1965,4.5000000035
Saudi Arabia,1964,4.5000000035
Saudi Arabia,1963,4.5000000035
Saudi Arabia,1962,4.5000000035
Saudi Arabia,1961,4.5000000035
Saudi Arabia,1960,4.5000000035
Senegal,2023,606.569750165917
Senegal,2022,623.759700911182
Senegal,2021,554.530675033104
Senegal,2020,575.586004510945
Senegal,2019,585.911013180369
Senegal,2018,555.446458398226
Senegal,2017,580.656749587858
Senegal,2016,592.605615063022
Senegal,2015,591.21169798261
Senegal,2014,493.757329875312
Senegal,2013,493.899623852237
Senegal,2012,510.556338454251
Senegal,2011,471.248625718937
Senegal,2010,494.794262222947
Senegal,2009,470.293423341398
Senegal,2008,446.000041432788
Senegal,2007,478.633718476363
Senegal,2006,522.425624895176
Senegal,2005,527.258362649626
Senegal,2004,527.338032291576
Senegal,2003,579.897426172466
Senegal,2002,693.713226496374
Senegal,2001,732.397693260228
Senegal,2000,710.207977031367
Senegal,1999,615.473349319164
Senegal,1998,589.951774567332
Senegal,1997,583.669372353396
Senegal,1996,511.552430272516
Senegal,1995,499.14842590131
Senegal,1994,555.204695655697
Senegal,1993,283.162579500018
Senegal,1992,264.691800750579
Senegal,1991,282.10690880882
Senegal,1990,272.264787954393
Senegal,1989,319.008299487903
Senegal,1988,297.848218819378
Senegal,1987,300.536562401478
Senegal,1986,346.305903554493
Senegal,1985,449.262962711607
Senegal,1984,436.956665788008
Senegal,1983,381.066036024628
Senegal,1982,328.60625269899
Senegal,1981,271.731452550327
Senegal,1980,211.279555414705
Senegal,1979,212.721644262377
Senegal,1978,225.655860233957
Senegal,1977,245.679686566576
Senegal,1976,238.950494267059
Senegal,1975,214.312900341219
Senegal,1974,240.704667637823
Senegal,1973,222.889183053227
Senegal,1972,252.027627462649
Senegal,1971,275.356456685332
Senegal,1970,276.403137026845
Senegal,1969,259.960574351236
Senegal,1968,247.564693756951
Senegal,1967,246.000937791281
Senegal,1966,245.678436557644
Senegal,1965,245.060934207708
Senegal,1964,245.027184079042
Senegal,1963,245.016350696075
Senegal,1962,245.013850686544
Senegal,1961,245.26010162116
Senegal,1960,245.195101398359
Serbia,2023,108.402691666667
Serbia,2022,111.662183333333
Serbia,2021,99.3959416666667
Serbia,2020,103.163291666667
Serbia,2019,105.249558333333
Serbia,2018,100.175075
Serbia,2017,107.75885
Serbia,2016,111.27785
Serbia,2015,108.811425
Serbia,2014,88.4053083333333
Serbia,2013,85.1588416666667
Serbia,2012,87.9588083333333
Serbia,2011,73.3554333333333
Serbia,2010,77.7228416666667
Serbia,2009,67.6049333333333
Serbia,2008,55.72925
Serbia,2007,58.4495666666667
Serbia,2006,67.155125
Serbia,2005,66.717825
Serbia,2004,58.3757083333333
Serbia,2003,57.5900416666667
Serbia,2002,64.405225
Serbia,2001,66.91366
Serbia,2000,63.1659
Serbia,1999,11.6615
Serbia,1998,10.0308
Serbia,1997,5.9123
Serbia,1996,
Serbia,1995,
Serbia,1994,
Serbia,1993,
Serbia,1992,
Serbia,1991,
Serbia,1990,
Serbia,1989,
Serbia,1988,
Serbia,1987,
Serbia,1986,
Serbia,1985,
Serbia,1984,
Serbia,1983,
Serbia,1982,
Serbia,1981,
Serbia,1980,
Serbia,1979,
Serbia,1978,
Serbia,1977,
Serbia,1976,
Serbia,1975,
Serbia,1974,
Serbia,1973,
Serbia,1972,
Serbia,1971,
Serbia,1970,
Serbia,1969,
Serbia,1968,
Serbia,1967,
Serbia,1966,
Serbia,1965,
Serbia,1964,
Serbia,1963,
Serbia,1962,
Serbia,1961,
Serbia,1960,
Seychelles,2023,14.0181106992979
Seychelles,2022,14.2727945255291
Seychelles,2021,16.9205225709613
Seychelles,2020,17.6165187554113
Seychelles,2019,14.03325
Seychelles,2018,13.9111166666667
Seychelles,2017,13.6478416666667
Seychelles,2016,13.3191166666667
Seychelles,2015,13.313925
Seychelles,2014,12.7470333333333
Seychelles,2013,12.0583166666667
Seychelles,2012,13.7040312149325
Seychelles,2011,12.3810319073844
Seychelles,2010,12.06775664095
Seychelles,2009,13.60994045249
Seychelles,2008,9.45724328344921
Seychelles,2007,6.7010595376306
Seychelles,2006,5.51969166666667
Seychelles,2005,5.5
Seychelles,2004,5.5
Seychelles,2003,5.40071666666667
Seychelles,2002,5.48003333333333
Seychelles,2001,5.85754166666667
Seychelles,2000,5.71381666666667
Seychelles,1999,5.34258333333333
Seychelles,1998,5.26219166666666
Seychelles,1997,5.02634166666667
Seychelles,1996,4.96998333333333
Seychelles,1995,4.761975
Seychelles,1994,5.05585833333333
Seychelles,1993,5.18153333333333
Seychelles,1992,5.12198333333333
Seychelles,1991,5.28930833333333
Seychelles,1990,5.3369
Seychelles,1989,5.64571666666667
Seychelles,1988,5.38356666666667
Seychelles,1987,5.60000833333333
Seychelles,1986,6.17679166666667
Seychelles,1985,7.13433333333333
Seychelles,1984,7.05886666625
Seychelles,1983,6.76764166566667
Seychelles,1982,6.55254166566666
Seychelles,1981,6.314924999
Seychelles,1980,6.391949999
Seychelles,1979,6.332649999
Seychelles,1978,6.95246666566667
Seychelles,1977,7.64338333233333
Seychelles,1976,7.41888333241667
Seychelles,1975,6.026799999
Seychelles,1974,5.70309166566667
Seychelles,1973,5.44228333233333
Seychelles,1972,5.33853333233334
Seychelles,1971,5.48576275469367
Seychelles,1970,5.55554610290558
Seychelles,1969,5.55554610290558
Seychelles,1968,5.55554610290558
Seychelles,1967,4.82803280263501
Seychelles,1966,4.76189475297145
Seychelles,1965,4.76189475297145
Seychelles,1964,4.76189475297145
Seychelles,1963,4.76189475297145
Seychelles,1962,4.76189475297145
Seychelles,1961,4.76189475297145
Seychelles,1960,4.76189475297145
Sierra Leone,2023,21.3048751103818
Sierra Leone,2022,14.0476497942157
Sierra Leone,2021,10.4394253194587
Sierra Leone,2020,9.82992676332375
Sierra Leone,2019,9.01022114400915
Sierra Leone,2018,7.93163174973728
Sierra Leone,2017,7.38443222248692
Sierra Leone,2016,6.29029741495228
Sierra Leone,2015,5.0807475
Sierra Leone,2014,4.52415916666667
Sierra Leone,2013,4.33250083333334
Sierra Leone,2012,4.34403666666667
Sierra Leone,2011,4.34916166666667
Sierra Leone,2010,3.97808666666667
Sierra Leone,2009,3.38565
Sierra Leone,2008,2.981515
Sierra Leone,2007,2.98518583333333
Sierra Leone,2006,2.96190916666667
Sierra Leone,2005,2.8895875
Sierra Leone,2004,2.70129666666667
Sierra Leone,2003,2.34794166666667
Sierra Leone,2002,2.09903386575
Sierra Leone,2001,1.98615416666667
Sierra Leone,2000,2.092125
Sierra Leone,1999,1.804195
Sierra Leone,1998,1.563618
Sierra Leone,1997,0.9814825
Sierra Leone,1996,0.9207325
Sierra Leone,1995,0.755215833333333
Sierra Leone,1994,0.586739708333333
Sierra Leone,1993,0.567458583333333
Sierra Leone,1992,0.499441833333333
Sierra Leone,1991,0.295344166666667
Sierra Leone,1990,0.151445833333333
Sierra Leone,1989,0.0598127583333333
Sierra Leone,1988,0.0325140833333333
Sierra Leone,1987,0.034042525
Sierra Leone,1986,0.01609213333325
Sierra Leone,1985,0.0050941625
Sierra Leone,1984,0.00250994999958333
Sierra Leone,1983,0.00188533016350482
Sierra Leone,1982,0.0012386504266874
Sierra Leone,1981,0.00115909847113534
Sierra Leone,1980,0.00104979764914154
Sierra Leone,1979,0.00105697254446629
Sierra Leone,1978,0.0010470433325
Sierra Leone,1977,0.00114649666575
Sierra Leone,1976,0.0011128408325
Sierra Leone,1975,0.000904021665666667
Sierra Leone,1974,0.000855460832333333
Sierra Leone,1973,0.000816341665666666
Sierra Leone,1972,0.000800781665666667
Sierra Leone,1971,0.00083089400256529
Sierra Leone,1970,0.000833332999833333
Sierra Leone,1969,0.000833332999833333
Sierra Leone,1968,0.000833332999833333
Sierra Leone,1967,0.000724206916331349
Sierra Leone,1966,0.000714285999714286
Sierra Leone,1965,0.000714285999714286
Sierra Leone,1964,0.000714285999714286
Sierra Leone,1963,0.000714285999714286
Sierra Leone,1962,0.000714285999714286
Sierra Leone,1961,0.000714285999714286
Sierra Leone,1960,0.000714285999714286
Singapore,2023,1.34276666666667
Singapore,2022,1.37866666666667
Singapore,2021,1.34348333333333
Singapore,2020,1.37974166666667
Singapore,2019,1.36415833333333
Singapore,2018,1.34884166666667
Singapore,2017,1.380925
Singapore,2016,1.38154636363636
Singapore,2015,1.374825
Singapore,2014,1.26705
Singapore,2013,1.2513
Singapore,2012,1.2496762037037
Singapore,2011,1.25777587719298
Singapore,2010,1.36350833333333
Singapore,2009,1.45451471343874
Singapore,2008,1.41486083333333
Singapore,2007,1.50710166666667
Singapore,2006,1.58893333333333
Singapore,2005,1.6643975
Singapore,2004,1.69022833333333
Singapore,2003,1.74218333333333
Singapore,2002,1.79058833333333
Singapore,2001,1.7917225
Singapore,2000,1.72396333333333
Singapore,1999,1.69495666666667
Singapore,1998,1.67360166666667
Singapore,1997,1.48480583333333
Singapore,1996,1.41004083333333
Singapore,1995,1.417375
Singapore,1994,1.52744416666667
Singapore,1993,1.61579083333333
Singapore,1992,1.62896666666667
Singapore,1991,1.72755
Singapore,1990,1.81253333333333
Singapore,1989,1.95025833333333
Singapore,1988,2.012425
Singapore,1987,2.10598333333333
Singapore,1986,2.1774166665
Singapore,1985,2.20014999966667
Singapore,1984,2.133083333
Singapore,1983,2.113049999
Singapore,1982,2.14002499916667
Singapore,1981,2.112691666
Singapore,1980,2.14120833258333
Singapore,1979,2.1745583325
Singapore,1978,2.27402499916667
Singapore,1977,2.43939999925
Singapore,1976,2.47084166591667
Singapore,1975,2.37129999908333
Singapore,1974,2.43686666583333
Singapore,1973,2.45736666583333
Singapore,1972,2.812499999
Singapore,1971,3.05070166847278
Singapore,1970,3.06122000206122
Singapore,1969,3.06122000206122
Singapore,1968,3.06122000206122
Singapore,1967,3.06122000206122
Singapore,1966,3.06122000206122
Singapore,1965,3.06122000206122
Singapore,1964,3.06122000206122
Singapore,1963,3.06122000206122
Singapore,1962,3.06122000206122
Singapore,1961,3.06122000206122
Singapore,1960,3.06122000206122
Sint Maarten (Dutch part),2023,1.79
Sint Maarten (Dutch part),2022,1.79
Sint Maarten (Dutch part),2021,1.79
Sint Maarten (Dutch part),2020,1.79
Sint Maarten (Dutch part),2019,1.79
Sint Maarten (Dutch part),2018,1.79
Sint Maarten (Dutch part),2017,1.79
Sint Maarten (Dutch part),2016,1.79
Sint Maarten (Dutch part),2015,1.79
Sint Maarten (Dutch part),2014,1.79
Sint Maarten (Dutch part),2013,1.79
Sint Maarten (Dutch part),2012,1.79
Sint Maarten (Dutch part),2011,1.79
Sint Maarten (Dutch part),2010,
Sint Maarten (Dutch part),2009,
Sint Maarten (Dutch part),2008,
Sint Maarten (Dutch part),2007,
Sint Maarten (Dutch part),2006,
Sint Maarten (Dutch part),2005,
Sint Maarten (Dutch part),2004,
Sint Maarten (Dutch part),2003,
Sint Maarten (Dutch part),2002,
Sint Maarten (Dutch part),2001,
Sint Maarten (Dutch part),2000,
Sint Maarten (Dutch part),1999,
Sint Maarten (Dutch part),1998,
Sint Maarten (Dutch part),1997,
Sint Maarten (Dutch part),1996,
Sint Maarten (Dutch part),1995,
Sint Maarten (Dutch part),1994,
Sint Maarten (Dutch part),1993,
Sint Maarten (Dutch part),1992,
Sint Maarten (Dutch part),1991,
Sint Maarten (Dutch part),1990,
Sint Maarten (Dutch part),1989,
Sint Maarten (Dutch part),1988,
Sint Maarten (Dutch part),1987,
Sint Maarten (Dutch part),1986,
Sint Maarten (Dutch part),1985,
Sint Maarten (Dutch part),1984,
Sint Maarten (Dutch part),1983,
Sint Maarten (Dutch part),1982,
Sint Maarten (Dutch part),1981,
Sint Maarten (Dutch part),1980,
Sint Maarten (Dutch part),1979,
Sint Maarten (Dutch part),1978,
Sint Maarten (Dutch part),1977,
Sint Maarten (Dutch part),1976,
Sint Maarten (Dutch part),1975,
Sint Maarten (Dutch part),1974,
Sint Maarten (Dutch part),1973,
Sint Maarten (Dutch part),1972,
Sint Maarten (Dutch part),1971,
Sint Maarten (Dutch part),1970,
Sint Maarten (Dutch part),1969,
Sint Maarten (Dutch part),1968,
Sint Maarten (Dutch part),1967,
Sint Maarten (Dutch part),1966,
Sint Maarten (Dutch part),1965,
Sint Maarten (Dutch part),1964,
Sint Maarten (Dutch part),1963,
Sint Maarten (Dutch part),1962,
Sint Maarten (Dutch part),1961,
Sint Maarten (Dutch part),1960,
Slovak Republic,2023,0.924839558470698
Slovak Republic,2022,0.949623753156941
Slovak Republic,2021,0.84549413889045
Slovak Republic,2020,0.875506396987998
Slovak Republic,2019,0.893276257067409
Slovak Republic,2018,0.846772667108111
Slovak Republic,2017,0.885205508269372
Slovak Republic,2016,0.903421436257263
Slovak Republic,2015,0.901296423367096
Slovak Republic,2014,0.752728196932603
Slovak Republic,2013,0.752945122701996
Slovak Republic,2012,0.778338120416812
Slovak Republic,2011,0.718413898653317
Slovak Republic,2010,0.754308990105961
Slovak Republic,2009,0.716957702016136
Slovak Republic,2008,21.3614166666667
Slovak Republic,2007,24.6943333333333
Slovak Republic,2006,29.69725
Slovak Republic,2005,31.01825
Slovak Republic,2004,32.2569166666667
Slovak Republic,2003,36.7729166666667
Slovak Republic,2002,45.32675
Slovak Republic,2001,48.3548333333333
Slovak Republic,2000,46.0351666666667
Slovak Republic,1999,41.3628333333333
Slovak Republic,1998,35.2334166666667
Slovak Republic,1997,33.6161666666667
Slovak Republic,1996,30.65375
Slovak Republic,1995,29.7134166666667
Slovak Republic,1994,32.0448333333333
Slovak Republic,1993,30.7695833333333
Slovak Republic,1992,
Slovak Republic,1991,
Slovak Republic,1990,
Slovak Republic,1989,
Slovak Republic,1988,
Slovak Republic,1987,
Slovak Republic,1986,
Slovak Republic,1985,
Slovak Republic,1984,
Slovak Republic,1983,
Slovak Republic,1982,
Slovak Republic,1981,
Slovak Republic,1980,
Slovak Republic,1979,
Slovak Republic,1978,
Slovak Republic,1977,
Slovak Republic,1976,
Slovak Republic,1975,
Slovak Republic,1974,
Slovak Republic,1973,
Slovak Republic,1972,
Slovak Republic,1971,
Slovak Republic,1970,
Slovak Republic,1969,
Slovak Republic,1968,
Slovak Republic,1967,
Slovak Republic,1966,
Slovak Republic,1965,
Slovak Republic,1964,
Slovak Republic,1963,
Slovak Republic,1962,
Slovak Republic,1961,
Slovak Republic,1960,
Slovenia,2023,0.924839558470698
Slovenia,2022,0.949623753156941
Slovenia,2021,0.84549413889045
Slovenia,2020,0.875506396987998
Slovenia,2019,0.893276257067409
Slovenia,2018,0.846772667108111
Slovenia,2017,0.885205508269372
Slovenia,2016,0.903421436257263
Slovenia,2015,0.901296423367096
Slovenia,2014,0.752728196932603
Slovenia,2013,0.752945122701996
Slovenia,2012,0.778338120416812
Slovenia,2011,0.718413898653317
Slovenia,2010,0.754308990105961
Slovenia,2009,0.716957702016136
Slovenia,2008,0.679922680042729
Slovenia,2007,0.729672399984083
Slovenia,2006,191.028257833333
Slovenia,2005,192.705468
Slovenia,2004,192.381124333333
Slovenia,2003,207.113715696581
Slovenia,2002,240.248215
Slovenia,2001,242.748835
Slovenia,2000,222.656085833333
Slovenia,1999,181.769193333333
Slovenia,1998,166.134166666667
Slovenia,1997,159.688333333333
Slovenia,1996,135.364308333333
Slovenia,1995,118.518466666667
Slovenia,1994,128.808558333333
Slovenia,1993,113.241883333333
Slovenia,1992,81.2869916666667
Slovenia,1991,27.5712
Slovenia,1990,
Slovenia,1989,
Slovenia,1988,
Slovenia,1987,
Slovenia,1986,
Slovenia,1985,
Slovenia,1984,
Slovenia,1983,
Slovenia,1982,
Slovenia,1981,
Slovenia,1980,
Slovenia,1979,
Slovenia,1978,
Slovenia,1977,
Slovenia,1976,
Slovenia,1975,
Slovenia,1974,
Slovenia,1973,
Slovenia,1972,
Slovenia,1971,
Slovenia,1970,
Slovenia,1969,
Slovenia,1968,
Slovenia,1967,
Slovenia,1966,
Slovenia,1965,
Slovenia,1964,
Slovenia,1963,
Slovenia,1962,
Slovenia,1961,
Slovenia,1960,
Solomon Islands,2023,8.37559677613046
Solomon Islands,2022,8.1555286976263
Solomon Islands,2021,8.03010299104933
Solomon Islands,2020,8.21341290967261
Solomon Islands,2019,8.17339929777839
Solomon Islands,2018,7.95250486131003
Solomon Islands,2017,7.88739036909183
Solomon Islands,2016,7.94815293778867
Solomon Islands,2015,7.91468897735788
Solomon Islands,2014,7.37534535364211
Solomon Islands,2013,7.30213510004206
Solomon Islands,2012,7.35520284715203
Solomon Islands,2011,7.64125903009875
Solomon Islands,2010,8.06450134408602
Solomon Islands,2009,8.05504166666667
Solomon Islands,2008,7.74791666666667
Solomon Islands,2007,7.652
Solomon Islands,2006,7.60945833333334
Solomon Islands,2005,7.52987302483596
Solomon Islands,2004,7.4847439055084
Solomon Islands,2003,7.50594374859842
Solomon Islands,2002,6.74877210289887
Solomon Islands,2001,5.27798495317037
Solomon Islands,2000,5.08893083333333
Solomon Islands,1999,4.83814166666667
Solomon Islands,1998,4.81564916666667
Solomon Islands,1997,3.71694166666667
Solomon Islands,1996,3.56635833333333
Solomon Islands,1995,3.4059
Solomon Islands,1994,3.29135833333333
Solomon Islands,1993,3.18773333333333
Solomon Islands,1992,2.9281
Solomon Islands,1991,2.71475
Solomon Islands,1990,2.52878333333333
Solomon Islands,1989,2.29324166666667
Solomon Islands,1988,2.08251666666667
Solomon Islands,1987,2.00329166666667
Solomon Islands,1986,1.74149999983333
Solomon Islands,1985,1.4807666665
Solomon Islands,1984,1.27371513855967
Solomon Islands,1983,1.14855831188407
Solomon Islands,1982,0.971104381540402
Solomon Islands,1981,0.870166288155135
Solomon Islands,1980,0.829827237051334
Solomon Islands,1979,0.865964321846027
Solomon Islands,1978,0.873658333333334
Solomon Islands,1977,0.901816666666667
Solomon Islands,1976,0.818283333333333
Solomon Islands,1975,0.763866666666666
Solomon Islands,1974,0.698085449275053
Solomon Islands,1973,0.704113907966658
Solomon Islands,1972,0.837299999
Solomon Islands,1971,0.881616454275907
Solomon Islands,1970,0.892856999892857
Solomon Islands,1969,0.892856999892857
Solomon Islands,1968,0.892856999892857
Solomon Islands,1967,0.892856999892857
Solomon Islands,1966,0.892856999892857
Solomon Islands,1965,0.892856999892857
Solomon Islands,1964,0.892856999892857
Solomon Islands,1963,0.892856999892857
Solomon Islands,1962,0.892856999892857
Solomon Islands,1961,0.892856999892857
Solomon Islands,1960,0.892856999892857
Somalia,2023,
Somalia,2022,
Somalia,2021,
Somalia,2020,
Somalia,2019,
Somalia,2018,
Somalia,2017,23097.9873219373
Somalia,2016,23061.7843138651
Somalia,2015,22254.2356837607
Somalia,2014,20230.9291310541
Somalia,2013,19283.7999504521
Somalia,2012,22516.0002967711
Somalia,2011,29966.8354404084
Somalia,2010,31269.6625712251
Somalia,2009,31558.9054783951
Somalia,2008,
Somalia,2007,
Somalia,2006,
Somalia,2005,
Somalia,2004,
Somalia,2003,
Somalia,2002,
Somalia,2001,
Somalia,2000,
Somalia,1999,
Somalia,1998,
Somalia,1997,
Somalia,1996,
Somalia,1995,
Somalia,1994,
Somalia,1993,
Somalia,1992,
Somalia,1991,
Somalia,1990,
Somalia,1989,490.675166666667
Somalia,1988,170.45275
Somalia,1987,105.177083333333
Somalia,1986,72.0
Somalia,1985,39.4871416666667
Somalia,1984,20.0185499995833
Somalia,1983,15.7876583323333
Somalia,1982,10.750349999
Somalia,1981,6.294999999
Somalia,1980,6.294999999
Somalia,1979,6.294999999
Somalia,1978,6.294999999
Somalia,1977,6.294999999
Somalia,1976,6.294999999
Somalia,1975,6.294999999
Somalia,1974,6.294999999
Somalia,1973,6.281499999
Somalia,1972,6.980124999
Somalia,1971,7.12855833888096
Somalia,1970,7.14286000614286
Somalia,1969,7.14286000614286
Somalia,1968,7.14286000614286
Somalia,1967,7.14286000614286
Somalia,1966,7.14286000614286
Somalia,1965,7.14286000614286
Somalia,1964,7.14286000614286
Somalia,1963,7.14286000614286
Somalia,1962,7.14286000614286
Somalia,1961,7.14286000614286
Somalia,1960,7.14286000614286
South Africa,2023,18.4502441785
South Africa,2022,16.3558534845
South Africa,2021,14.7786782139167
South Africa,2020,16.4591053903333
South Africa,2019,14.4484270548333
South Africa,2018,13.2339264715833
South Africa,2017,13.3238014244992
South Africa,2016,14.7096108855267
South Africa,2015,12.7589308811644
South Africa,2014,10.8526555687831
South Africa,2013,9.65505606913526
South Africa,2012,8.20996862659332
South Africa,2011,7.26113213232734
South Africa,2010,7.32122196115288
South Africa,2009,8.47367415824888
South Africa,2008,8.26122333333333
South Africa,2007,7.045365
South Africa,2006,6.77154916666667
South Africa,2005,6.35932833333333
South Africa,2004,6.4596925
South Africa,2003,7.56474916666667
South Africa,2002,10.5407466666667
South Africa,2001,8.60918083333334
South Africa,2000,6.93982833333333
South Africa,1999,6.10948416666667
South Africa,1998,5.52828416666667
South Africa,1997,4.60796166666667
South Africa,1996,4.29934916666667
South Africa,1995,3.627085
South Africa,1994,3.55079833333334
South Africa,1993,3.26774158333333
South Africa,1992,2.85201416666667
South Africa,1991,2.761315
South Africa,1990,2.58732083333333
South Africa,1989,2.6226775
South Africa,1988,2.2734675
South Africa,1987,2.03603333333333
South Africa,1986,2.28503166641667
South Africa,1985,2.22867499941667
South Africa,1984,1.47527749975
South Africa,1983,1.11409999975
South Africa,1982,1.08581583308333
South Africa,1981,0.877578942758154
South Africa,1980,0.778833737276042
South Africa,1979,0.842022601934943
South Africa,1978,0.869565218147448
South Africa,1977,0.869565218147448
South Africa,1976,0.869565218147448
South Africa,1975,0.739507755296336
South Africa,1974,0.679477003570251
South Africa,1973,0.693959098021092
South Africa,1972,0.768725237196027
South Africa,1971,0.715216916321429
South Africa,1970,0.714285999714286
South Africa,1969,0.714285999714286
South Africa,1968,0.714285999714286
South Africa,1967,0.714285999714286
South Africa,1966,0.714285999714286
South Africa,1965,0.714285999714286
South Africa,1964,0.714285999714286
South Africa,1963,0.714285999714286
South Africa,1962,0.714285999714286
South Africa,1961,0.714285999714286
South Africa,1960,0.714285999714286
South Sudan,2023,930.331429534051
South Sudan,2022,534.511188691756
South Sudan,2021,306.354619937276
South Sudan,2020,165.907316666667
South Sudan,2019,157.999166666667
South Sudan,2018,141.385833333333
South Sudan,2017,113.6475
South Sudan,2016,46.7291666666667
South Sudan,2015,3.60416666666667
South Sudan,2014,2.95
South Sudan,2013,2.95
South Sudan,2012,2.95
South Sudan,2011,2.98895
South Sudan,2010,
South Sudan,2009,
South Sudan,2008,
South Sudan,2007,
South Sudan,2006,
South Sudan,2005,
South Sudan,2004,
South Sudan,2003,
South Sudan,2002,
South Sudan,2001,
South Sudan,2000,
South Sudan,1999,
South Sudan,1998,
South Sudan,1997,
South Sudan,1996,
South Sudan,1995,
South Sudan,1994,
South Sudan,1993,
South Sudan,1992,
South Sudan,1991,
South Sudan,1990,
South Sudan,1989,
South Sudan,1988,
South Sudan,1987,
South Sudan,1986,
South Sudan,1985,
South Sudan,1984,
South Sudan,1983,
South Sudan,1982,
South Sudan,1981,
South Sudan,1980,
South Sudan,1979,
South Sudan,1978,
South Sudan,1977,
South Sudan,1976,
South Sudan,1975,
South Sudan,1974,
South Sudan,1973,
South Sudan,1972,
South Sudan,1971,
South Sudan,1970,
South Sudan,1969,
South Sudan,1968,
South Sudan,1967,
South Sudan,1966,
South Sudan,1965,
South Sudan,1964,
South Sudan,1963,
South Sudan,1962,
South Sudan,1961,
South Sudan,1960,
Spain,2023,0.924839558470698
Spain,2022,0.949623753156941
Spain,2021,0.84549413889045
Spain,2020,0.875506396987998
Spain,2019,0.893276257067409
Spain,2018,0.846772667108111
Spain,2017,0.885205508269372
Spain,2016,0.903421436257263
Spain,2015,0.901296423367096
Spain,2014,0.752728196932603
Spain,2013,0.752945122701996
Spain,2012,0.778338120416812
Spain,2011,0.718413898653317
Spain,2010,0.754308990105961
Spain,2009,0.716957702016136
Spain,2008,0.679922680042729
Spain,2007,0.729672399984083
Spain,2006,0.796432730949102
Spain,2005,0.803800192161442
Spain,2004,0.803921647747618
Spain,2003,0.88404792718493
Spain,2002,1.05755899623965
Spain,2001,1.11653308564462
Spain,2000,1.08270508132602
Spain,1999,0.938283072395283
Spain,1998,149.395331666667
Spain,1997,146.413628333333
Spain,1996,126.661583333333
Spain,1995,124.689
Spain,1994,133.957955
Spain,1993,127.260416666667
Spain,1992,102.379083333333
Spain,1991,103.911583333333
Spain,1990,101.933916666667
Spain,1989,118.377666666667
Spain,1988,116.486833333333
Spain,1987,123.478333333333
Spain,1986,140.048375442168
Spain,1985,170.044083333167
Spain,1984,160.760999999667
Spain,1983,143.429916666333
Spain,1982,109.859166665833
Spain,1981,92.3218333325
Spain,1980,71.7019166659167
Spain,1979,67.1249999995833
Spain,1978,76.6678333328333
Spain,1977,75.9618333324167
Spain,1976,66.9029166660833
Spain,1975,57.4069166656667
Spain,1974,57.686499999
Spain,1973,58.2600833323333
Spain,1972,64.2714166659167
Spain,1971,69.4686667071667
Spain,1970,70.00000007
Spain,1969,70.00000007
Spain,1968,70.00000007
Spain,1967,61.6666667275
Spain,1966,60.000000059
Spain,1965,60.000000059
Spain,1964,60.000000059
Spain,1963,60.000000059
Spain,1962,60.000000059
Spain,1961,60.000000059
Spain,1960,60.000000059
Sri Lanka,2023,327.506533333333
Sri Lanka,2022,322.632674256475
Sri Lanka,2021,198.764316844656
Sri Lanka,2020,185.592557772213
Sri Lanka,2019,178.744925045848
Sri Lanka,2018,162.464858736778
Sri Lanka,2017,152.446413948767
Sri Lanka,2016,145.581667492026
Sri Lanka,2015,135.856912797089
Sri Lanka,2014,130.564685218829
Sri Lanka,2013,129.069030932888
Sri Lanka,2012,127.60335350681
Sri Lanka,2011,110.565207851396
Sri Lanka,2010,113.064480448821
Sri Lanka,2009,114.944783333333
Sri Lanka,2008,108.333762719298
Sri Lanka,2007,110.623233333333
Sri Lanka,2006,103.914445833333
Sri Lanka,2005,100.498051666667
Sri Lanka,2004,101.1944575
Sri Lanka,2003,96.5209508333333
Sri Lanka,2002,95.662065
Sri Lanka,2001,89.3830133333334
Sri Lanka,2000,77.0051166666667
Sri Lanka,1999,70.63545
Sri Lanka,1998,64.4501183333333
Sri Lanka,1997,58.994605
Sri Lanka,1996,55.2714441666667
Sri Lanka,1995,51.2515891666667
Sri Lanka,1994,49.4151416666667
Sri Lanka,1993,48.3221675
Sri Lanka,1992,43.829625
Sri Lanka,1991,41.3715
Sri Lanka,1990,40.0629166666667
Sri Lanka,1989,36.0470833333333
Sri Lanka,1988,31.80675
Sri Lanka,1987,29.44475
Sri Lanka,1986,28.01733333325
Sri Lanka,1985,27.162583333
Sri Lanka,1984,25.4381666660833
Sri Lanka,1983,23.5285833324167
Sri Lanka,1982,20.812249999
Sri Lanka,1981,19.2457499991667
Sri Lanka,1980,16.5344166661667
Sri Lanka,1979,15.5718333325833
Sri Lanka,1978,15.61066666575
Sri Lanka,1977,8.87283333266667
Sri Lanka,1976,8.41199999908333
Sri Lanka,1975,7.00716666566666
Sri Lanka,1974,6.650749999
Sri Lanka,1973,6.402499999
Sri Lanka,1972,5.97031718187335
Sri Lanka,1971,5.93494862096378
Sri Lanka,1970,5.95237000495237
Sri Lanka,1969,5.95237000495237
Sri Lanka,1968,5.95237000495237
Sri Lanka,1967,4.86110583679762
Sri Lanka,1966,4.7619000037619
Sri Lanka,1965,4.7619000037619
Sri Lanka,1964,4.7619000037619
Sri Lanka,1963,4.7619000037619
Sri Lanka,1962,4.7619000037619
Sri Lanka,1961,4.7619000037619
Sri Lanka,1960,4.7619000037619
St. Kitts and Nevis,2023,2.7
St. Kitts and Nevis,2022,2.7
St. Kitts and Nevis,2021,2.7
St. Kitts and Nevis,2020,2.7
St. Kitts and Nevis,2019,2.7
St. Kitts and Nevis,2018,2.7
St. Kitts and Nevis,2017,2.7
St. Kitts and Nevis,2016,2.7
St. Kitts and Nevis,2015,2.7
St. Kitts and Nevis,2014,2.7
St. Kitts and Nevis,2013,2.7
St. Kitts and Nevis,2012,2.7
St. Kitts and Nevis,2011,2.7
St. Kitts and Nevis,2010,2.7
St. Kitts and Nevis,2009,2.7
St. Kitts and Nevis,2008,2.7
St. Kitts and Nevis,2007,2.7
St. Kitts and Nevis,2006,2.7
St. Kitts and Nevis,2005,2.7
St. Kitts and Nevis,2004,2.7
St. Kitts and Nevis,2003,2.7
St. Kitts and Nevis,2002,2.7
St. Kitts and Nevis,2001,2.7
St. Kitts and Nevis,2000,2.7
St. Kitts and Nevis,1999,2.7
St. Kitts and Nevis,1998,2.7
St. Kitts and Nevis,1997,2.7
St. Kitts and Nevis,1996,2.7
St. Kitts and Nevis,1995,2.7
St. Kitts and Nevis,1994,2.7
St. Kitts and Nevis,1993,2.7
St. Kitts and Nevis,1992,2.7
St. Kitts and Nevis,1991,2.7
St. Kitts and Nevis,1990,2.7
St. Kitts and Nevis,1989,2.7
St. Kitts and Nevis,1988,2.7
St. Kitts and Nevis,1987,2.7
St. Kitts and Nevis,1986,2.7
St. Kitts and Nevis,1985,2.7
St. Kitts and Nevis,1984,2.7
St. Kitts and Nevis,1983,2.7
St. Kitts and Nevis,1982,2.7
St. Kitts and Nevis,1981,2.7
St. Kitts and Nevis,1980,2.7
St. Kitts and Nevis,1979,2.7
St. Kitts and Nevis,1978,2.7
St. Kitts and Nevis,1977,2.7
St. Kitts and Nevis,1976,2.61467083283333
St. Kitts and Nevis,1975,2.16979583233333
St. Kitts and Nevis,1974,2.05323240851763
St. Kitts and Nevis,1973,1.95921923598161
St. Kitts and Nevis,1972,1.92127814947601
St. Kitts and Nevis,1971,1.97487273321145
St. Kitts and Nevis,1970,2.000000001
St. Kitts and Nevis,1969,2.000000001
St. Kitts and Nevis,1968,2.000000001
St. Kitts and Nevis,1967,1.76190833409524
St. Kitts and Nevis,1966,1.71429000071429
St. Kitts and Nevis,1965,1.71429000071429
St. Kitts and Nevis,1964,1.71429000071429
St. Kitts and Nevis,1963,1.71429000071429
St. Kitts and Nevis,1962,1.71429000071429
St. Kitts and Nevis,1961,1.71429000071429
St. Kitts and Nevis,1960,1.71429000071429
St. Lucia,2023,2.7
St. Lucia,2022,2.7
St. Lucia,2021,2.7
St. Lucia,2020,2.7
St. Lucia,2019,2.7
St. Lucia,2018,2.7
St. Lucia,2017,2.7
St. Lucia,2016,2.7
St. Lucia,2015,2.7
St. Lucia,2014,2.7
St. Lucia,2013,2.7
St. Lucia,2012,2.7
St. Lucia,2011,2.7
St. Lucia,2010,2.7
St. Lucia,2009,2.7
St. Lucia,2008,2.7
St. Lucia,2007,2.7
St. Lucia,2006,2.7
St. Lucia,2005,2.7
St. Lucia,2004,2.7
St. Lucia,2003,2.7
St. Lucia,2002,2.7
St. Lucia,2001,2.7
St. Lucia,2000,2.7
St. Lucia,1999,2.7
St. Lucia,1998,2.7
St. Lucia,1997,2.7
St. Lucia,1996,2.7
St. Lucia,1995,2.7
St. Lucia,1994,2.7
St. Lucia,1993,2.7
St. Lucia,1992,2.7
St. Lucia,1991,2.7
St. Lucia,1990,2.7
St. Lucia,1989,2.7
St. Lucia,1988,2.7
St. Lucia,1987,2.7
St. Lucia,1986,2.7
St. Lucia,1985,2.7
St. Lucia,1984,2.7
St. Lucia,1983,2.7
St. Lucia,1982,2.7
St. Lucia,1981,2.7
St. Lucia,1980,2.7
St. Lucia,1979,2.7
St. Lucia,1978,2.7
St. Lucia,1977,2.7
St. Lucia,1976,2.61467083283333
St. Lucia,1975,2.16979583233333
St. Lucia,1974,2.05323240851763
St. Lucia,1973,1.95921923598161
St. Lucia,1972,1.92127814947601
St. Lucia,1971,1.97487273321145
St. Lucia,1970,2.000000001
St. Lucia,1969,2.000000001
St. Lucia,1968,2.000000001
St. Lucia,1967,1.76190833409524
St. Lucia,1966,1.71429000071429
St. Lucia,1965,1.71429000071429
St. Lucia,1964,1.71429000071429
St. Lucia,1963,1.71429000071429
St. Lucia,1962,1.71429000071429
St. Lucia,1961,1.71429000071429
St. Lucia,1960,1.71429000071429
St. Martin (French part),2023,0.924839558470698
St. Martin (French part),2022,0.949623753156941
St. Martin (French part),2021,0.84549413889045
St. Martin (French part),2020,0.875506396987998
St. Martin (French part),2019,0.893276257067409
St. Martin (French part),2018,0.846772667108111
St. Martin (French part),2017,0.885205508269372
St. Martin (French part),2016,0.903421436257263
St. Martin (French part),2015,0.901296423367096
St. Martin (French part),2014,0.752728196932603
St. Martin (French part),2013,0.752945122701996
St. Martin (French part),2012,0.778338120416812
St. Martin (French part),2011,0.718413898653317
St. Martin (French part),2010,0.754308990105961
St. Martin (French part),2009,0.716957702016136
St. Martin (French part),2008,0.679922680042729
St. Martin (French part),2007,0.729672399984083
St. Martin (French part),2006,0.796432730949102
St. Martin (French part),2005,0.803800192161442
St. Martin (French part),2004,0.803921647747618
St. Martin (French part),2003,0.88404792718493
St. Martin (French part),2002,1.05755899623965
St. Martin (French part),2001,1.11653308564462
St. Martin (French part),2000,1.08270508132602
St. Martin (French part),1999,0.938283072395283
St. Martin (French part),1998,5.89951566666667
St. Martin (French part),1997,5.83669166666667
St. Martin (French part),1996,5.1155225
St. Martin (French part),1995,4.9914825
St. Martin (French part),1994,5.552045
St. Martin (French part),1993,5.66323
St. Martin (French part),1992,5.29381583333333
St. Martin (French part),1991,5.64211666666667
St. Martin (French part),1990,5.445275
St. Martin (French part),1989,6.38014166666667
St. Martin (French part),1988,5.95694166666667
St. Martin (French part),1987,6.01070833333333
St. Martin (French part),1986,6.92609166666667
St. Martin (French part),1985,8.98522499975
St. Martin (French part),1984,8.73909999958333
St. Martin (French part),1983,7.62129166575
St. Martin (French part),1982,6.57209999908333
St. Martin (French part),1981,5.43460833258333
St. Martin (French part),1980,4.22557499908333
St. Martin (French part),1979,4.25441666608333
St. Martin (French part),1978,4.51309999933333
St. Martin (French part),1977,4.90517332253217
St. Martin (French part),1976,4.8028783632131
St. Martin (French part),1975,4.28779951537657
St. Martin (French part),1974,4.80961847285583
St. Martin (French part),1973,4.45277967399083
St. Martin (French part),1972,5.04454451564062
St. Martin (French part),1971,5.54060135472093
St. Martin (French part),1970,5.55419000455419
St. Martin (French part),1969,5.1941975041942
St. Martin (French part),1968,4.93706000393706
St. Martin (French part),1967,4.93706000393706
St. Martin (French part),1966,4.93706000393706
St. Martin (French part),1965,4.93706000393706
St. Martin (French part),1964,4.93706000393706
St. Martin (French part),1963,4.93706000393706
St. Martin (French part),1962,4.93706000393706
St. Martin (French part),1961,4.93706000393706
St. Martin (French part),1960,4.93706000393706
St. Vincent and the Grenadines,2023,2.7
St. Vincent and the Grenadines,2022,2.7
St. Vincent and the Grenadines,2021,2.7
St. Vincent and the Grenadines,2020,2.7
St. Vincent and the Grenadines,2019,2.7
St. Vincent and the Grenadines,2018,2.7
St. Vincent and the Grenadines,2017,2.7
St. Vincent and the Grenadines,2016,2.7
St. Vincent and the Grenadines,2015,2.7
St. Vincent and the Grenadines,2014,2.7
St. Vincent and the Grenadines,2013,2.7
St. Vincent and the Grenadines,2012,2.7
St. Vincent and the Grenadines,2011,2.7
St. Vincent and the Grenadines,2010,2.7
St. Vincent and the Grenadines,2009,2.7
St. Vincent and the Grenadines,2008,2.7
St. Vincent and the Grenadines,2007,2.7
St. Vincent and the Grenadines,2006,2.7
St. Vincent and the Grenadines,2005,2.7
St. Vincent and the Grenadines,2004,2.7
St. Vincent and the Grenadines,2003,2.7
St. Vincent and the Grenadines,2002,2.7
St. Vincent and the Grenadines,2001,2.7
St. Vincent and the Grenadines,2000,2.7
St. Vincent and the Grenadines,1999,2.7
St. Vincent and the Grenadines,1998,2.7
St. Vincent and the Grenadines,1997,2.7
St. Vincent and the Grenadines,1996,2.7
St. Vincent and the Grenadines,1995,2.7
St. Vincent and the Grenadines,1994,2.7
St. Vincent and the Grenadines,1993,2.7
St. Vincent and the Grenadines,1992,2.7
St. Vincent and the Grenadines,1991,2.7
St. Vincent and the Grenadines,1990,2.7
St. Vincent and the Grenadines,1989,2.7
St. Vincent and the Grenadines,1988,2.7
St. Vincent and the Grenadines,1987,2.7
St. Vincent and the Grenadines,1986,2.7
St. Vincent and the Grenadines,1985,2.7
St. Vincent and the Grenadines,1984,2.7
St. Vincent and the Grenadines,1983,2.7
St. Vincent and the Grenadines,1982,2.7
St. Vincent and the Grenadines,1981,2.7
St. Vincent and the Grenadines,1980,2.7
St. Vincent and the Grenadines,1979,2.7
St. Vincent and the Grenadines,1978,2.7
St. Vincent and the Grenadines,1977,2.7
St. Vincent and the Grenadines,1976,2.61467083283333
St. Vincent and the Grenadines,1975,2.16979583233333
St. Vincent and the Grenadines,1974,2.05323240851763
St. Vincent and the Grenadines,1973,1.95921923598161
St. Vincent and the Grenadines,1972,1.92127814947601
St. Vincent and the Grenadines,1971,1.97487273321145
St. Vincent and the Grenadines,1970,2.000000001
St. Vincent and the Grenadines,1969,2.000000001
St. Vincent and the Grenadines,1968,2.000000001
St. Vincent and the Grenadines,1967,1.76190833409524
St. Vincent and the Grenadines,1966,1.71429000071429
St. Vincent and the Grenadines,1965,1.71429000071429
St. Vincent and the Grenadines,1964,1.71429000071429
St. Vincent and the Grenadines,1963,1.71429000071429
St. Vincent and the Grenadines,1962,1.71429000071429
St. Vincent and the Grenadines,1961,1.71429000071429
St. Vincent and the Grenadines,1960,1.71429000071429
Sudan,2023,
Sudan,2022,546.75885
Sudan,2021,370.790583333333
Sudan,2020,53.9960119047619
Sudan,2019,45.7670454545455
Sudan,2018,24.3289109018116
Sudan,2017,6.68336
Sudan,2016,6.21171364583333
Sudan,2015,6.02573259791667
Sudan,2014,5.73686666666667
Sudan,2013,4.75676054708821
Sudan,2012,3.57295833333333
Sudan,2011,2.66661962177469
Sudan,2010,2.30600092016667
Sudan,2009,2.30153333333333
Sudan,2008,2.09016282876984
Sudan,2007,2.0161
Sudan,2006,2.17153333333333
Sudan,2005,2.43605833333333
Sudan,2004,2.57905
Sudan,2003,2.60983433333333
Sudan,2002,2.63305833333333
Sudan,2001,2.58702104166667
Sudan,2000,2.571225
Sudan,1999,2.52550416666667
Sudan,1998,2.00801916666667
Sudan,1997,1.5757425
Sudan,1996,1.25079166666667
Sudan,1995,0.58087375
Sudan,1994,0.289608916666667
Sudan,1993,0.159313916666667
Sudan,1992,0.0974316666666667
Sudan,1991,0.00695564166666667
Sudan,1990,0.0045
Sudan,1989,0.0045
Sudan,1988,0.0045
Sudan,1987,0.003
Sudan,1986,0.0025
Sudan,1985,0.00230402499991667
Sudan,1984,0.0013
Sudan,1983,0.0013
Sudan,1982,0.000952299999166667
Sudan,1981,0.000558858332333333
Sudan,1980,0.000499999999
Sudan,1979,0.000429166665666667
Sudan,1978,0.000377451832333333
Sudan,1977,0.000348206165666667
Sudan,1976,0.000348199999
Sudan,1975,0.000348199999
Sudan,1974,0.000348199999
Sudan,1973,0.000348199999
Sudan,1972,0.000348199999
Sudan,1971,0.000348199999
Sudan,1970,0.000348199999
Sudan,1969,0.000348199999
Sudan,1968,0.000348199999
Sudan,1967,0.000348199999
Sudan,1966,0.000348199999
Sudan,1965,0.000348199999
Sudan,1964,0.000348199999
Sudan,1963,0.000348199999
Sudan,1962,0.000348199999
Sudan,1961,0.000348199999
Sudan,1960,0.000348199999
Suriname,2023,36.7758691666667
Suriname,2022,24.7091747565789
Suriname,2021,18.2386666666667
Suriname,2020,9.30954545454546
Suriname,2019,7.458
Suriname,2018,7.4625111984127
Suriname,2017,7.487661125
Suriname,2016,6.22863027848978
Suriname,2015,3.41666666666667
Suriname,2014,3.3
Suriname,2013,3.3
Suriname,2012,3.3
Suriname,2011,3.268
Suriname,2010,2.74541666666667
Suriname,2009,2.745
Suriname,2008,2.745
Suriname,2007,2.745
Suriname,2006,2.74375
Suriname,2005,2.73166666547869
Suriname,2004,2.7335829756752
Suriname,2003,2.60133333333333
Suriname,2002,2.34675
Suriname,2001,2.17818225423409
Suriname,2000,1.32249051547874
Suriname,1999,0.834084264222251
Suriname,1998,0.401606425702811
Suriname,1997,0.401566152294698
Suriname,1996,0.401018353709047
Suriname,1995,0.442771989138674
Suriname,1994,0.222460757588426
Suriname,1993,0.001785
Suriname,1992,0.001785
Suriname,1991,0.001785
Suriname,1990,0.001785
Suriname,1989,0.001785
Suriname,1988,0.001785
Suriname,1987,0.001785
Suriname,1986,0.001785
Suriname,1985,0.001785
Suriname,1984,0.001785
Suriname,1983,0.001785
Suriname,1982,0.001785
Suriname,1981,0.001785
Suriname,1980,0.001785
Suriname,1979,0.001785
Suriname,1978,0.001785
Suriname,1977,0.001785
Suriname,1976,0.001785
Suriname,1975,0.001785
Suriname,1974,0.001785
Suriname,1973,0.001785
Suriname,1972,0.001785
Suriname,1971,0.00188358333333333
Suriname,1970,0.001885
Suriname,1969,0.001885
Suriname,1968,0.001885
Suriname,1967,0.001885
Suriname,1966,0.001885
Suriname,1965,0.001885
Suriname,1964,0.001885
Suriname,1963,0.001885
Suriname,1962,0.001885
Suriname,1961,0.001885
Suriname,1960,0.001885
Sweden,2023,10.6101612965536
Sweden,2022,10.114251277564
Sweden,2021,8.57656671607378
Sweden,2020,9.21030902842085
Sweden,2019,9.45834916666667
Sweden,2018,8.69251833333333
Sweden,2017,8.54886083333333
Sweden,2016,8.56199166666667
Sweden,2015,8.43484083333333
Sweden,2014,6.860785
Sweden,2013,6.51397166666666
Sweden,2012,6.77501583333333
Sweden,2011,6.49354333333333
Sweden,2010,7.20752416666667
Sweden,2009,7.65381916666667
Sweden,2008,6.59109916666667
Sweden,2007,6.75877
Sweden,2006,7.37824916666666
Sweden,2005,7.47308833333333
Sweden,2004,7.34888666666667
Sweden,2003,8.08630416666667
Sweden,2002,9.73712333333333
Sweden,2001,10.3291358333333
Sweden,2000,9.16224416666667
Sweden,1999,8.26242833333333
Sweden,1998,7.94986816666666
Sweden,1997,7.63489416666667
Sweden,1996,6.70595583333333
Sweden,1995,7.13326833333334
Sweden,1994,7.71597
Sweden,1993,7.78342666666667
Sweden,1992,5.82383333333333
Sweden,1991,6.04746666666666
Sweden,1990,5.91879
Sweden,1989,6.44687583333333
Sweden,1988,6.12715
Sweden,1987,6.34044166666667
Sweden,1986,7.12358333333333
Sweden,1985,8.60392499966667
Sweden,1984,8.27179999941666
Sweden,1983,7.66710833233333
Sweden,1982,6.28260833233333
Sweden,1981,5.06344166566667
Sweden,1980,4.229574999
Sweden,1979,4.28708333233333
Sweden,1978,4.518474999
Sweden,1977,4.48164166566666
Sweden,1976,4.35589166566667
Sweden,1975,4.15219166566667
Sweden,1974,4.439424999
Sweden,1973,4.367249999
Sweden,1972,4.76241666566667
Sweden,1971,5.12590524750269
Sweden,1970,5.17321000417321
Sweden,1969,5.17321000417321
Sweden,1968,5.17321000417321
Sweden,1967,5.17321000417321
Sweden,1966,5.17321000417321
Sweden,1965,5.17321000417321
Sweden,1964,5.17321000417321
Sweden,1963,5.17321000417321
Sweden,1962,5.17321000417321
Sweden,1961,5.17321000417321
Sweden,1960,5.17321000417321
Switzerland,2023,0.89849
Switzerland,2022,0.9548325
Switzerland,2021,0.913845833333333
Switzerland,2020,0.938965
Switzerland,2019,0.993709166666667
Switzerland,2018,0.977891666666667
Switzerland,2017,0.984691666666667
Switzerland,2016,0.985394394244835
Switzerland,2015,0.962381328004354
Switzerland,2014,0.916151047283613
Switzerland,2013,0.926903547758285
Switzerland,2012,0.937684480709349
Switzerland,2011,0.888042028223281
Switzerland,2010,1.04290564573352
Switzerland,2009,1.08814169630268
Switzerland,2008,1.08309
Switzerland,2007,1.20036583333333
Switzerland,2006,1.25384333333333
Switzerland,2005,1.24517666666667
Switzerland,2004,1.24349583333333
Switzerland,2003,1.34665083333333
Switzerland,2002,1.5586075
Switzerland,2001,1.687615
Switzerland,2000,1.6888425
Switzerland,1999,1.502155
Switzerland,1998,1.44981330833333
Switzerland,1997,1.4513125
Switzerland,1996,1.23601
Switzerland,1995,1.18246916666667
Switzerland,1994,1.3676925
Switzerland,1993,1.47761666666667
Switzerland,1992,1.40621833333333
Switzerland,1991,1.43399166666667
Switzerland,1990,1.38915833333333
Switzerland,1989,1.635925
Switzerland,1988,1.4633
Switzerland,1987,1.49119166666667
Switzerland,1986,1.7989166665
Switzerland,1985,2.457125
Switzerland,1984,2.34968333283333
Switzerland,1983,2.09914166575
Switzerland,1982,2.03027499908333
Switzerland,1981,1.96424166591667
Switzerland,1980,1.67570833258333
Switzerland,1979,1.66272499908333
Switzerland,1978,1.78802499925
Switzerland,1977,2.40352499933333
Switzerland,1976,2.49964166575
Switzerland,1975,2.58128333241667
Switzerland,1974,2.979249999
Switzerland,1973,3.16483333241667
Switzerland,1972,3.819249999
Switzerland,1971,4.13385416831202
Switzerland,1970,4.37295000337295
Switzerland,1969,4.37295000337295
Switzerland,1968,4.37295000337295
Switzerland,1967,4.37295000337295
Switzerland,1966,4.37295000337295
Switzerland,1965,4.37295000337295
Switzerland,1964,4.37295000337295
Switzerland,1963,4.37295000337295
Switzerland,1962,4.37295000337295
Switzerland,1961,4.37295000337295
Switzerland,1960,4.37295000337295
Syrian Arab Republic,2023,
Syrian Arab Republic,2022,2505.74691085873
Syrian Arab Republic,2021,1256.0
Syrian Arab Republic,2020,877.945250896057
Syrian Arab Republic,2019,436.5
Syrian Arab Republic,2018,436.5
Syrian Arab Republic,2017,492.610833333333
Syrian Arab Republic,2016,460.275833333333
Syrian Arab Republic,2015,237.029166666667
Syrian Arab Republic,2014,154.13
Syrian Arab Republic,2013,108.733333333333
Syrian Arab Republic,2012,64.5808333333333
Syrian Arab Republic,2011,48.3366666666667
Syrian Arab Republic,2010,11.225
Syrian Arab Republic,2009,11.225
Syrian Arab Republic,2008,11.225
Syrian Arab Republic,2007,11.225
Syrian Arab Republic,2006,11.225
Syrian Arab Republic,2005,11.225
Syrian Arab Republic,2004,11.225
Syrian Arab Republic,2003,11.225
Syrian Arab Republic,2002,11.225
Syrian Arab Republic,2001,11.225
Syrian Arab Republic,2000,11.225
Syrian Arab Republic,1999,11.225
Syrian Arab Republic,1998,11.225
Syrian Arab Republic,1997,11.225
Syrian Arab Republic,1996,11.225
Syrian Arab Republic,1995,11.225
Syrian Arab Republic,1994,11.225
Syrian Arab Republic,1993,11.225
Syrian Arab Republic,1992,11.225
Syrian Arab Republic,1991,11.225
Syrian Arab Republic,1990,11.225
Syrian Arab Republic,1989,11.225
Syrian Arab Republic,1988,11.225
Syrian Arab Republic,1987,3.925
Syrian Arab Republic,1986,3.925
Syrian Arab Republic,1985,3.925
Syrian Arab Republic,1984,3.92499999958333
Syrian Arab Republic,1983,3.924999999
Syrian Arab Republic,1982,3.924999999
Syrian Arab Republic,1981,3.924999999
Syrian Arab Republic,1980,3.924999999
Syrian Arab Republic,1979,3.924999999
Syrian Arab Republic,1978,3.924999999
Syrian Arab Republic,1977,3.924999999
Syrian Arab Republic,1976,3.85266666566667
Syrian Arab Republic,1975,3.699999999
Syrian Arab Republic,1974,3.73291666566667
Syrian Arab Republic,1973,3.823249999
Syrian Arab Republic,1972,3.819999999
Syrian Arab Republic,1971,3.819999999
Syrian Arab Republic,1970,3.819999999
Syrian Arab Republic,1969,3.819999999
Syrian Arab Republic,1968,3.819999999
Syrian Arab Republic,1967,3.819999999
Syrian Arab Republic,1966,3.819999999
Syrian Arab Republic,1965,3.819999999
Syrian Arab Republic,1964,3.819999999
Syrian Arab Republic,1963,3.819999999
Syrian Arab Republic,1962,3.689999999
Syrian Arab Republic,1961,3.579999999
Syrian Arab Republic,1960,3.579999999
Tajikistan,2023,10.844525
Tajikistan,2022,11.031075
Tajikistan,2021,11.30885
Tajikistan,2020,10.3219416666667
Tajikistan,2019,9.53036666666667
Tajikistan,2018,9.15121666666667
Tajikistan,2017,8.54974166666667
Tajikistan,2016,7.835675
Tajikistan,2015,6.16311666666667
Tajikistan,2014,4.93756666666667
Tajikistan,2013,4.76423333333334
Tajikistan,2012,4.73770833333333
Tajikistan,2011,4.61018333333333
Tajikistan,2010,4.37896666666667
Tajikistan,2009,4.14270833333333
Tajikistan,2008,3.430725
Tajikistan,2007,3.44248333333333
Tajikistan,2006,3.29840833333333
Tajikistan,2005,3.11656666666667
Tajikistan,2004,2.97050833333333
Tajikistan,2003,3.06136666666667
Tajikistan,2002,2.76413333333333
Tajikistan,2001,2.37219166666667
Tajikistan,2000,2.07625
Tajikistan,1999,1.23779166666667
Tajikistan,1998,0.776625
Tajikistan,1997,0.562333333333333
Tajikistan,1996,0.2955
Tajikistan,1995,0.122858703333333
Tajikistan,1994,0.0244943481666667
Tajikistan,1993,0.010357405
Tajikistan,1992,0.00246851796666667
Tajikistan,1991,
Tajikistan,1990,
Tajikistan,1989,
Tajikistan,1988,
Tajikistan,1987,
Tajikistan,1986,
Tajikistan,1985,
Tajikistan,1984,
Tajikistan,1983,
Tajikistan,1982,
Tajikistan,1981,
Tajikistan,1980,
Tajikistan,1979,
Tajikistan,1978,
Tajikistan,1977,
Tajikistan,1976,
Tajikistan,1975,
Tajikistan,1974,
Tajikistan,1973,
Tajikistan,1972,
Tajikistan,1971,
Tajikistan,1970,
Tajikistan,1969,
Tajikistan,1968,
Tajikistan,1967,
Tajikistan,1966,
Tajikistan,1965,
Tajikistan,1964,
Tajikistan,1963,
Tajikistan,1962,
Tajikistan,1961,
Tajikistan,1960,
Tanzania,2023,
Tanzania,2022,
Tanzania,2021,2297.76422623792
Tanzania,2020,2294.14615050509
Tanzania,2019,2288.20666666667
Tanzania,2018,2263.78166666667
Tanzania,2017,2228.85666666667
Tanzania,2016,2177.08666666667
Tanzania,2015,1991.39083333333
Tanzania,2014,1653.23083333333
Tanzania,2013,1597.55583333333
Tanzania,2012,1571.69833333333
Tanzania,2011,1557.43333333333
Tanzania,2010,1395.625
Tanzania,2009,1320.31206074041
Tanzania,2008,1196.31070921046
Tanzania,2007,1245.03546404783
Tanzania,2006,1251.89997292515
Tanzania,2005,1128.93417916192
Tanzania,2004,1089.33477148982
Tanzania,2003,1038.41900659604
Tanzania,2002,966.582784259259
Tanzania,2001,876.411666666667
Tanzania,2000,800.408516666667
Tanzania,1999,744.759075
Tanzania,1998,664.671208333333
Tanzania,1997,612.1225
Tanzania,1996,579.976666666667
Tanzania,1995,574.761741666667
Tanzania,1994,509.630875
Tanzania,1993,405.274016666667
Tanzania,1992,297.708083333333
Tanzania,1991,219.157416666667
Tanzania,1990,195.055916666667
Tanzania,1989,143.376916666667
Tanzania,1988,99.2921083333333
Tanzania,1987,64.26035
Tanzania,1986,32.6980166664167
Tanzania,1985,17.4723333330833
Tanzania,1984,15.2922499995
Tanzania,1983,11.1427833323333
Tanzania,1982,9.28259166583333
Tanzania,1981,8.28350833258333
Tanzania,1980,8.19659166583333
Tanzania,1979,8.216624999
Tanzania,1978,7.712049999
Tanzania,1977,8.2892083325
Tanzania,1976,8.37677499941667
Tanzania,1975,7.36679166566667
Tanzania,1974,7.13498333233333
Tanzania,1973,7.02144666566667
Tanzania,1972,7.142899999
Tanzania,1971,7.14286000554762
Tanzania,1970,7.14286000614286
Tanzania,1969,7.14286000614286
Tanzania,1968,7.14286000614286
Tanzania,1967,7.14286000614286
Tanzania,1966,7.14286000614286
Tanzania,1965,7.14286000614286
Tanzania,1964,7.14286000614286
Tanzania,1963,7.14286000614286
Tanzania,1962,7.14286000614286
Tanzania,1961,7.14286000614286
Tanzania,1960,7.14286000614286
Thailand,2023,34.8021885808364
Thailand,2022,35.0613502144776
Thailand,2021,31.9770934417717
Thailand,2020,31.2936732130832
Thailand,2019,31.0476057805499
Thailand,2018,32.3102257431458
Thailand,2017,33.9398110566858
Thailand,2016,35.2963833333333
Thailand,2015,34.2477166666667
Thailand,2014,32.4798333333333
Thailand,2013,30.7259666666667
Thailand,2012,31.0830916666667
Thailand,2011,30.4917333333333
Thailand,2010,31.685705
Thailand,2009,34.2857741234241
Thailand,2008,33.3133006412338
Thailand,2007,34.5181805917013
Thailand,2006,37.8819832215363
Thailand,2005,40.2201302083333
Thailand,2004,40.2224149175021
Thailand,2003,41.4846166666667
Thailand,2002,42.9600833333333
Thailand,2001,44.4319
Thailand,2000,40.1118033333333
Thailand,1999,37.8136558333333
Thailand,1998,41.3593875
Thailand,1997,31.3643344542954
Thailand,1996,25.3426828609665
Thailand,1995,24.9151757040726
Thailand,1994,25.1499518885845
Thailand,1993,25.3196110778961
Thailand,1992,25.4001281507941
Thailand,1991,25.5167954060799
Thailand,1990,25.585462419191
Thailand,1989,25.702046340723
Thailand,1988,25.2938776147302
Thailand,1987,25.7227964454131
Thailand,1986,26.2988826852636
Thailand,1985,27.1588870239775
Thailand,1984,23.6393692671034
Thailand,1983,23.0001160420577
Thailand,1982,23.0001160420577
Thailand,1981,21.8204434231107
Thailand,1980,20.4763533080478
Thailand,1979,20.4189363516965
Thailand,1978,20.3361026003602
Thailand,1977,20.4001029232598
Thailand,1976,20.4001029232598
Thailand,1975,20.3792694856493
Thailand,1974,20.3751027981272
Thailand,1973,20.6195816363913
Thailand,1972,20.8000294920375
Thailand,1971,20.8000000180667
Thailand,1970,20.8000000198
Thailand,1969,20.8000000198
Thailand,1968,20.8000000198
Thailand,1967,20.8000000198
Thailand,1966,20.8000000198
Thailand,1965,20.8000000198
Thailand,1964,20.8000000198
Thailand,1963,20.8300788623462
Thailand,1962,20.8801053450072
Thailand,1961,21.0584395780868
Thailand,1960,21.1817735336747
Timor-Leste,2023,1.0
Timor-Leste,2022,1.0
Timor-Leste,2021,1.0
Timor-Leste,2020,1.0
Timor-Leste,2019,1.0
Timor-Leste,2018,1.0
Timor-Leste,2017,1.0
Timor-Leste,2016,1.0
Timor-Leste,2015,1.0
Timor-Leste,2014,1.0
Timor-Leste,2013,1.0
Timor-Leste,2012,1.0
Timor-Leste,2011,1.0
Timor-Leste,2010,1.0
Timor-Leste,2009,1.0
Timor-Leste,2008,1.0
Timor-Leste,2007,1.0
Timor-Leste,2006,1.0
Timor-Leste,2005,1.0
Timor-Leste,2004,1.0
Timor-Leste,2003,1.0
Timor-Leste,2002,1.0
Timor-Leste,2001,1.0
Timor-Leste,2000,1.0
Timor-Leste,1999,1.0
Timor-Leste,1998,1.0
Timor-Leste,1997,1.0
Timor-Leste,1996,1.0
Timor-Leste,1995,1.0
Timor-Leste,1994,1.0
Timor-Leste,1993,1.0
Timor-Leste,1992,1.0
Timor-Leste,1991,1.0
Timor-Leste,1990,1.0
Timor-Leste,1989,1.0
Timor-Leste,1988,1.0
Timor-Leste,1987,1.0
Timor-Leste,1986,1.0
Timor-Leste,1985,1.0
Timor-Leste,1984,1.0
Timor-Leste,1983,1.0
Timor-Leste,1982,1.0
Timor-Leste,1981,1.0
Timor-Leste,1980,1.0
Timor-Leste,1979,1.0
Timor-Leste,1978,1.0
Timor-Leste,1977,1.0
Timor-Leste,1976,1.0
Timor-Leste,1975,1.0
Timor-Leste,1974,1.0
Timor-Leste,1973,1.0
Timor-Leste,1972,1.0
Timor-Leste,1971,1.0
Timor-Leste,1970,1.0
Timor-Leste,1969,1.0
Timor-Leste,1968,1.0
Timor-Leste,1967,1.0
Timor-Leste,1966,1.0
Timor-Leste,1965,1.0
Timor-Leste,1964,1.0
Timor-Leste,1963,1.0
Timor-Leste,1962,1.0
Timor-Leste,1961,1.0
Timor-Leste,1960,1.0
Togo,2023,606.569750165917
Togo,2022,623.759700911182
Togo,2021,554.530675033104
Togo,2020,575.586004510945
Togo,2019,585.911013180369
Togo,2018,555.446458398226
Togo,2017,580.656749587858
Togo,2016,592.605615063022
Togo,2015,591.21169798261
Togo,2014,493.757329875312
Togo,2013,493.899623852237
Togo,2012,510.556338454251
Togo,2011,471.248625718937
Togo,2010,494.794262222947
Togo,2009,470.293423341398
Togo,2008,446.000041432788
Togo,2007,478.633718476363
Togo,2006,522.425624895176
Togo,2005,527.258362649626
Togo,2004,527.338032291576
Togo,2003,579.897426172466
Togo,2002,693.713226496374
Togo,2001,732.397693260228
Togo,2000,710.207977031367
Togo,1999,615.473349319164
Togo,1998,589.951774567332
Togo,1997,583.669372353396
Togo,1996,511.552430272516
Togo,1995,499.14842590131
Togo,1994,555.204695655697
Togo,1993,283.162579500018
Togo,1992,264.691800750579
Togo,1991,282.10690880882
Togo,1990,272.264787954393
Togo,1989,319.008299487903
Togo,1988,297.848218819378
Togo,1987,300.536562401478
Togo,1986,346.305903554493
Togo,1985,449.262962711607
Togo,1984,436.956665788008
Togo,1983,381.066036024628
Togo,1982,328.60625269899
Togo,1981,271.731452550327
Togo,1980,211.279555414705
Togo,1979,212.721644262377
Togo,1978,225.655860233957
Togo,1977,245.679686566576
Togo,1976,238.950494267059
Togo,1975,214.312900341219
Togo,1974,240.704667637823
Togo,1973,222.889183053227
Togo,1972,252.027627462649
Togo,1971,275.356456685332
Togo,1970,276.403137026845
Togo,1969,259.960574351236
Togo,1968,247.564693756951
Togo,1967,246.000937791281
Togo,1966,245.678436557644
Togo,1965,245.060934207708
Togo,1964,245.027184079042
Togo,1963,245.016350696075
Togo,1962,245.013850686544
Togo,1961,245.26010162116
Togo,1960,245.195101398359
Tonga,2023,2.36369881809753
Tonga,2022,2.32792982731644
Tonga,2021,2.26495960050055
Tonga,2020,2.29956150787889
Tonga,2019,2.28948563032632
Tonga,2018,2.23657147594223
Tonga,2017,2.2059726971784
Tonga,2016,2.21566110422528
Tonga,2015,2.10576325744967
Tonga,2014,1.84677368453546
Tonga,2013,1.77371311869907
Tonga,2012,1.71950701586165
Tonga,2011,1.72895070977832
Tonga,2010,1.90598784238353
Tonga,2009,2.03449361322879
Tonga,2008,1.94244425686853
Tonga,2007,1.97093365696189
Tonga,2006,2.02588079490914
Tonga,2005,1.94303621693648
Tonga,2004,1.97156279313261
Tonga,2003,2.1458922520016
Tonga,2002,2.19518733528738
Tonga,2001,2.12357416892489
Tonga,2000,1.75850260417167
Tonga,1999,1.59913237242174
Tonga,1998,1.4920553704767
Tonga,1997,1.26351842815085
Tonga,1996,1.23197439919933
Tonga,1995,1.27094262839791
Tonga,1994,1.32021960428569
Tonga,1993,1.3840888319542
Tonga,1992,1.34717068495896
Tonga,1991,1.29611458948586
Tonga,1990,1.28092883799118
Tonga,1989,1.26374406828498
Tonga,1988,1.27973640514364
Tonga,1987,1.42823726886661
Tonga,1986,1.49603415377469
Tonga,1985,1.43195241733509
Tonga,1984,1.13956485971655
Tonga,1983,1.11005950987325
Tonga,1982,0.985902364638112
Tonga,1981,0.870249477236523
Tonga,1980,0.878279549223024
Tonga,1979,0.894676790046131
Tonga,1978,0.873694282031546
Tonga,1977,0.901861161455414
Tonga,1976,0.818316894865339
Tonga,1975,0.763901879621256
Tonga,1974,0.695845221491953
Tonga,1973,0.704113907966658
Tonga,1972,0.819200569046247
Tonga,1971,0.880607842366967
Tonga,1970,0.892856999892857
Tonga,1969,0.892856999892857
Tonga,1968,0.892856999892857
Tonga,1967,0.892856999892857
Tonga,1966,0.892856999892857
Tonga,1965,0.892856999892857
Tonga,1964,0.892856999892857
Tonga,1963,0.892856999892857
Tonga,1962,0.892856999892857
Tonga,1961,0.892856999892857
Tonga,1960,0.892856999892857
Trinidad and Tobago,2023,6.75026237934502
Trinidad and Tobago,2022,6.75412896099475
Trinidad and Tobago,2021,6.75853004916294
Trinidad and Tobago,2020,6.75105268711505
Trinidad and Tobago,2019,6.7543266828632
Trinidad and Tobago,2018,6.77075089824606
Trinidad and Tobago,2017,6.779525
Trinidad and Tobago,2016,6.66896666666667
Trinidad and Tobago,2015,6.37744166666667
Trinidad and Tobago,2014,6.40909457829793
Trinidad and Tobago,2013,6.44262939764659
Trinidad and Tobago,2012,6.42960265594542
Trinidad and Tobago,2011,6.40930070568579
Trinidad and Tobago,2010,6.37550833333333
Trinidad and Tobago,2009,6.32490833333333
Trinidad and Tobago,2008,6.28943333333333
Trinidad and Tobago,2007,6.32803333333333
Trinidad and Tobago,2006,6.31228333333333
Trinidad and Tobago,2005,6.29955833333334
Trinidad and Tobago,2004,6.29899166666666
Trinidad and Tobago,2003,6.2951
Trinidad and Tobago,2002,6.24868333333333
Trinidad and Tobago,2001,6.23321666666666
Trinidad and Tobago,2000,6.29979666666667
Trinidad and Tobago,1999,6.2989
Trinidad and Tobago,1998,6.2983075
Trinidad and Tobago,1997,6.25167833333334
Trinidad and Tobago,1996,6.00506583333333
Trinidad and Tobago,1995,5.94779583333333
Trinidad and Tobago,1994,5.92492916666667
Trinidad and Tobago,1993,5.35109666666667
Trinidad and Tobago,1992,4.25
Trinidad and Tobago,1991,4.25
Trinidad and Tobago,1990,4.25
Trinidad and Tobago,1989,4.25
Trinidad and Tobago,1988,3.84375
Trinidad and Tobago,1987,3.6
Trinidad and Tobago,1986,3.6
Trinidad and Tobago,1985,2.45
Trinidad and Tobago,1984,2.39999999958333
Trinidad and Tobago,1983,2.399999999
Trinidad and Tobago,1982,2.399999999
Trinidad and Tobago,1981,2.399999999
Trinidad and Tobago,1980,2.399999999
Trinidad and Tobago,1979,2.399999999
Trinidad and Tobago,1978,2.399999999
Trinidad and Tobago,1977,2.399999999
Trinidad and Tobago,1976,2.4357864317
Trinidad and Tobago,1975,2.1697975952
Trinidad and Tobago,1974,2.05323091078878
Trinidad and Tobago,1973,1.95922053743668
Trinidad and Tobago,1972,1.92128071035725
Trinidad and Tobago,1971,1.97487615196877
Trinidad and Tobago,1970,2.000000001
Trinidad and Tobago,1969,2.000000001
Trinidad and Tobago,1968,2.000000001
Trinidad and Tobago,1967,1.73809916726191
Trinidad and Tobago,1966,1.71429000071429
Trinidad and Tobago,1965,1.71429000071429
Trinidad and Tobago,1964,1.71429000071429
Trinidad and Tobago,1963,1.71429000071429
Trinidad and Tobago,1962,1.71429000071429
Trinidad and Tobago,1961,1.71429000071429
Trinidad and Tobago,1960,1.71429000071429
Tunisia,2023,3.10616666666667
Tunisia,2022,3.1036
Tunisia,2021,2.79446666666667
Tunisia,2020,2.81235833333333
Tunisia,2019,2.93443333333333
Tunisia,2018,2.64686666666667
Tunisia,2017,2.419425
Tunisia,2016,2.14803333333333
Tunisia,2015,1.961625
Tunisia,2014,1.697675
Tunisia,2013,1.62465833333333
Tunisia,2012,1.56189166666667
Tunisia,2011,1.40778333333333
Tunisia,2010,1.4314
Tunisia,2009,1.350275
Tunisia,2008,1.23214166666667
Tunisia,2007,1.28135833333333
Tunisia,2006,1.331025
Tunisia,2005,1.29743333333333
Tunisia,2004,1.24546666666667
Tunisia,2003,1.28845833333333
Tunisia,2002,1.42173333333333
Tunisia,2001,1.4387125
Tunisia,2000,1.37068333333333
Tunisia,1999,1.186225
Tunisia,1998,1.138725
Tunisia,1997,1.10590833333333
Tunisia,1996,0.973408333333333
Tunisia,1995,0.94575
Tunisia,1994,1.01155416666667
Tunisia,1993,1.00374166666667
Tunisia,1992,0.884433333333333
Tunisia,1991,0.924620833333333
Tunisia,1990,0.878333333333334
Tunisia,1989,0.949320833333333
Tunisia,1988,0.857804166666666
Tunisia,1987,0.8286625
Tunisia,1986,0.794029166666667
Tunisia,1985,0.83449583325
Tunisia,1984,0.776833332916667
Tunisia,1983,0.67876666575
Tunisia,1982,0.590687499
Tunisia,1981,0.493804165666667
Tunisia,1980,0.404954165666667
Tunisia,1979,0.406462499
Tunisia,1978,0.416170832333333
Tunisia,1977,0.428949999
Tunisia,1976,0.428774999
Tunisia,1975,0.402266665666667
Tunisia,1974,0.436508332333334
Tunisia,1973,0.421595832833333
Tunisia,1972,0.477083333
Tunisia,1971,0.52291666623125
Tunisia,1970,0.524999999525
Tunisia,1969,0.524999999525
Tunisia,1968,0.524999999525
Tunisia,1967,0.524999999525
Tunisia,1966,0.524999999525
Tunisia,1965,0.524999999525
Tunisia,1964,0.44624999941125
Tunisia,1963,0.41999999942
Tunisia,1962,0.41999999942
Tunisia,1961,0.41999999942
Tunisia,1960,0.41999999942
Turkiye,2023,23.7385661219918
Turkiye,2022,16.5488604173067
Turkiye,2021,8.85040754928315
Turkiye,2020,7.00860541558522
Turkiye,2019,5.67381930843574
Turkiye,2018,4.82837014720942
Turkiye,2017,3.64813263536867
Turkiye,2016,3.02013474808043
Turkiye,2015,2.72000852790578
Turkiye,2014,2.18854241775473
Turkiye,2013,1.90376824244752
Turkiye,2012,1.79600094441355
Turkiye,2011,1.67495455197133
Turkiye,2010,1.5028486296723
Turkiye,2009,1.54995977566564
Turkiye,2008,1.30152170281795
Turkiye,2007,1.30293090533794
Turkiye,2006,1.42845341333845
Turkiye,2005,1.34358310833333
Turkiye,2004,1.42553725
Turkiye,2003,1.50088520858333
Turkiye,2002,1.50722641666667
Turkiye,2001,1.22558808333333
Turkiye,2000,0.6252185
Turkiye,1999,0.418782916666667
Turkiye,1998,0.26072425
Turkiye,1997,0.151865
Turkiye,1996,0.0814048916666666
Turkiye,1995,0.0458450608333333
Turkiye,1994,0.0296086758333333
Turkiye,1993,0.0109846283333333
Turkiye,1992,0.00687242333333333
Turkiye,1991,0.00417181583333333
Turkiye,1990,0.00260864166666667
Turkiye,1989,0.00212167916666667
Turkiye,1988,0.00142234583333333
Turkiye,1987,0.000857214166666667
Turkiye,1986,0.00067451175000025
Turkiye,1985,0.000521983083333166
Turkiye,1984,0.000366677833333167
Turkiye,1983,0.00022545708333225
Turkiye,1982,0.000162553416665667
Turkiye,1981,0.000111218583332667
Turkiye,1980,7.60380833328333e-05
Turkiye,1979,3.1077499999e-05
Turkiye,1978,2.42821666656667e-05
Turkiye,1977,1.8002249999e-05
Turkiye,1976,1.60530833323333e-05
Turkiye,1975,1.44420833326667e-05
Turkiye,1974,1.39270833330833e-05
Turkiye,1973,1.415e-05
Turkiye,1972,1.415e-05
Turkiye,1971,1.48666666670833e-05
Turkiye,1970,1.1328499999e-05
Turkiye,1969,9.039999999e-06
Turkiye,1968,9.039999999e-06
Turkiye,1967,9.039999999e-06
Turkiye,1966,9.039999999e-06
Turkiye,1965,9.039999999e-06
Turkiye,1964,9.03916666575e-06
Turkiye,1963,9.02e-06
Turkiye,1962,9.02e-06
Turkiye,1961,9.02e-06
Turkiye,1960,9.01691666658333e-06
Turkmenistan,2023,
Turkmenistan,2022,
Turkmenistan,2021,
Turkmenistan,2020,
Turkmenistan,2019,
Turkmenistan,2018,
Turkmenistan,2017,
Turkmenistan,2016,
Turkmenistan,2015,
Turkmenistan,2014,
Turkmenistan,2013,
Turkmenistan,2012,
Turkmenistan,2011,
Turkmenistan,2010,
Turkmenistan,2009,
Turkmenistan,2008,
Turkmenistan,2007,
Turkmenistan,2006,
Turkmenistan,2005,
Turkmenistan,2004,
Turkmenistan,2003,
Turkmenistan,2002,
Turkmenistan,2001,5200.0
Turkmenistan,2000,5200.0
Turkmenistan,1999,5200.0
Turkmenistan,1998,4890.16666666667
Turkmenistan,1997,4143.41666666667
Turkmenistan,1996,3257.66666666667
Turkmenistan,1995,110.916666666667
Turkmenistan,1994,19.1983333333333
Turkmenistan,1993,
Turkmenistan,1992,
Turkmenistan,1991,
Turkmenistan,1990,
Turkmenistan,1989,
Turkmenistan,1988,
Turkmenistan,1987,
Turkmenistan,1986,
Turkmenistan,1985,
Turkmenistan,1984,
Turkmenistan,1983,
Turkmenistan,1982,
Turkmenistan,1981,
Turkmenistan,1980,
Turkmenistan,1979,
Turkmenistan,1978,
Turkmenistan,1977,
Turkmenistan,1976,
Turkmenistan,1975,
Turkmenistan,1974,
Turkmenistan,1973,
Turkmenistan,1972,
Turkmenistan,1971,
Turkmenistan,1970,
Turkmenistan,1969,
Turkmenistan,1968,
Turkmenistan,1967,
Turkmenistan,1966,
Turkmenistan,1965,
Turkmenistan,1964,
Turkmenistan,1963,
Turkmenistan,1962,
Turkmenistan,1961,
Turkmenistan,1960,
Turks and Caicos Islands,2023,1.0
Turks and Caicos Islands,2022,1.0
Turks and Caicos Islands,2021,1.0
Turks and Caicos Islands,2020,1.0
Turks and Caicos Islands,2019,1.0
Turks and Caicos Islands,2018,1.0
Turks and Caicos Islands,2017,1.0
Turks and Caicos Islands,2016,1.0
Turks and Caicos Islands,2015,1.0
Turks and Caicos Islands,2014,1.0
Turks and Caicos Islands,2013,1.0
Turks and Caicos Islands,2012,1.0
Turks and Caicos Islands,2011,1.0
Turks and Caicos Islands,2010,1.0
Turks and Caicos Islands,2009,1.0
Turks and Caicos Islands,2008,1.0
Turks and Caicos Islands,2007,1.0
Turks and Caicos Islands,2006,1.0
Turks and Caicos Islands,2005,1.0
Turks and Caicos Islands,2004,1.0
Turks and Caicos Islands,2003,1.0
Turks and Caicos Islands,2002,1.0
Turks and Caicos Islands,2001,1.0
Turks and Caicos Islands,2000,1.0
Turks and Caicos Islands,1999,1.0
Turks and Caicos Islands,1998,1.0
Turks and Caicos Islands,1997,1.0
Turks and Caicos Islands,1996,1.0
Turks and Caicos Islands,1995,1.0
Turks and Caicos Islands,1994,1.0
Turks and Caicos Islands,1993,1.0
Turks and Caicos Islands,1992,1.0
Turks and Caicos Islands,1991,1.0
Turks and Caicos Islands,1990,1.0
Turks and Caicos Islands,1989,1.0
Turks and Caicos Islands,1988,1.0
Turks and Caicos Islands,1987,1.0
Turks and Caicos Islands,1986,1.0
Turks and Caicos Islands,1985,1.0
Turks and Caicos Islands,1984,1.0
Turks and Caicos Islands,1983,1.0
Turks and Caicos Islands,1982,1.0
Turks and Caicos Islands,1981,1.0
Turks and Caicos Islands,1980,1.0
Turks and Caicos Islands,1979,1.0
Turks and Caicos Islands,1978,1.0
Turks and Caicos Islands,1977,1.0
Turks and Caicos Islands,1976,1.0
Turks and Caicos Islands,1975,1.0
Turks and Caicos Islands,1974,1.0
Turks and Caicos Islands,1973,1.0
Turks and Caicos Islands,1972,1.0
Turks and Caicos Islands,1971,1.0
Turks and Caicos Islands,1970,1.0
Turks and Caicos Islands,1969,1.0
Turks and Caicos Islands,1968,1.0
Turks and Caicos Islands,1967,1.0
Turks and Caicos Islands,1966,1.0
Turks and Caicos Islands,1965,1.0
Turks and Caicos Islands,1964,1.0
Turks and Caicos Islands,1963,1.0
Turks and Caicos Islands,1962,1.0
Turks and Caicos Islands,1961,1.0
Turks and Caicos Islands,1960,1.0
Tuvalu,2023,
Tuvalu,2022,
Tuvalu,2021,
Tuvalu,2020,
Tuvalu,2019,
Tuvalu,2018,
Tuvalu,2017,
Tuvalu,2016,
Tuvalu,2015,
Tuvalu,2014,
Tuvalu,2013,
Tuvalu,2012,
Tuvalu,2011,
Tuvalu,2010,
Tuvalu,2009,
Tuvalu,2008,
Tuvalu,2007,
Tuvalu,2006,
Tuvalu,2005,
Tuvalu,2004,
Tuvalu,2003,
Tuvalu,2002,
Tuvalu,2001,
Tuvalu,2000,
Tuvalu,1999,
Tuvalu,1998,
Tuvalu,1997,
Tuvalu,1996,
Tuvalu,1995,
Tuvalu,1994,
Tuvalu,1993,
Tuvalu,1992,
Tuvalu,1991,
Tuvalu,1990,
Tuvalu,1989,
Tuvalu,1988,
Tuvalu,1987,
Tuvalu,1986,
Tuvalu,1985,
Tuvalu,1984,
Tuvalu,1983,
Tuvalu,1982,
Tuvalu,1981,
Tuvalu,1980,
Tuvalu,1979,
Tuvalu,1978,
Tuvalu,1977,
Tuvalu,1976,
Tuvalu,1975,
Tuvalu,1974,
Tuvalu,1973,
Tuvalu,1972,
Tuvalu,1971,
Tuvalu,1970,
Tuvalu,1969,
Tuvalu,1968,
Tuvalu,1967,
Tuvalu,1966,
Tuvalu,1965,
Tuvalu,1964,
Tuvalu,1963,
Tuvalu,1962,
Tuvalu,1961,
Tuvalu,1960,
Uganda,2023,3726.14045997085
Uganda,2022,3689.81738566862
Uganda,2021,3587.05170733909
Uganda,2020,3718.24892270924
Uganda,2019,3704.04907169681
Uganda,2018,3727.06899484612
Uganda,2017,3611.22445804461
Uganda,2016,3420.09800724736
Uganda,2015,3240.64542033826
Uganda,2014,2599.78820061067
Uganda,2013,2586.88956856561
Uganda,2012,2504.56307758328
Uganda,2011,2522.80203252264
Uganda,2010,2177.55750683358
Uganda,2009,2030.48807433418
Uganda,2008,1720.4438791511
Uganda,2007,1723.49158714041
Uganda,2006,1831.45185089088
Uganda,2005,1780.54026086523
Uganda,2004,1810.30471365151
Uganda,2003,1963.72008333333
Uganda,2002,1797.5505
Uganda,2001,1755.65875
Uganda,2000,1644.47533333333
Uganda,1999,1454.82716666667
Uganda,1998,1240.30583333333
Uganda,1997,1083.00866666667
Uganda,1996,1046.08475
Uganda,1995,968.916666666667
Uganda,1994,979.445416666667
Uganda,1993,1195.01675
Uganda,1992,1133.83433333333
Uganda,1991,734.009916666667
Uganda,1990,428.854666666667
Uganda,1989,223.09160630809
Uganda,1988,106.135833333333
Uganda,1987,42.8412666666667
Uganda,1986,14.0
Uganda,1985,6.72020000000583
Uganda,1984,3.597024999995
Uganda,1983,1.5386249999925
Uganda,1982,0.940466666661667
Uganda,1981,0.500523333326667
Uganda,1980,0.07416999999
Uganda,1979,0.0748283333233333
Uganda,1978,0.0773566666566667
Uganda,1977,0.0825899999933333
Uganda,1976,0.0826616666625
Uganda,1975,0.07421924999
Uganda,1974,0.07135949999
Uganda,1973,0.07021449999
Uganda,1972,0.07142999999
Uganda,1971,0.0714299958900811
Uganda,1970,0.07143000007143
Uganda,1969,0.07143000007143
Uganda,1968,0.07143000007143
Uganda,1967,0.07143000007143
Uganda,1966,0.07143000007143
Uganda,1965,0.07143000007143
Uganda,1964,0.07143000007143
Uganda,1963,0.07143000007143
Uganda,1962,0.07143000007143
Uganda,1961,0.07143000007143
Uganda,1960,0.07143000007143
Ukraine,2023,36.5738081166667
Ukraine,2022,32.3423016
Ukraine,2021,27.2861893833333
Ukraine,2020,26.9575243833333
Ukraine,2019,25.8455893333333
Ukraine,2018,27.2004923333333
Ukraine,2017,26.5966063
Ukraine,2016,25.5513341166667
Ukraine,2015,21.8446977666667
Ukraine,2014,11.8866594166667
Ukraine,2013,7.993
Ukraine,2012,7.99102933333333
Ukraine,2011,7.96756283333333
Ukraine,2010,7.93563941666667
Ukraine,2009,7.79124033333333
Ukraine,2008,5.26722141666667
Ukraine,2007,5.05
Ukraine,2006,5.05
Ukraine,2005,5.124729
Ukraine,2004,5.31918066666667
Ukraine,2003,5.33268833333333
Ukraine,2002,5.326625
Ukraine,2001,5.37215833333333
Ukraine,2000,5.44023333333333
Ukraine,1999,4.13044166666667
Ukraine,1998,2.44954166666667
Ukraine,1997,1.86165833333333
Ukraine,1996,1.82946855833333
Ukraine,1995,1.473075
Ukraine,1994,0.327514166666667
Ukraine,1993,0.045325
Ukraine,1992,
Ukraine,1991,
Ukraine,1990,
Ukraine,1989,
Ukraine,1988,
Ukraine,1987,
Ukraine,1986,
Ukraine,1985,
Ukraine,1984,
Ukraine,1983,
Ukraine,1982,
Ukraine,1981,
Ukraine,1980,
Ukraine,1979,
Ukraine,1978,
Ukraine,1977,
Ukraine,1976,
Ukraine,1975,
Ukraine,1974,
Ukraine,1973,
Ukraine,1972,
Ukraine,1971,
Ukraine,1970,
Ukraine,1969,
Ukraine,1968,
Ukraine,1967,
Ukraine,1966,
Ukraine,1965,
Ukraine,1964,
Ukraine,1963,
Ukraine,1962,
Ukraine,1961,
Ukraine,1960,
United Arab Emirates,2023,3.6725
United Arab Emirates,2022,3.6725
United Arab Emirates,2021,3.6725
United Arab Emirates,2020,3.6725
United Arab Emirates,2019,3.6725
United Arab Emirates,2018,3.6725
United Arab Emirates,2017,3.6725
United Arab Emirates,2016,3.6725
United Arab Emirates,2015,3.6725
United Arab Emirates,2014,3.6725
United Arab Emirates,2013,3.6725
United Arab Emirates,2012,3.6725
United Arab Emirates,2011,3.6725
United Arab Emirates,2010,3.6725
United Arab Emirates,2009,3.6725
United Arab Emirates,2008,3.6725
United Arab Emirates,2007,3.6725
United Arab Emirates,2006,3.6725
United Arab Emirates,2005,3.6725
United Arab Emirates,2004,3.6725
United Arab Emirates,2003,3.6725
United Arab Emirates,2002,3.6725
United Arab Emirates,2001,3.6725
United Arab Emirates,2000,3.6725
United Arab Emirates,1999,3.6725
United Arab Emirates,1998,3.6725
United Arab Emirates,1997,3.671125
United Arab Emirates,1996,3.671
United Arab Emirates,1995,3.671
United Arab Emirates,1994,3.671
United Arab Emirates,1993,3.671
United Arab Emirates,1992,3.671
United Arab Emirates,1991,3.671
United Arab Emirates,1990,3.671
United Arab Emirates,1989,3.671
United Arab Emirates,1988,3.671
United Arab Emirates,1987,3.671
United Arab Emirates,1986,3.671
United Arab Emirates,1985,3.671
United Arab Emirates,1984,3.67099999958333
United Arab Emirates,1983,3.670999999
United Arab Emirates,1982,3.670999999
United Arab Emirates,1981,3.670999999
United Arab Emirates,1980,3.707364999
United Arab Emirates,1979,3.81567583233333
United Arab Emirates,1978,3.87121083233334
United Arab Emirates,1977,3.903247499
United Arab Emirates,1976,3.953072499
United Arab Emirates,1975,3.961284999
United Arab Emirates,1974,3.95904515568157
United Arab Emirates,1973,3.99627131386443
United Arab Emirates,1972,4.38597784250488
United Arab Emirates,1971,4.74796288486442
United Arab Emirates,1970,4.7619000037619
United Arab Emirates,1969,4.7619000037619
United Arab Emirates,1968,4.7619000037619
United Arab Emirates,1967,4.7619000037619
United Arab Emirates,1966,4.7619000037619
United Arab Emirates,1965,
United Arab Emirates,1964,
United Arab Emirates,1963,
United Arab Emirates,1962,
United Arab Emirates,1961,
United Arab Emirates,1960,
United Kingdom,2023,0.804538906734353
United Kingdom,2022,0.811301715827773
United Kingdom,2021,0.727064944688323
United Kingdom,2020,0.779999576697153
United Kingdom,2019,0.783445110011929
United Kingdom,2018,0.749531540259847
United Kingdom,2017,0.776976682344123
United Kingdom,2016,0.740634463697084
United Kingdom,2015,0.654545478931426
United Kingdom,2014,0.607729626878255
United Kingdom,2013,0.639660577613477
United Kingdom,2012,0.633046988857327
United Kingdom,2011,0.624140835740495
United Kingdom,2010,0.647179345560165
United Kingdom,2009,0.641919263495996
United Kingdom,2008,0.54396625
United Kingdom,2007,0.499771666666667
United Kingdom,2006,0.543486666666667
United Kingdom,2005,0.549998333333333
United Kingdom,2004,0.54618
United Kingdom,2003,0.6124725
United Kingdom,2002,0.667223333333333
United Kingdom,2001,0.694655
United Kingdom,2000,0.660930833333333
United Kingdom,1999,0.618056845
United Kingdom,1998,0.603823594166667
United Kingdom,1997,0.610836114166667
United Kingdom,1996,0.640958255
United Kingdom,1995,0.63366812
United Kingdom,1994,0.653426604166667
United Kingdom,1993,0.666756553333333
United Kingdom,1992,0.569774166666667
United Kingdom,1991,0.567015333333333
United Kingdom,1990,0.563177166666667
United Kingdom,1989,0.61117275
United Kingdom,1988,0.562170166666667
United Kingdom,1987,0.6119265
United Kingdom,1986,0.682197333333333
United Kingdom,1985,0.77924599975
United Kingdom,1984,0.75180666625
United Kingdom,1983,0.659724582333334
United Kingdom,1982,0.572446832333333
United Kingdom,1981,0.497641332333334
United Kingdom,1980,0.430294999
United Kingdom,1979,0.472181165666667
United Kingdom,1978,0.521504582333334
United Kingdom,1977,0.573271999
United Kingdom,1976,0.556509832333334
United Kingdom,1975,0.452041165666667
United Kingdom,1974,0.427756439747663
United Kingdom,1973,0.408170945299307
United Kingdom,1972,0.400390461530008
United Kingdom,1971,0.410920237429425
United Kingdom,1970,0.416666999416667
United Kingdom,1969,0.416666999416667
United Kingdom,1968,0.416666999416667
United Kingdom,1967,0.362103332665675
United Kingdom,1966,0.357142999357143
United Kingdom,1965,0.357142999357143
United Kingdom,1964,0.357142999357143
United Kingdom,1963,0.357142999357143
United Kingdom,1962,0.357142999357143
United Kingdom,1961,0.357142999357143
United Kingdom,1960,0.357142999357143
United States,2023,1.0
United States,2022,1.0
United States,2021,1.0
United States,2020,1.0
United States,2019,1.0
United States,2018,1.0
United States,2017,1.0
United States,2016,1.0
United States,2015,1.0
United States,2014,1.0
United States,2013,1.0
United States,2012,1.0
United States,2011,1.0
United States,2010,1.0
United States,2009,1.0
United States,2008,1.0
United States,2007,1.0
United States,2006,1.0
United States,2005,1.0
United States,2004,1.0
United States,2003,1.0
United States,2002,1.0
United States,2001,1.0
United States,2000,1.0
United States,1999,1.0
United States,1998,1.0
United States,1997,1.0
United States,1996,1.0
United States,1995,1.0
United States,1994,1.0
United States,1993,1.0
United States,1992,1.0
United States,1991,1.0
United States,1990,1.0
United States,1989,1.0
United States,1988,1.0
United States,1987,1.0
United States,1986,1.0
United States,1985,1.0
United States,1984,1.0
United States,1983,1.0
United States,1982,1.0
United States,1981,1.0
United States,1980,1.0
United States,1979,1.0
United States,1978,1.0
United States,1977,1.0
United States,1976,1.0
United States,1975,1.0
United States,1974,1.0
United States,1973,1.0
United States,1972,1.0
United States,1971,1.0
United States,1970,1.0
United States,1969,1.0
United States,1968,1.0
United States,1967,1.0
United States,1966,1.0
United States,1965,1.0
United States,1964,1.0
United States,1963,1.0
United States,1962,1.0
United States,1961,1.0
United States,1960,1.0
Uruguay,2023,38.8239166666667
Uruguay,2022,41.1710833333333
Uruguay,2021,43.554575
Uruguay,2020,42.0132916666667
Uruguay,2019,35.255375
Uruguay,2018,30.7252583333333
Uruguay,2017,28.6764
Uruguay,2016,30.1626
Uruguay,2015,27.3273666666667
Uruguay,2014,23.246025
Uruguay,2013,20.4816083333333
Uruguay,2012,20.310575
Uruguay,2011,19.3142083333333
Uruguay,2010,20.059275
Uruguay,2009,22.5679833333333
Uruguay,2008,20.9493166666667
Uruguay,2007,23.471025
Uruguay,2006,24.0733583333333
Uruguay,2005,24.4786
Uruguay,2004,28.7037333333333
Uruguay,2003,28.2086833333333
Uruguay,2002,21.2569666666667
Uruguay,2001,13.3191166666667
Uruguay,2000,12.0995916666667
Uruguay,1999,11.3393
Uruguay,1998,10.4719166666667
Uruguay,1997,9.44183333333333
Uruguay,1996,7.97183333333334
Uruguay,1995,6.349
Uruguay,1994,5.04391666666667
Uruguay,1993,3.94109166666667
Uruguay,1992,3.02481166666667
Uruguay,1991,2.01766333333333
Uruguay,1990,1.16948416666667
Uruguay,1989,0.621178333333333
Uruguay,1988,0.3585075
Uruguay,1987,0.225521666666667
Uruguay,1986,0.151434166666667
Uruguay,1985,0.101155833333333
Uruguay,1984,0.0558933333333333
Uruguay,1983,0.0343758333333333
Uruguay,1982,0.0138533333333333
Uruguay,1981,0.0107933333333333
Uruguay,1980,0.0090725
Uruguay,1979,0.00783833333333333
Uruguay,1978,0.00602333333333334
Uruguay,1977,0.00464666666666667
Uruguay,1976,0.0033025
Uruguay,1975,0.00223583333333333
Uruguay,1974,0.0011821325
Uruguay,1973,0.000857150833333334
Uruguay,1972,0.000530825833333333
Uruguay,1971,0.000248
Uruguay,1970,0.000248
Uruguay,1969,0.000248
Uruguay,1968,0.000231854166666667
Uruguay,1967,0.0001049625
Uruguay,1966,5.38916666666667e-05
Uruguay,1965,2.90358333333333e-05
Uruguay,1964,1.64116666666667e-05
Uruguay,1963,1.46475e-05
Uruguay,1962,1.098e-05
Uruguay,1961,1.10091666666667e-05
Uruguay,1960,1.12966666666667e-05
Uzbekistan,2023,11734.8334198669
Uzbekistan,2022,11050.145422363
Uzbekistan,2021,10609.464390809
Uzbekistan,2020,10054.2613341653
Uzbekistan,2019,8836.7875
Uzbekistan,2018,8069.60623655914
Uzbekistan,2017,5113.87894595717
Uzbekistan,2016,2965.25349937684
Uzbekistan,2015,2567.98721339827
Uzbekistan,2014,2310.94815880696
Uzbekistan,2013,2094.98846505376
Uzbekistan,2012,
Uzbekistan,2011,
Uzbekistan,2010,
Uzbekistan,2009,
Uzbekistan,2008,
Uzbekistan,2007,
Uzbekistan,2006,
Uzbekistan,2005,
Uzbekistan,2004,
Uzbekistan,2003,
Uzbekistan,2002,
Uzbekistan,2001,
Uzbekistan,2000,236.608333333333
Uzbekistan,1999,124.625
Uzbekistan,1998,94.4916666666667
Uzbekistan,1997,62.9166666666667
Uzbekistan,1996,40.0666666666666
Uzbekistan,1995,29.775
Uzbekistan,1994,
Uzbekistan,1993,
Uzbekistan,1992,
Uzbekistan,1991,
Uzbekistan,1990,
Uzbekistan,1989,
Uzbekistan,1988,
Uzbekistan,1987,
Uzbekistan,1986,
Uzbekistan,1985,
Uzbekistan,1984,
Uzbekistan,1983,
Uzbekistan,1982,
Uzbekistan,1981,
Uzbekistan,1980,
Uzbekistan,1979,
Uzbekistan,1978,
Uzbekistan,1977,
Uzbekistan,1976,
Uzbekistan,1975,
Uzbekistan,1974,
Uzbekistan,1973,
Uzbekistan,1972,
Uzbekistan,1971,
Uzbekistan,1970,
Uzbekistan,1969,
Uzbekistan,1968,
Uzbekistan,1967,
Uzbekistan,1966,
Uzbekistan,1965,
Uzbekistan,1964,
Uzbekistan,1963,
Uzbekistan,1962,
Uzbekistan,1961,
Uzbekistan,1960,
Vanuatu,2023,119.1125
Vanuatu,2022,115.353916666667
Vanuatu,2021,109.4525
Vanuatu,2020,115.38
Vanuatu,2019,114.7325
Vanuatu,2018,110.165
Vanuatu,2017,107.820833333333
Vanuatu,2016,108.475
Vanuatu,2015,108.989166666667
Vanuatu,2014,97.0716666666667
Vanuatu,2013,94.5425
Vanuatu,2012,92.6375
Vanuatu,2011,89.4691666666667
Vanuatu,2010,96.9058333333333
Vanuatu,2009,106.740833333333
Vanuatu,2008,101.334166666667
Vanuatu,2007,102.4375
Vanuatu,2006,110.640833333333
Vanuatu,2005,109.245833333333
Vanuatu,2004,111.79
Vanuatu,2003,122.189166666667
Vanuatu,2002,139.198333333333
Vanuatu,2001,145.3125
Vanuatu,2000,137.643333333333
Vanuatu,1999,129.075
Vanuatu,1998,127.5175
Vanuatu,1997,115.873333333333
Vanuatu,1996,111.719166666667
Vanuatu,1995,112.111666666667
Vanuatu,1994,116.405
Vanuatu,1993,121.580833333333
Vanuatu,1992,113.391666666667
Vanuatu,1991,111.675
Vanuatu,1990,117.06125
Vanuatu,1989,116.041666666667
Vanuatu,1988,104.425833333333
Vanuatu,1987,109.849166666667
Vanuatu,1986,106.075833332917
Vanuatu,1985,106.031666666
Vanuatu,1984,99.2333333325833
Vanuatu,1983,99.367661994
Vanuatu,1982,96.2074999994167
Vanuatu,1981,87.82592592575
Vanuatu,1980,68.2921212121666
Vanuatu,1979,68.7582491583334
Vanuatu,1978,72.9389898989167
Vanuatu,1977,79.4113131311667
Vanuatu,1976,77.2362289561667
Vanuatu,1975,69.2725925926667
Vanuatu,1974,77.8032323233333
Vanuatu,1973,72.04471380475
Vanuatu,1972,81.6109090909166
Vanuatu,1971,100.689451223571
Vanuatu,1970,100.985000099985
Vanuatu,1969,94.44000009344
Vanuatu,1968,89.765000088765
Vanuatu,1967,89.765000088765
Vanuatu,1966,89.765000088765
Vanuatu,1965,89.765000088765
Vanuatu,1964,89.765000088765
Vanuatu,1963,89.765000088765
Vanuatu,1962,89.765000088765
Vanuatu,1961,89.765000088765
Vanuatu,1960,89.765000088765
"Venezuela, RB",2023,
"Venezuela, RB",2022,
"Venezuela, RB",2021,
"Venezuela, RB",2020,
"Venezuela, RB",2019,
"Venezuela, RB",2018,
"Venezuela, RB",2017,9.975
"Venezuela, RB",2016,9.25734444444167
"Venezuela, RB",2015,6.2842
"Venezuela, RB",2014,6.2842
"Venezuela, RB",2013,6.04796184166667
"Venezuela, RB",2012,4.2893
"Venezuela, RB",2011,4.2893
"Venezuela, RB",2010,2.58206031746032
"Venezuela, RB",2009,2.147
"Venezuela, RB",2008,2.147
"Venezuela, RB",2007,2.147
"Venezuela, RB",2006,2.147
"Venezuela, RB",2005,2.08975
"Venezuela, RB",2004,1.89133333333333
"Venezuela, RB",2003,1.60695833333333
"Venezuela, RB",2002,1.16095
"Venezuela, RB",2001,0.723658333333333
"Venezuela, RB",2000,0.679966666666667
"Venezuela, RB",1999,0.605725
"Venezuela, RB",1998,0.547566666666667
"Venezuela, RB",1997,0.488633333333333
"Venezuela, RB",1996,0.41735
"Venezuela, RB",1995,0.176841666666667
"Venezuela, RB",1994,0.146858333333333
"Venezuela, RB",1993,0.0908416666666667
"Venezuela, RB",1992,0.0683833333333333
"Venezuela, RB",1991,0.056825
"Venezuela, RB",1990,0.0468916666666667
"Venezuela, RB",1989,0.0346916666666667
"Venezuela, RB",1988,0.0145
"Venezuela, RB",1987,0.0145
"Venezuela, RB",1986,0.00808333333333333
"Venezuela, RB",1985,0.0075
"Venezuela, RB",1984,0.00701666666666667
"Venezuela, RB",1983,0.0043
"Venezuela, RB",1982,0.0043
"Venezuela, RB",1981,0.0043
"Venezuela, RB",1980,0.0043
"Venezuela, RB",1979,0.0043
"Venezuela, RB",1978,0.0043
"Venezuela, RB",1977,0.0043
"Venezuela, RB",1976,0.0043
"Venezuela, RB",1975,0.0043
"Venezuela, RB",1974,0.0043
"Venezuela, RB",1973,0.0043
"Venezuela, RB",1972,0.0043
"Venezuela, RB",1971,0.0044
"Venezuela, RB",1970,0.0044
"Venezuela, RB",1969,0.0044
"Venezuela, RB",1968,0.0044
"Venezuela, RB",1967,0.0044
"Venezuela, RB",1966,0.0044
"Venezuela, RB",1965,0.0044
"Venezuela, RB",1964,0.00435
"Venezuela, RB",1963,0.00334966666566667
"Venezuela, RB",1962,0.00334966666566667
"Venezuela, RB",1961,0.00334983333233333
"Venezuela, RB",1960,0.00334958333233333
Viet Nam,2023,23787.3191666667
Viet Nam,2022,23271.2125
Viet Nam,2021,23159.7825925926
Viet Nam,2020,23208.3683333333
Viet Nam,2019,23050.2416666667
Viet Nam,2018,22602.05
Viet Nam,2017,22370.0866666667
Viet Nam,2016,21935.0008333333
Viet Nam,2015,21697.5675
Viet Nam,2014,21148.0
Viet Nam,2013,20933.4166666667
Viet Nam,2012,20828.0
Viet Nam,2011,20509.75
Viet Nam,2010,18612.9166666667
Viet Nam,2009,17065.0833333333
Viet Nam,2008,16302.25
Viet Nam,2007,16105.125
Viet Nam,2006,15994.25
Viet Nam,2005,15858.9166666667
Viet Nam,2004,15746.0
Viet Nam,2003,15509.5833333333
Viet Nam,2002,15279.5
Viet Nam,2001,14725.1666666667
Viet Nam,2000,14167.75
Viet Nam,1999,13943.1666666667
Viet Nam,1998,13268.0
Viet Nam,1997,11683.3333333333
Viet Nam,1996,11032.5833333333
Viet Nam,1995,11038.25
Viet Nam,1994,10965.6666666667
Viet Nam,1993,10640.9583333333
Viet Nam,1992,11202.1916666667
Viet Nam,1991,10121.8932306763
Viet Nam,1990,6537.6046856884
Viet Nam,1989,4501.68652908966
Viet Nam,1988,611.646086956522
Viet Nam,1987,78.9533157246375
Viet Nam,1986,22.9367282608695
Viet Nam,1985,
Viet Nam,1984,
Viet Nam,1983,1.00177092268493
Viet Nam,1982,
Viet Nam,1981,
Viet Nam,1980,
Viet Nam,1979,
Viet Nam,1978,
Viet Nam,1977,
Viet Nam,1976,
Viet Nam,1975,
Viet Nam,1974,
Viet Nam,1973,
Viet Nam,1972,
Viet Nam,1971,
Viet Nam,1970,
Viet Nam,1969,
Viet Nam,1968,
Viet Nam,1967,
Viet Nam,1966,
Viet Nam,1965,
Viet Nam,1964,
Viet Nam,1963,
Viet Nam,1962,
Viet Nam,1961,
Viet Nam,1960,
Virgin Islands (U.S.),2023,1.0
Virgin Islands (U.S.),2022,1.0
Virgin Islands (U.S.),2021,1.0
Virgin Islands (U.S.),2020,1.0
Virgin Islands (U.S.),2019,1.0
Virgin Islands (U.S.),2018,1.0
Virgin Islands (U.S.),2017,1.0
Virgin Islands (U.S.),2016,1.0
Virgin Islands (U.S.),2015,1.0
Virgin Islands (U.S.),2014,1.0
Virgin Islands (U.S.),2013,1.0
Virgin Islands (U.S.),2012,1.0
Virgin Islands (U.S.),2011,1.0
Virgin Islands (U.S.),2010,1.0
Virgin Islands (U.S.),2009,1.0
Virgin Islands (U.S.),2008,1.0
Virgin Islands (U.S.),2007,1.0
Virgin Islands (U.S.),2006,1.0
Virgin Islands (U.S.),2005,1.0
Virgin Islands (U.S.),2004,1.0
Virgin Islands (U.S.),2003,1.0
Virgin Islands (U.S.),2002,1.0
Virgin Islands (U.S.),2001,1.0
Virgin Islands (U.S.),2000,1.0
Virgin Islands (U.S.),1999,1.0
Virgin Islands (U.S.),1998,1.0
Virgin Islands (U.S.),1997,1.0
Virgin Islands (U.S.),1996,1.0
Virgin Islands (U.S.),1995,1.0
Virgin Islands (U.S.),1994,1.0
Virgin Islands (U.S.),1993,1.0
Virgin Islands (U.S.),1992,1.0
Virgin Islands (U.S.),1991,1.0
Virgin Islands (U.S.),1990,1.0
Virgin Islands (U.S.),1989,1.0
Virgin Islands (U.S.),1988,1.0
Virgin Islands (U.S.),1987,1.0
Virgin Islands (U.S.),1986,1.0
Virgin Islands (U.S.),1985,1.0
Virgin Islands (U.S.),1984,1.0
Virgin Islands (U.S.),1983,1.0
Virgin Islands (U.S.),1982,1.0
Virgin Islands (U.S.),1981,1.0
Virgin Islands (U.S.),1980,1.0
Virgin Islands (U.S.),1979,1.0
Virgin Islands (U.S.),1978,1.0
Virgin Islands (U.S.),1977,1.0
Virgin Islands (U.S.),1976,1.0
Virgin Islands (U.S.),1975,1.0
Virgin Islands (U.S.),1974,1.0
Virgin Islands (U.S.),1973,1.0
Virgin Islands (U.S.),1972,1.0
Virgin Islands (U.S.),1971,1.0
Virgin Islands (U.S.),1970,1.0
Virgin Islands (U.S.),1969,1.0
Virgin Islands (U.S.),1968,1.0
Virgin Islands (U.S.),1967,1.0
Virgin Islands (U.S.),1966,1.0
Virgin Islands (U.S.),1965,1.0
Virgin Islands (U.S.),1964,1.0
Virgin Islands (U.S.),1963,1.0
Virgin Islands (U.S.),1962,1.0
Virgin Islands (U.S.),1961,1.0
Virgin Islands (U.S.),1960,1.0
West Bank and Gaza,2023,
West Bank and Gaza,2022,
West Bank and Gaza,2021,
West Bank and Gaza,2020,
West Bank and Gaza,2019,
West Bank and Gaza,2018,
West Bank and Gaza,2017,
West Bank and Gaza,2016,
West Bank and Gaza,2015,
West Bank and Gaza,2014,
West Bank and Gaza,2013,
West Bank and Gaza,2012,
West Bank and Gaza,2011,
West Bank and Gaza,2010,
West Bank and Gaza,2009,
West Bank and Gaza,2008,
West Bank and Gaza,2007,
West Bank and Gaza,2006,
West Bank and Gaza,2005,
West Bank and Gaza,2004,
West Bank and Gaza,2003,
West Bank and Gaza,2002,
West Bank and Gaza,2001,
West Bank and Gaza,2000,
West Bank and Gaza,1999,
West Bank and Gaza,1998,
West Bank and Gaza,1997,
West Bank and Gaza,1996,
West Bank and Gaza,1995,
West Bank and Gaza,1994,
West Bank and Gaza,1993,
West Bank and Gaza,1992,
West Bank and Gaza,1991,
West Bank and Gaza,1990,
West Bank and Gaza,1989,
West Bank and Gaza,1988,
West Bank and Gaza,1987,
West Bank and Gaza,1986,
West Bank and Gaza,1985,
West Bank and Gaza,1984,
West Bank and Gaza,1983,
West Bank and Gaza,1982,
West Bank and Gaza,1981,
West Bank and Gaza,1980,
West Bank and Gaza,1979,
West Bank and Gaza,1978,
West Bank and Gaza,1977,
West Bank and Gaza,1976,
West Bank and Gaza,1975,
West Bank and Gaza,1974,
West Bank and Gaza,1973,
West Bank and Gaza,1972,
West Bank and Gaza,1971,
West Bank and Gaza,1970,
West Bank and Gaza,1969,
West Bank and Gaza,1968,
West Bank and Gaza,1967,
West Bank and Gaza,1966,
West Bank and Gaza,1965,
West Bank and Gaza,1964,
West Bank and Gaza,1963,
West Bank and Gaza,1962,
West Bank and Gaza,1961,
West Bank and Gaza,1960,
"Yemen, Rep.",2023,1355.11637864823
"Yemen, Rep.",2022,1115.00238710662
"Yemen, Rep.",2021,1028.107754329
"Yemen, Rep.",2020,743.005964356532
"Yemen, Rep.",2019,486.730922939068
"Yemen, Rep.",2018,214.89
"Yemen, Rep.",2017,282.195
"Yemen, Rep.",2016,283.895833333333
"Yemen, Rep.",2015,230.833333333333
"Yemen, Rep.",2014,214.89
"Yemen, Rep.",2013,214.89
"Yemen, Rep.",2012,214.349166666667
"Yemen, Rep.",2011,213.8
"Yemen, Rep.",2010,219.59
"Yemen, Rep.",2009,202.846666666667
"Yemen, Rep.",2008,199.764166666667
"Yemen, Rep.",2007,198.953333333333
"Yemen, Rep.",2006,197.049166666667
"Yemen, Rep.",2005,191.509166666667
"Yemen, Rep.",2004,184.775833333333
"Yemen, Rep.",2003,183.448333333333
"Yemen, Rep.",2002,175.625
"Yemen, Rep.",2001,168.671666666667
"Yemen, Rep.",2000,161.718333333333
"Yemen, Rep.",1999,155.718333333333
"Yemen, Rep.",1998,135.881666666667
"Yemen, Rep.",1997,129.280833333333
"Yemen, Rep.",1996,94.1566667165352
"Yemen, Rep.",1995,40.8391667581349
"Yemen, Rep.",1994,12.0100001707085
"Yemen, Rep.",1993,12.0100001707085
"Yemen, Rep.",1992,12.0100001707085
"Yemen, Rep.",1991,12.0100001707085
"Yemen, Rep.",1990,12.0100611997629
"Yemen, Rep.",1989,
"Yemen, Rep.",1988,
"Yemen, Rep.",1987,
"Yemen, Rep.",1986,
"Yemen, Rep.",1985,
"Yemen, Rep.",1984,
"Yemen, Rep.",1983,
"Yemen, Rep.",1982,
"Yemen, Rep.",1981,
"Yemen, Rep.",1980,
"Yemen, Rep.",1979,
"Yemen, Rep.",1978,
"Yemen, Rep.",1977,
"Yemen, Rep.",1976,
"Yemen, Rep.",1975,
"Yemen, Rep.",1974,
"Yemen, Rep.",1973,
"Yemen, Rep.",1972,
"Yemen, Rep.",1971,
"Yemen, Rep.",1970,
"Yemen, Rep.",1969,
"Yemen, Rep.",1968,
"Yemen, Rep.",1967,
"Yemen, Rep.",1966,
"Yemen, Rep.",1965,
"Yemen, Rep.",1964,
"Yemen, Rep.",1963,
"Yemen, Rep.",1962,
"Yemen, Rep.",1961,
"Yemen, Rep.",1960,
Zambia,2023,20.212017866195
Zambia,2022,16.9375943252989
Zambia,2021,20.0184865859688
Zambia,2020,18.3440926453379
Zambia,2019,12.89
Zambia,2018,10.4583333333333
Zambia,2017,9.5175
Zambia,2016,10.3075
Zambia,2015,8.63166666666667
Zambia,2014,6.15416666666667
Zambia,2013,5.39648333333333
Zambia,2012,5.1475
Zambia,2011,4.86166666666666
Zambia,2010,4.7975
Zambia,2009,5.045
Zambia,2008,3.745
Zambia,2007,4.00166666666667
Zambia,2006,3.60166666666666
Zambia,2005,4.465
Zambia,2004,4.77887538643578
Zambia,2003,4.73327104649872
Zambia,2002,4.398595
Zambia,2001,3.610935
Zambia,2000,3.11084416666667
Zambia,1999,2.38801916666667
Zambia,1998,1.86206916666667
Zambia,1997,1.3144975
Zambia,1996,1.2079
Zambia,1995,0.864119166666667
Zambia,1994,0.669370621666667
Zambia,1993,0.452762666666667
Zambia,1992,0.172213783333333
Zambia,1991,0.0646397083333333
Zambia,1990,0.0302891083333333
Zambia,1989,0.0138136958333333
Zambia,1988,0.008266025
Zambia,1987,0.009519475
Zambia,1986,0.00778844916658333
Zambia,1985,0.00313964166625
Zambia,1984,0.00181318833275
Zambia,1983,0.001259
Zambia,1982,0.00092875
Zambia,1981,0.000869583333333333
Zambia,1980,0.000788666666666667
Zambia,1979,0.000793333333333333
Zambia,1978,0.000800666666666667
Zambia,1977,0.000789727832416667
Zambia,1976,0.000700983833166667
Zambia,1975,0.0006432299995
Zambia,1974,0.000643459999
Zambia,1973,0.000652396665666667
Zambia,1972,0.000714317499
Zambia,1971,0.714285998878894
Zambia,1970,0.714285999714286
Zambia,1969,0.714285999714286
Zambia,1968,0.714285999714286
Zambia,1967,0.714285999714286
Zambia,1966,0.714285999714286
Zambia,1965,0.714285999714286
Zambia,1964,0.714285999714286
Zambia,1963,0.714285999714286
Zambia,1962,0.714285999714286
Zambia,1961,0.714285999714286
Zambia,1960,0.714285999714286
Zimbabwe,2023,3509.17222037558
Zimbabwe,2022,374.954362604663
Zimbabwe,2021,88.5524472597436
Zimbabwe,2020,51.3290131226287
Zimbabwe,2019,
Zimbabwe,2018,
Zimbabwe,2017,
Zimbabwe,2016,
Zimbabwe,2015,
Zimbabwe,2014,
Zimbabwe,2013,
Zimbabwe,2012,
Zimbabwe,2011,
Zimbabwe,2010,
Zimbabwe,2009,
Zimbabwe,2008,6723052073.33811
Zimbabwe,2007,9686.77166954175
Zimbabwe,2006,164.547356500646
Zimbabwe,2005,22.3890396048255
Zimbabwe,2004,5.07441941463195
Zimbabwe,2003,0.698216071305723
Zimbabwe,2002,0.0550982905810338
Zimbabwe,2001,0.0551146597125865
Zimbabwe,2000,0.04446837641743
Zimbabwe,1999,0.0383447102054205
Zimbabwe,1998,0.0237060128381228
Zimbabwe,1997,0.0121250465891802
Zimbabwe,1996,0.0100137132167889
Zimbabwe,1995,0.00867521932931324
Zimbabwe,1994,0.00816079905951288
Zimbabwe,1993,0.00649049409958792
Zimbabwe,1992,0.0051042665511595
Zimbabwe,1991,0.00362548865723677
Zimbabwe,1990,0.00245451835023142
Zimbabwe,1989,0.00212134031008689
Zimbabwe,1988,0.00180773447752897
Zimbabwe,1987,0.00166346244607316
Zimbabwe,1986,0.00166847646847888
Zimbabwe,1985,0.00161551637711188
Zimbabwe,1984,0.00125893678408442
Zimbabwe,1983,0.00101423413220455
Zimbabwe,1982,0.000759945603885814
Zimbabwe,1981,0.000690975680561624
Zimbabwe,1980,0.00064529051059389
Zimbabwe,1979,0.000680497124411246
Zimbabwe,1978,0.000674824020762951
Zimbabwe,1977,0.000629063765599872
Zimbabwe,1976,0.000626077043385034
Zimbabwe,1975,0.000570764282814166
Zimbabwe,1974,0.000583578822819724
Zimbabwe,1973,0.00058571488122452
Zimbabwe,1972,0.000657831742046985
Zimbabwe,1971,0.000712195429952427
Zimbabwe,1970,0.000714286000714286
Zimbabwe,1969,0.000714286000714286
Zimbabwe,1968,0.000714286000714286
Zimbabwe,1967,0.000714286000714286
Zimbabwe,1966,0.000714286000714286
Zimbabwe,1965,0.000714286000714286
Zimbabwe,1964,0.000714286000714286
Zimbabwe,1963,0.000714286000714286
Zimbabwe,1962,0.000714286000714286
Zimbabwe,1961,0.000714286000714286
Zimbabwe,1960,0.000714286000714286
